Location,Year,Distance,Stroke,Relay?,Gender,Team,Athlete,Results,Rank,Experience,Previous_Best,Previous_Average
Paris,1924,100.0,Freestyle,0,Men,HUN,A. Turnovsky,,0,0.0,,
Tokyo,1964,100.0,Butterfly,0,Women,NED,Aagje Ada Kok,65.599999,2,0.0,,
City,1968,100.0,Butterfly,0,Women,NED,Aagje Ada Kok,66.2,3,1.0,65.599999,65.599999
City,1968,200.0,Butterfly,0,Women,NED,Aagje Ada Kok,144.7,1,0.0,,
Stockholm,1912,100.0,Freestyle,0,Women,NOR,Aagot Normann,,0,0.0,,
Athens,2004,100.0,Backstroke,0,Men,USA,Aaron Peirsol,54.06,1,0.0,,
Beijing,2008,100.0,Backstroke,0,Men,USA,Aaron Peirsol,52.54,1,1.0,54.06,54.06
Sydney,2000,200.0,Backstroke,0,Men,USA,Aaron Peirsol,117.35,2,0.0,,
Athens,2004,200.0,Backstroke,0,Men,USA,Aaron Peirsol,114.95,1,1.0,117.35,117.35
Beijing,2008,200.0,Backstroke,0,Men,USA,Aaron Peirsol,114.33,2,2.0,114.95,116.15
Rome,1960,100.0,Butterfly,0,Women,NED,Aartje Johanna Voorbij,73.3,4,0.0,,
Tokyo,2020,50.0,Freestyle,0,Women,USA,Abbey Weitzeil,24.41,4,0.0,,
Rio,2016,100.0,Freestyle,0,Women,USA,Abbey Weitzeil,53.3,4,0.0,,
Tokyo,2020,100.0,Freestyle,0,Women,USA,Abbey Weitzeil,53.23,4,1.0,53.3,53.3
Tokyo,2020,200.0,Breaststroke,0,Women,GBR,Abbie Wood,143.72,4,0.0,,
Tokyo,2020,200.0,Individual medley,0,Women,GBR,Abbie Wood,129.15,4,0.0,,
Rio,2016,100.0,Breaststroke,0,Men,GBR,Adam Peaty,57.13,1,0.0,,
Tokyo,2020,100.0,Breaststroke,0,Men,GBR,Adam Peaty,57.37,1,1.0,57.13,57.13
Tokyo,2020,200.0,Backstroke,0,Men,HUN,Adam Telegdy,116.15,4,0.0,,
Rome,1960,200.0,Breaststroke,0,Women,NED,Adelaide Henriette (Ada) Den Haan,174.4,4,0.0,,
Berlin,1936,100.0,Backstroke,0,Men,USA,Adolph Gustav Kiefer,65.9,1,0.0,,
Angeles,1984,100.0,Breaststroke,0,Men,GBR,Adrian David Moorhouse,63.25,4,0.0,,
Seoul,1988,100.0,Breaststroke,0,Men,GBR,Adrian David Moorhouse,62.04,1,1.0,63.25,63.25
Barcelona,1992,100.0,Breaststroke,0,Men,GBR,Adrian David Moorhouse,62.33,4,2.0,62.04,62.644999999999996
London,1948,200.0,Breaststroke,0,Women,NED,Adriana Elisabeth De Groot,186.2,4,0.0,,
Paris,1924,200.0,Breaststroke,0,Women,USA,Agnes Geraghty,214.0,2,0.0,,
Munich,1972,100.0,Breaststroke,0,Women,HUN,Agnes Kaczander-Kiss,76.26,4,0.0,,
Munich,1972,200.0,Breaststroke,0,Women,HUN,Agnes Kaczander-Kiss,163.41,4,0.0,,
Atlanta,1996,100.0,Breaststroke,0,Women,HUN,Agnes Kovacs,69.55,4,0.0,,
Sydney,2000,100.0,Breaststroke,0,Women,HUN,Agnes Kovacs,68.09,4,1.0,69.55,69.55
Atlanta,1996,200.0,Breaststroke,0,Women,HUN,Agnes Kovacs,146.57,3,0.0,,
Sydney,2000,200.0,Breaststroke,0,Women,HUN,Agnes Kovacs,144.35,1,1.0,146.57,146.57
Athens,2004,200.0,Breaststroke,0,Women,HUN,Agnes Kovacs,146.12,4,2.0,144.35,145.45999999999998
Athens,2004,200.0,Individual medley,0,Women,HUN,Agnes Kovacs,133.58,4,0.0,,
Moscow,1980,100.0,Freestyle,0,Women,SWE,Agneta Eriksson,57.9,4,0.0,,
Moscow,1980,100.0,Butterfly,0,Women,SWE,Agneta Märtensson,62.61,4,0.0,,
Moscow,1980,200.0,Butterfly,0,Women,SWE,Agneta Märtensson,135.22,4,0.0,,
Moscow,1980,400.0,Individual medley,0,Women,POL,Agnieszka Czopek,288.17,3,0.0,,
Tokyo,2020,400.0,Freestyle,0,Men,TUN,Ahmed Hafnaoui,223.36,1,0.0,,
London,1948,200.0,Breaststroke,0,Men,EGY,Ahmed Kandil,167.5,4,0.0,,
Athens,2004,400.0,Freestyle,0,Women,JPN,Ai Shibata,247.51,4,0.0,,
Athens,2004,800.0,Freestyle,0,Women,JPN,Ai Shibata,504.54,1,0.0,,
Paris,1924,100.0,Backstroke,0,Women,USA,Aileen Riggin,88.2,3,0.0,,
Rio,2016,400.0,Individual medley,0,Women,GBR,Aimee Willmott,275.04,4,0.0,,
Paris,1924,400.0,Freestyle,0,Men,SWE,Ake Borg,326.0,4,0.0,,
Barcelona,1992,100.0,Breaststroke,0,Men,JPN,Akira Hayashi,61.86,4,0.0,,
Barcelona,1992,200.0,Breaststroke,0,Men,JPN,Akira Hayashi,135.11,4,0.0,,
Berlin,1936,100.0,Backstroke,0,Men,USA,Al Vande Weghe,67.7,2,0.0,,
Paris,1924,100.0,Backstroke,0,Men,HUN,Aladár Bitskey,,0,0.0,,
Beijing,2008,50.0,Freestyle,0,Men,FRA,Alain Bernard,21.49,3,0.0,,
Beijing,2008,100.0,Freestyle,0,Men,FRA,Alain Bernard,47.21,1,0.0,,
Tokyo,1964,100.0,Freestyle,0,Men,FRA,Alain Gottvalles,54.2,4,0.0,,
City,1968,200.0,Freestyle,0,Men,FRA,Alain Mosconi,119.1,4,0.0,,
City,1968,400.0,Freestyle,0,Men,FRA,Alain Mosconi,253.3,3,0.0,,
Rome,1960,400.0,Freestyle,0,Men,USA,Alan Brounell Somers,262.0,4,0.0,,
Rome,1960,1500.0,Freestyle,0,Men,USA,Alan Brounell Somers,1082.8,4,0.0,,
London,1948,100.0,Freestyle,0,Men,USA,Alan Robert Ford,57.8,3,0.0,,
Moscow,1980,200.0,Breaststroke,0,Men,HUN,Alban Vermes,136.93,2,0.0,,
London,1948,100.0,Backstroke,0,Men,GBR,Albert David Kinnear,69.6,4,0.0,,
Melbourne,1956,100.0,Backstroke,0,Men,USA,Albert Marcus Jr. Wiggins,65.8,4,0.0,,
Angeles,1932,100.0,Freestyle,0,Men,USA,Albert Schwartz,58.8,3,0.0,,
Angeles,1984,100.0,Freestyle,0,Men,VEN,Alberto Eugenio Mestre Sosa,50.7,4,0.0,,
Angeles,1984,200.0,Freestyle,0,Men,VEN,Alberto Eugenio Mestre Sosa,110.229999,4,0.0,,
City,1968,100.0,Breaststroke,0,Men,ARG,Alberto Forelli Lopez,68.7,4,0.0,,
Tokyo,2020,400.0,Individual medley,0,Men,ITA,Alberto Razzetti,251.32,4,0.0,,
Amsterdam,1928,100.0,Freestyle,0,Men,ARG,Alberto Zorrilla,61.6,4,0.0,,
Angeles,1932,100.0,Freestyle,0,Men,ARG,Alberto Zorrilla,,0,1.0,61.6,61.6
Amsterdam,1928,400.0,Freestyle,0,Men,ARG,Alberto Zorrilla,301.6,1,0.0,,
Angeles,1932,400.0,Freestyle,0,Men,ARG,Alberto Zorrilla,,0,1.0,301.6,301.6
Amsterdam,1928,1500.0,Freestyle,0,Men,ARG,Alberto Zorrilla,1283.8,4,0.0,,
Amsterdam,1928,100.0,Freestyle,0,Women,USA,Albina Lucy Osipowich,71.0,1,0.0,,
Helsinki,1952,100.0,Freestyle,0,Men,FRA,Aldo Eminente,58.7,4,0.0,,
Melbourne,1956,100.0,Freestyle,0,Men,FRA,Aldo Eminente,58.1,4,1.0,58.7,58.7
Moscow,1980,1500.0,Freestyle,0,Men,URS,Aleksandr Chaev,914.3,2,0.0,,
Moscow,1980,100.0,Breaststroke,0,Men,URS,Aleksandr Fedorovski,64.0,4,0.0,,
Rio,2016,200.0,Freestyle,0,Men,RUS,Aleksandr Krasnykh,105.91,4,0.0,,
Rio,2016,100.0,Butterfly,0,Men,RUS,Aleksandr Sadovnikov,51.84,4,0.0,,
Moscow,1980,400.0,Individual medley,0,Men,URS,Aleksandr Sidorenko,262.89,1,0.0,,
Tokyo,1964,200.0,Breaststroke,0,Men,URS,Aleksandr Tutakaev,151.0,4,0.0,,
Atlanta,1996,1500.0,Freestyle,0,Men,RUS,Aleksey Akatyev,921.68,4,0.0,,
Moscow,1980,100.0,Butterfly,0,Men,URS,Aleksey Markovsky,55.7,4,0.0,,
Athens,2004,100.0,Butterfly,0,Women,BLR,Alena Popchanka,59.06,4,0.0,,
Athens,2004,100.0,Freestyle,0,Women,BLR,Alena Popchanka,55.24,4,0.0,,
Tokyo,2020,100.0,Freestyle,0,Men,ITA,Alessandro Miressi,47.86,4,0.0,,
Beijing,2008,400.0,Individual medley,0,Women,ITA,Alessia Filippi,274.34,4,0.0,,
Beijing,2008,800.0,Freestyle,0,Women,ITA,Alessia Filippi,500.23,2,0.0,,
Sydney,2000,400.0,Individual medley,0,Men,ITA,Alessio Boggiatto,255.93,4,0.0,,
Athens,2004,400.0,Individual medley,0,Men,ITA,Alessio Boggiatto,252.28,4,1.0,255.93,255.93
Beijing,2008,400.0,Individual medley,0,Men,ITA,Alessio Boggiatto,252.16,4,2.0,252.28,254.10500000000002
Tokyo,2020,200.0,Individual medley,0,Women,USA,Alex Walsh,128.65,2,0.0,,
Angeles,1984,200.0,Individual medley,0,Men,CAN,Alexander Baumann,121.42,1,0.0,,
Angeles,1984,400.0,Individual medley,0,Men,CAN,Alexander Baumann,257.41,1,0.0,,
Beijing,2008,100.0,Breaststroke,0,Men,NOR,Alexander Dale Oen,59.2,4,0.0,,
Barcelona,1992,50.0,Freestyle,0,Men,EUN,Alexander Popov,21.91,1,0.0,,
Atlanta,1996,50.0,Freestyle,0,Men,RUS,Alexander Popov,22.13,1,1.0,21.91,21.91
Sydney,2000,50.0,Freestyle,0,Men,RUS,Alexander Popov,22.24,4,2.0,21.91,22.02
Barcelona,1992,100.0,Freestyle,0,Men,EUN,Alexander Popov,49.02,1,0.0,,
Atlanta,1996,100.0,Freestyle,0,Men,RUS,Alexander Popov,48.74,1,1.0,49.02,49.02
Sydney,2000,100.0,Freestyle,0,Men,RUS,Alexander Popov,48.69,2,2.0,48.74,48.88
Munich,1972,200.0,Backstroke,0,Men,USA,Alexander Timothy Mckee,127.29,4,0.0,,
Munich,1972,200.0,Individual medley,0,Men,USA,Alexander Timothy Mckee,128.37,2,0.0,,
Munich,1972,400.0,Individual medley,0,Men,USA,Alexander Timothy Mckee,271.98,1,0.0,,
Montreal,1976,400.0,Individual medley,0,Men,USA,Alexander Timothy Mckee,264.62,2,1.0,271.98,271.98
City,1968,100.0,Freestyle,0,Women,GBR,Alexandra Elizabeth Jackson,61.0,4,0.0,,
Munich,1972,100.0,Freestyle,0,Women,USA,Alexandra Lynn Neilson,58.59,3,0.0,,
London,1948,100.0,Freestyle,0,Men,FRA,Alexandre Jany,58.3,4,0.0,,
London,1948,400.0,Freestyle,0,Men,FRA,Alexandre Jany,291.4,4,0.0,,
Angeles,1984,200.0,Breaststroke,0,Men,POR,Alexandre Yokochi,140.69,4,0.0,,
Melbourne,1956,200.0,Butterfly,0,Men,ROU,Alexandru Popescu,151.0,4,0.0,,
Sydney,2000,1500.0,Freestyle,0,Men,RUS,Alexei Filipets,896.88,4,0.0,,
London,2012,200.0,Backstroke,0,Women,FRA,Alexianne Castel,128.43,4,0.0,,
London,2012,100.0,Breaststroke,0,Women,JAM,Alia Atkinson,66.93,4,0.0,,
Rio,2016,100.0,Breaststroke,0,Women,JAM,Alia Atkinson,68.099999,4,1.0,66.93,66.93
Beijing,2008,50.0,Freestyle,0,Women,BLR,Aliaksandra Herasimenia,24.77,4,0.0,,
London,2012,50.0,Freestyle,0,Women,BLR,Aliaksandra Herasimenia,24.28,2,1.0,24.77,24.77
Rio,2016,50.0,Freestyle,0,Women,BLR,Aliaksandra Herasimenia,24.11,3,2.0,24.28,24.525
London,2012,100.0,Freestyle,0,Women,BLR,Aliaksandra Herasimenia,53.38,2,0.0,,
Berlin,1936,100.0,Backstroke,0,Women,USA,Alice W. Bridges,79.4,3,0.0,,
London,2012,100.0,Butterfly,0,Women,AUS,Alicia Coutts,56.94,3,0.0,,
Beijing,2008,200.0,Individual medley,0,Women,AUS,Alicia Coutts,131.43,4,0.0,,
London,2012,200.0,Individual medley,0,Women,AUS,Alicia Coutts,128.15,2,1.0,131.43,131.43
Rio,2016,200.0,Individual medley,0,Women,AUS,Alicia Coutts,130.88,4,2.0,128.15,129.79000000000002
Tokyo,2020,200.0,Individual medley,0,Women,GBR,Alicia Wilson,132.86,4,0.0,,
Barcelona,1992,200.0,Breaststroke,0,Women,POL,Alicja Peczak,151.76,4,0.0,,
Paris,1924,100.0,Freestyle,0,Women,NED,Alida Cornelia Bolten,,0,0.0,,
Sydney,2000,50.0,Freestyle,0,Women,GBR,Alison Sheppard,25.45,4,0.0,,
City,1968,200.0,Breaststroke,0,Women,URS,Alla Grebennikova,167.1,4,0.0,,
Moscow,1980,200.0,Butterfly,0,Women,URS,Alla Grishchenkova,135.699999,4,0.0,,
Tokyo,1964,400.0,Freestyle,0,Men,AUS,Allan Wood,255.1,3,0.0,,
Tokyo,1964,1500.0,Freestyle,0,Men,AUS,Allan Wood,1027.7,3,0.0,,
London,1948,100.0,Backstroke,0,Men,USA,Allen Mcintyre Stack,66.4,1,0.0,,
Helsinki,1952,100.0,Backstroke,0,Men,USA,Allen Mcintyre Stack,67.599999,4,1.0,66.4,66.4
Seoul,1988,100.0,Breaststroke,0,Women,CAN,Allison Ann Higson,68.86,4,0.0,,
Seoul,1988,200.0,Breaststroke,0,Women,CAN,Allison Ann Higson,149.6,4,0.0,,
London,2012,200.0,Freestyle,0,Women,USA,Allison Schmitt,113.61,1,0.0,,
London,2012,400.0,Freestyle,0,Women,USA,Allison Schmitt,241.77,2,0.0,,
Atlanta,1996,200.0,Individual medley,0,Women,USA,Allison Wagner,136.43,4,0.0,,
Atlanta,1996,400.0,Individual medley,0,Women,USA,Allison Wagner,282.03,2,0.0,,
Stockholm,1912,100.0,Freestyle,0,Men,HUN,Alois Ferenc Kenyery,,0,0.0,,
Tokyo,2020,200.0,Butterfly,0,Women,GBR,Alys Margaret Thomas,127.9,4,0.0,,
Sydney,2000,200.0,Backstroke,0,Women,USA,Amanda Adkins,132.35,4,0.0,,
Atlanta,1996,100.0,Breaststroke,0,Women,USA,Amanda Beard,68.09,2,0.0,,
Athens,2004,100.0,Breaststroke,0,Women,USA,Amanda Beard,67.44,4,1.0,68.09,68.09
Atlanta,1996,200.0,Breaststroke,0,Women,USA,Amanda Beard,145.75,2,0.0,,
Sydney,2000,200.0,Breaststroke,0,Women,USA,Amanda Beard,145.35,3,1.0,145.75,145.75
Athens,2004,200.0,Breaststroke,0,Women,USA,Amanda Beard,143.37,1,2.0,145.35,145.55
Athens,2004,200.0,Individual medley,0,Women,USA,Amanda Beard,131.699999,2,0.0,,
Beijing,2008,50.0,Freestyle,0,Men,FRA,Amaury Leveaux,21.45,2,0.0,,
Angeles,1984,100.0,Freestyle,0,Men,USA,Ambrose Iv Gaines,49.8,1,0.0,,
Angeles,1984,200.0,Backstroke,0,Women,USA,Amy Lee White,133.039999,2,0.0,,
Atlanta,1996,50.0,Freestyle,0,Women,USA,Amy Van Dyken,24.87,1,0.0,,
Sydney,2000,50.0,Freestyle,0,Women,USA,Amy Van Dyken,25.04,4,1.0,24.87,24.87
Atlanta,1996,100.0,Butterfly,0,Women,USA,Amy Van Dyken,59.13,4,0.0,,
Atlanta,1996,100.0,Freestyle,0,Women,USA,Amy Van Dyken,55.11,4,0.0,,
Helsinki,1952,400.0,Freestyle,0,Women,ARG,Ana Maria Schultz,324.0,4,0.0,,
City,1968,100.0,Breaststroke,0,Women,URU,Ana-Maria Norbis,77.3,4,0.0,,
City,1968,200.0,Breaststroke,0,Women,URU,Ana-Maria Norbis,171.9,4,0.0,,
Beijing,2008,100.0,Backstroke,0,Women,RUS,Anastasia Zueva,59.4,4,0.0,,
London,2012,100.0,Backstroke,0,Women,RUS,Anastasia Zueva,59.0,4,1.0,59.4,59.4
Beijing,2008,200.0,Backstroke,0,Women,RUS,Anastasia Zueva,127.88,4,0.0,,
London,2012,200.0,Backstroke,0,Women,RUS,Anastasia Zueva,125.92,2,1.0,127.88,127.88
Tokyo,2020,800.0,Freestyle,0,Women,ROC,Anastasiia Kirpichnikova,506.3,4,0.0,,
Tokyo,2020,1500.0,Freestyle,0,Women,ROC,Anastasiia Kirpichnikova,960.38,4,0.0,,
Tokyo,2020,100.0,Butterfly,0,Women,BLR,Anastasiya Shkurdai,57.05,4,0.0,,
Tokyo,2020,100.0,Backstroke,0,Women,ISR,Anastasya Gorbenko,59.53,4,0.0,,
Sydney,2000,100.0,Butterfly,0,Men,RUS,Anatoly Polyakov,53.13,4,0.0,,
Sydney,2000,200.0,Butterfly,0,Men,RUS,Anatoly Polyakov,116.34,4,0.0,,
Seoul,1988,200.0,Freestyle,0,Men,SWE,Anders Holmertz,107.89,2,0.0,,
Barcelona,1992,200.0,Freestyle,0,Men,SWE,Anders Holmertz,106.86,2,1.0,107.89,107.89
Atlanta,1996,200.0,Freestyle,0,Men,SWE,Anders Holmertz,108.42,4,2.0,106.86,107.375
Seoul,1988,400.0,Freestyle,0,Men,SWE,Anders Holmertz,231.04,4,0.0,,
Barcelona,1992,400.0,Freestyle,0,Men,SWE,Anders Holmertz,226.77,3,1.0,231.04,231.04
Atlanta,1996,400.0,Freestyle,0,Men,SWE,Anders Holmertz,230.68,4,2.0,226.77,228.905
Munich,1972,200.0,Butterfly,0,Men,HUN,Andras Hargitay,124.69,4,0.0,,
Munich,1972,200.0,Individual medley,0,Men,HUN,Andras Hargitay,129.66,4,0.0,,
Munich,1972,400.0,Individual medley,0,Men,HUN,Andras Hargitay,272.7,3,0.0,,
Montreal,1976,400.0,Individual medley,0,Men,HUN,Andras Hargitay,267.13,4,1.0,272.7,272.7
Moscow,1980,400.0,Individual medley,0,Men,HUN,Andras Hargitay,264.48,4,2.0,267.13,269.91499999999996
Munich,1972,100.0,Freestyle,0,Women,GDR,Andrea Eife,59.91,4,0.0,,
Munich,1972,200.0,Freestyle,0,Women,GDR,Andrea Eife,126.27,4,0.0,,
City,1968,100.0,Backstroke,0,Women,HUN,Andrea Gyarmati,69.1,4,0.0,,
Munich,1972,100.0,Backstroke,0,Women,HUN,Andrea Gyarmati,66.26,2,1.0,69.1,69.1
City,1968,100.0,Butterfly,0,Women,HUN,Andrea Gyarmati,66.8,4,0.0,,
Munich,1972,100.0,Butterfly,0,Women,HUN,Andrea Gyarmati,63.73,3,1.0,66.8,66.8
Seoul,1988,200.0,Backstroke,0,Women,USA,Andrea Jean Hayes,135.02,4,0.0,,
Montreal,1976,100.0,Butterfly,0,Women,GDR,Andrea Pollack,60.98,2,0.0,,
Moscow,1980,100.0,Butterfly,0,Women,GDR,Andrea Pollack,60.9,2,1.0,60.98,60.98
Montreal,1976,200.0,Butterfly,0,Women,GDR,Andrea Pollack,131.41,1,0.0,,
Moscow,1980,200.0,Butterfly,0,Women,GDR,Andrea Pollack,132.13,4,1.0,131.41,131.41
Paris,1924,400.0,Freestyle,0,Men,GRE,Andreas Assimakopoulos,,0,0.0,,
Angeles,1984,100.0,Butterfly,0,Men,FRG,Andreas Behrend,54.95,4,0.0,,
Montreal,1976,200.0,Freestyle,0,Men,URS,Andrei Bogdanov,113.33,4,0.0,,
Montreal,1976,100.0,Freestyle,0,Men,URS,Andrei Krylov,52.15,4,0.0,,
Montreal,1976,200.0,Freestyle,0,Men,URS,Andrei Krylov,110.729999,4,0.0,,
Moscow,1980,200.0,Freestyle,0,Men,URS,Andrei Krylov,110.759999,2,1.0,110.729999,110.729999
Moscow,1980,400.0,Freestyle,0,Men,URS,Andrei Krylov,233.24,2,0.0,,
Tokyo,2020,100.0,Butterfly,0,Men,ROC,Andrei Minakov,50.88,4,0.0,,
Montreal,1976,400.0,Individual medley,0,Men,URS,Andrei Smirnov,266.899999,3,0.0,,
London,2012,800.0,Freestyle,0,Women,VEN,Andreina Pinto,509.28,4,0.0,,
Angeles,1984,100.0,Butterfly,0,Men,GBR,Andrew David Jameson,54.28,4,0.0,,
Seoul,1988,100.0,Butterfly,0,Men,GBR,Andrew David Jameson,53.3,3,1.0,54.28,54.28
Seoul,1988,50.0,Freestyle,0,Men,AUS,Andrew James Baildon,23.15,4,0.0,,
Seoul,1988,100.0,Freestyle,0,Men,AUS,Andrew James Baildon,50.23,4,0.0,,
Beijing,2008,100.0,Butterfly,0,Men,AUS,Andrew Lauterstein,51.12,3,0.0,,
Paris,1924,400.0,Freestyle,0,Men,AUS,Andrew Murray Charlton,306.6,3,0.0,,
Amsterdam,1928,400.0,Freestyle,0,Men,AUS,Andrew Murray Charlton,303.6,2,1.0,306.6,306.6
Angeles,1932,400.0,Freestyle,0,Men,AUS,Andrew Murray Charlton,298.6,4,2.0,303.6,305.1
Paris,1924,1500.0,Freestyle,0,Men,AUS,Andrew Murray Charlton,1206.6,1,0.0,,
Amsterdam,1928,1500.0,Freestyle,0,Men,AUS,Andrew Murray Charlton,1202.6,2,1.0,1206.6,1206.6
Angeles,1984,200.0,Individual medley,0,Men,JAM,Andrew Phillips,125.6,4,0.0,,
Montreal,1976,400.0,Individual medley,0,Men,CAN,Andrew Ritchie,269.87,4,0.0,,
London,2012,200.0,Breaststroke,0,Men,GBR,Andrew Willis,129.44,4,0.0,,
Rio,2016,200.0,Breaststroke,0,Men,GBR,Andrew Willis,127.78,4,1.0,129.44,129.44
Rio,2016,200.0,Breaststroke,0,Men,GBR,Andrew Willis,127.78,4,2.0,127.78,128.61
Tokyo,2020,100.0,Breaststroke,0,Men,USA,Andrew Wilson,58.99,4,0.0,,
City,1968,400.0,Individual medley,0,Men,URS,Andrey Dunayev,300.3,4,0.0,,
Athens,2004,100.0,Freestyle,0,Men,RUS,Andrey Kapralov,49.3,4,0.0,,
Atlanta,1996,200.0,Breaststroke,0,Men,RUS,Andrey Korneyev,133.169999,3,0.0,,
Rio,2016,50.0,Freestyle,0,Men,UKR,Andriy Hovorov,21.74,4,0.0,,
Athens,2004,100.0,Butterfly,0,Men,UKR,Andriy Serdinov,51.36,3,0.0,,
Beijing,2008,100.0,Butterfly,0,Men,UKR,Andriy Serdinov,51.59,4,1.0,51.36,51.36
Rome,1960,200.0,Breaststroke,0,Men,POL,Andrzej Klopotowski,161.2,4,0.0,,
Stockholm,1912,100.0,Backstroke,0,Men,HUN,András Baronyi,85.2,4,0.0,,
Angeles,1984,100.0,Backstroke,0,Women,ROU,Aneta Patrascoiu,63.29,4,0.0,,
Angeles,1984,200.0,Backstroke,0,Women,ROU,Aneta Patrascoiu,133.289999,3,0.0,,
Seoul,1988,200.0,Individual medley,0,Women,ROU,Aneta Patrascoiu,136.699999,4,0.0,,
Barcelona,1992,50.0,Freestyle,0,Women,USA,Angel Martino,25.23,3,0.0,,
Atlanta,1996,50.0,Freestyle,0,Women,USA,Angel Martino,25.31,4,1.0,25.23,25.23
Atlanta,1996,100.0,Butterfly,0,Women,USA,Angel Martino,59.23,4,0.0,,
Atlanta,1996,100.0,Freestyle,0,Women,USA,Angel Martino,54.93,3,0.0,,
City,1968,400.0,Freestyle,0,Women,CAN,Angela Coughlaw,291.9,4,0.0,,
City,1968,800.0,Freestyle,0,Women,CAN,Angela Coughlaw,596.4,4,0.0,,
Helsinki,1952,100.0,Freestyle,0,Women,GBR,Angela Mary Barnwell,68.599999,4,0.0,,
Angeles,1984,100.0,Freestyle,0,Women,AUS,Angela Russell,58.09,4,0.0,,
Melbourne,1956,400.0,Freestyle,0,Men,ITA,Angelo Romani,281.7,4,0.0,,
Barcelona,1992,200.0,Butterfly,0,Women,USA,Angie Wester Krieg,131.46,4,0.0,,
Rome,1960,200.0,Breaststroke,0,Women,GBR,Anita Lonsbrough,169.5,1,0.0,,
Tokyo,1964,400.0,Individual medley,0,Women,GBR,Anita Lonsbrough,330.5,4,0.0,,
Barcelona,1992,100.0,Breaststroke,0,Women,USA,Anita Nall,68.17,2,0.0,,
Barcelona,1992,200.0,Breaststroke,0,Women,USA,Anita Nall,146.88,3,0.0,,
Seoul,1988,400.0,Freestyle,0,Women,GDR,Anke Möhring,246.62,3,0.0,,
Seoul,1988,800.0,Freestyle,0,Women,GDR,Anke Möhring,503.09,4,0.0,,
Atlanta,1996,200.0,Backstroke,0,Women,GER,Anke Scholz,132.9,4,0.0,,
London,1948,100.0,Freestyle,0,Women,USA,Ann Elisabeth Curtis,66.5,2,0.0,,
London,1948,400.0,Freestyle,0,Women,USA,Ann Elisabeth Curtis,317.8,1,0.0,,
Moscow,1980,100.0,Butterfly,0,Women,GBR,Ann Osgerby,62.21,4,0.0,,
Moscow,1980,200.0,Butterfly,0,Women,GBR,Ann Osgerby,134.83,4,0.0,,
Munich,1972,800.0,Freestyle,0,Women,USA,Ann Simmons,537.62,4,0.0,,
Tokyo,1964,400.0,Freestyle,0,Women,SWE,Ann-Charlotte Lilja,293.0,4,0.0,,
Tokyo,1964,100.0,Freestyle,0,Women,SWE,Ann-Christine Hagberg,62.5,4,0.0,,
Tokyo,2020,100.0,Freestyle,0,Women,GBR,Anna Hopkin,52.83,4,0.0,,
Barcelona,1992,200.0,Backstroke,0,Women,NZL,Anna Katrina Simcic,131.99,4,0.0,,
Atlanta,1996,200.0,Backstroke,0,Women,NZL,Anna Katrina Simcic,134.039999,4,1.0,131.99,131.99
Rome,1960,200.0,Breaststroke,0,Women,USA,Anna Kindel Warner,175.4,4,0.0,,
Angeles,1984,200.0,Freestyle,0,Women,AUS,Anna Mcvann,122.87,4,0.0,,
Angeles,1984,400.0,Freestyle,0,Women,AUS,Anna Mcvann,253.95,4,0.0,,
Angeles,1984,800.0,Freestyle,0,Women,AUS,Anna Mcvann,517.94,4,0.0,,
Beijing,2008,200.0,Breaststroke,0,Women,CAN,Annamay Pierse,143.77,4,0.0,,
Angeles,1932,200.0,Breaststroke,0,Women,USA,Anne B. Govednik,196.0,4,0.0,,
Angeles,1984,100.0,Breaststroke,0,Women,CAN,Anne Ottenbrite,70.69,2,0.0,,
Angeles,1984,200.0,Breaststroke,0,Women,CAN,Anne Ottenbrite,150.38,1,0.0,,
Athens,2004,200.0,Breaststroke,0,Women,GER,Anne Poleska,145.82,3,0.0,,
Munich,1972,200.0,Backstroke,0,Women,FRG,Annegret Kober,143.35,4,0.0,,
Montreal,1976,200.0,Freestyle,0,Women,NED,Annelies Maas,122.56,4,0.0,,
Montreal,1976,400.0,Freestyle,0,Women,NED,Annelies Maas,257.44,4,0.0,,
Moscow,1980,400.0,Freestyle,0,Women,NED,Annelies Maas,255.79,4,1.0,257.44,257.44
Angeles,1984,100.0,Butterfly,0,Women,NED,Annemarie Verstappen,61.56,3,0.0,,
Angeles,1984,100.0,Freestyle,0,Women,NED,Annemarie Verstappen,56.08,3,0.0,,
Angeles,1984,200.0,Freestyle,0,Women,NED,Annemarie Verstappen,119.69,3,0.0,,
Seoul,1988,100.0,Breaststroke,0,Women,GDR,Annett Rex,70.67,4,0.0,,
Tokyo,2020,200.0,Breaststroke,0,Women,USA,Annie Lazor,140.84,3,0.0,,
Stockholm,1912,100.0,Freestyle,0,Women,GBR,Annie Speirs,87.4,4,0.0,,
Seoul,1988,100.0,Butterfly,0,Men,SUR,Anthony Conrad Nesty,53.0,1,0.0,,
Barcelona,1992,100.0,Butterfly,0,Men,SUR,Anthony Conrad Nesty,53.41,3,1.0,53.0,53.0
Seoul,1988,200.0,Butterfly,0,Men,SUR,Anthony Conrad Nesty,120.8,4,0.0,,
Sydney,2000,50.0,Freestyle,0,Men,USA,Anthony Ervin,21.98,1,0.0,,
London,2012,50.0,Freestyle,0,Men,USA,Anthony Ervin,21.78,4,1.0,21.98,21.98
Rio,2016,50.0,Freestyle,0,Men,USA,Anthony Ervin,21.4,1,2.0,21.78,21.880000000000003
Angeles,1984,100.0,Butterfly,0,Men,NZL,Anthony Mosse,54.93,4,0.0,,
Angeles,1984,200.0,Butterfly,0,Men,NZL,Anthony Mosse,118.75,4,0.0,,
Seoul,1988,200.0,Butterfly,0,Men,NZL,Anthony Mosse,118.28,3,1.0,118.75,118.75
Atlanta,1996,100.0,Backstroke,0,Women,GER,Antje Buschschulte,62.52,4,0.0,,
Athens,2004,100.0,Backstroke,0,Women,GER,Antje Buschschulte,61.39,4,1.0,62.52,62.52
Sydney,2000,200.0,Backstroke,0,Women,GER,Antje Buschschulte,133.31,4,0.0,,
Athens,2004,200.0,Backstroke,0,Women,GER,Antje Buschschulte,129.88,3,1.0,133.31,133.31
Montreal,1976,100.0,Backstroke,0,Women,GDR,Antje Stille,65.3,4,0.0,,
Montreal,1976,200.0,Backstroke,0,Women,GDR,Antje Stille,137.55,4,0.0,,
Seoul,1988,100.0,Breaststroke,0,Women,BUL,Antoaneta Frenkeva,68.74,2,0.0,,
Seoul,1988,200.0,Breaststroke,0,Women,BUL,Antoaneta Frenkeva,148.34,3,0.0,,
Seoul,1988,800.0,Freestyle,0,Women,BUL,Antoaneta Strumenlieva,521.049999,4,0.0,,
Rio,2016,200.0,Breaststroke,0,Men,RUS,Anton Chupkov,127.7,3,0.0,,
Rio,2016,200.0,Breaststroke,0,Men,RUS,Anton Chupkov,127.7,3,1.0,127.7,127.7
Tokyo,2020,200.0,Breaststroke,0,Men,ROC,Anton Chupkov,127.24,4,2.0,127.7,127.7
City,1968,100.0,Butterfly,0,Women,USA,Antonia (Toni) Hewitt,67.5,4,0.0,,
City,1968,200.0,Butterfly,0,Women,USA,Antonia (Toni) Hewitt,146.2,4,0.0,,
London,1948,200.0,Breaststroke,0,Women,NED,Antonia Johanna Hom,187.5,4,0.0,,
Barcelona,1992,200.0,Freestyle,0,Men,FIN,Antti Alexander Kasvio,107.63,3,0.0,,
London,1948,200.0,Breaststroke,0,Men,YUG,Antun (Tone) Cerer,166.1,4,0.0,,
Paris,1924,1500.0,Freestyle,0,Men,YUG,Antun Roje,,0,0.0,,
Angeles,1932,100.0,Freestyle,0,Men,BRA,Antônio Luiz Dos Santos,,0,0.0,,
London,2012,200.0,Individual medley,0,Women,USA,Ariana Kukors,129.83,4,0.0,,
London,2012,50.0,Freestyle,0,Women,BAH,Arianna Vanderpool-Wallace,24.69,4,0.0,,
Tokyo,2020,200.0,Freestyle,0,Women,AUS,Ariarne Titmus,113.5,1,0.0,,
Tokyo,2020,400.0,Freestyle,0,Women,AUS,Ariarne Titmus,236.69,1,0.0,,
Tokyo,2020,400.0,Freestyle,0,Women,AUS,Ariarne Titmus,236.69,1,1.0,236.69,236.69
Tokyo,2020,800.0,Freestyle,0,Women,AUS,Ariarne Titmus,493.83,2,0.0,,
Beijing,2008,100.0,Backstroke,0,Men,RUS,Arkady Vyatchanin,53.18,3,0.0,,
Beijing,2008,200.0,Backstroke,0,Men,RUS,Arkady Vyatchanin,114.93,3,0.0,,
Paris,1924,100.0,Freestyle,0,Men,SWE,Arne Borg,62.0,3,0.0,,
Paris,1924,400.0,Freestyle,0,Men,SWE,Arne Borg,305.6,2,0.0,,
Amsterdam,1928,400.0,Freestyle,0,Men,SWE,Arne Borg,304.6,3,1.0,305.6,305.6
Paris,1924,1500.0,Freestyle,0,Men,SWE,Arne Borg,1241.4,2,0.0,,
Amsterdam,1928,1500.0,Freestyle,0,Men,SWE,Arne Borg,1191.8,1,1.0,1241.4,1241.4
Tokyo,2020,100.0,Breaststroke,0,Men,NED,Arno Kamminga,58.0,2,0.0,,
Tokyo,2020,200.0,Breaststroke,0,Men,NED,Arno Kamminga,127.01,2,0.0,,
Moscow,1980,100.0,Breaststroke,0,Men,URS,Arsens Miskarovs,63.82,3,0.0,,
Moscow,1980,200.0,Breaststroke,0,Men,URS,Arsens Miskarovs,137.28,3,0.0,,
Berlin,1936,100.0,Freestyle,0,Men,USA,Arthur Lindegren,59.9,4,0.0,,
Seoul,1988,200.0,Freestyle,0,Men,POL,Artur Wojdat,108.4,4,0.0,,
Barcelona,1992,200.0,Freestyle,0,Men,POL,Artur Wojdat,108.24,4,1.0,108.4,108.4
Seoul,1988,400.0,Freestyle,0,Men,POL,Artur Wojdat,227.34,3,0.0,,
Barcelona,1992,400.0,Freestyle,0,Men,POL,Artur Wojdat,228.1,4,1.0,227.34,227.34
Antwerp,1920,200.0,Breaststroke,0,Men,FIN,Arvo Ossian Aaltonen,192.2,4,0.0,,
Antwerp,1920,200.0,Breaststroke,0,Men,FIN,Arvo Ossian Aaltonen,192.2,4,1.0,192.2,192.2
Antwerp,1920,400.0,Breaststroke,0,Men,FIN,Arvo Ossian Aaltonen,408.0,4,0.0,,
Montreal,1976,100.0,Breaststroke,0,Men,URS,Arvydas Juozaitis,64.23,3,0.0,,
Montreal,1976,200.0,Breaststroke,0,Men,URS,Arvydas Juozaitis,141.87,4,0.0,,
Beijing,2008,100.0,Breaststroke,0,Women,JPN,Asami Kitagawa,68.43,4,0.0,,
Beijing,2008,200.0,Individual medley,0,Women,JPN,Asami Kitagawa,131.56,4,0.0,,
Beijing,2008,100.0,Backstroke,0,Men,ESP,Aschwin Wildeboer Faber,53.51,4,0.0,,
Beijing,2008,50.0,Freestyle,0,Men,AUS,Ashley Callus,21.62,4,0.0,,
Beijing,2008,100.0,Backstroke,0,Men,AUS,Ashley Delaney,53.31,4,0.0,,
Seoul,1988,800.0,Freestyle,0,Women,GDR,Astrid Strauss,502.09,2,0.0,,
Melbourne,1956,100.0,Freestyle,0,Men,JPN,Atsushi Tani,58.0,4,0.0,,
Barcelona,1992,200.0,Individual medley,0,Men,HUN,Attila Czene,121.0,3,0.0,,
Atlanta,1996,200.0,Individual medley,0,Men,HUN,Attila Czene,119.91,1,1.0,121.0,121.0
Sydney,2000,200.0,Individual medley,0,Men,HUN,Attila Czene,121.16,4,2.0,119.91,120.455
Rome,1960,100.0,Freestyle,0,Men,RSA,Aubrey Burer,56.3,4,0.0,,
Stockholm,1912,1500.0,Freestyle,0,Men,FRA,Auguste Caby,,0,0.0,,
Beijing,2008,200.0,Butterfly,0,Women,FRA,Aurore Mongel,127.36,4,0.0,,
Paris,1924,100.0,Backstroke,0,Men,GBR,Austin Rawlinson,80.0,4,0.0,,
Amsterdam,1928,400.0,Freestyle,0,Men,USA,Austin Rhone Clapp,316.0,4,0.0,,
London,2012,100.0,Backstroke,0,Women,JPN,Aya Terakawa,58.83,4,0.0,,
Athens,2004,200.0,Backstroke,0,Women,JPN,Aya Terakawa,132.9,4,0.0,,
Atlanta,1996,100.0,Butterfly,0,Women,JPN,Ayari Aoyama,60.18,3,0.0,,
Sydney,2000,100.0,Backstroke,0,Women,USA,B J Bedford,61.47,4,0.0,,
Paris,1924,200.0,Breaststroke,0,Men,YUG,B. Deak,,0,0.0,,
Paris,1924,400.0,Freestyle,0,Men,HUN,B. Eperjessy,,0,0.0,,
Munich,1972,200.0,Freestyle,0,Women,USA,Barbara Ann Marshall,125.45,4,0.0,,
Rome,1960,200.0,Breaststroke,0,Women,GER,Barbara Göbel,173.6,3,0.0,,
Moscow,1980,100.0,Freestyle,0,Women,GDR,Barbara Krause,54.79,1,0.0,,
Moscow,1980,200.0,Freestyle,0,Women,GDR,Barbara Krause,118.33,1,0.0,,
Helsinki,1952,100.0,Backstroke,0,Women,USA,Barbara Lynn Stark,76.2,4,0.0,,
Tokyo,2020,200.0,Freestyle,0,Women,CZE,Barbora Seemanova,115.45,4,0.0,,
Sydney,2000,50.0,Freestyle,0,Men,POL,Bartosz Kizierowski,22.22,4,0.0,,
Sydney,2000,100.0,Backstroke,0,Men,POL,Bartosz Kizierowski,55.04,4,0.0,,
Atlanta,1996,200.0,Backstroke,0,Men,POL,Bartosz Sikora,120.05,4,0.0,,
Sydney,2000,200.0,Individual medley,0,Women,ROU,Beatrice Caslaru,132.57,2,0.0,,
Athens,2004,200.0,Individual medley,0,Women,ROU,Beatrice Caslaru,135.4,4,1.0,132.57,132.57
Atlanta,1996,400.0,Individual medley,0,Women,ROU,Beatrice Caslaru,284.909999,4,0.0,,
Sydney,2000,400.0,Individual medley,0,Women,ROU,Beatrice Caslaru,277.18,3,1.0,284.909999,284.909999
London,1948,200.0,Breaststroke,0,Women,AUS,Beatrice Nancy Lyons,177.7,2,0.0,,
Montreal,1976,400.0,Individual medley,0,Women,CAN,Becky Smith,290.48,3,0.0,,
London,2012,100.0,Backstroke,0,Women,AUS,Belinda Hocking,59.29,4,0.0,,
Beijing,2008,200.0,Backstroke,0,Women,AUS,Belinda Hocking,130.12,4,0.0,,
Rio,2016,200.0,Backstroke,0,Women,AUS,Belinda Hocking,128.02,4,1.0,130.12,130.12
Rio,2016,50.0,Freestyle,0,Men,GBR,Ben Proud,21.68,4,0.0,,
Tokyo,2020,50.0,Freestyle,0,Men,GBR,Ben Proud,21.72,4,1.0,21.68,21.68
Beijing,2008,50.0,Freestyle,0,Men,USA,Ben Wildman-Tobriner,21.64,4,0.0,,
City,1968,200.0,Backstroke,0,Women,FRA,Benedicte Duprez,156.6,4,0.0,,
Moscow,1980,100.0,Backstroke,0,Men,SWE,Bengt Baron,56.53,1,0.0,,
Angeles,1984,100.0,Backstroke,0,Men,SWE,Bengt Baron,57.34,4,1.0,56.53,56.53
Angeles,1984,100.0,Butterfly,0,Men,SWE,Bengt Baron,55.14,4,0.0,,
Munich,1972,400.0,Freestyle,0,Men,SWE,Bengt Gingsjo,246.75,4,0.0,,
Munich,1972,400.0,Individual medley,0,Men,SWE,Bengt Gingsjo,277.96,4,0.0,,
Munich,1972,1500.0,Freestyle,0,Men,SWE,Bengt Gingsjo,976.01,4,0.0,,
Paris,1924,200.0,Breaststroke,0,Men,SWE,Bengt Linders,182.2,4,0.0,,
Seoul,1988,200.0,Butterfly,0,Men,DEN,Benny Leo Nielsen,118.24,2,0.0,,
Helsinki,1952,100.0,Backstroke,0,Men,GBR,Bert Wardrop,67.8,4,0.0,,
Atlanta,1996,100.0,Backstroke,0,Women,USA,Beth Botsford,61.19,1,0.0,,
Moscow,1980,200.0,Breaststroke,0,Women,GDR,Bettina Lobel,154.51,4,0.0,,
Munich,1972,100.0,Breaststroke,0,Women,AUS,Beverley Joy Whitfield,75.73,3,0.0,,
Munich,1972,200.0,Breaststroke,0,Women,AUS,Beverley Joy Whitfield,161.71,1,0.0,,
Angeles,1984,100.0,Backstroke,0,Women,GBR,Beverley Rose,64.16,4,0.0,,
Melbourne,1956,100.0,Butterfly,0,Women,AUS,Beverly Bainbridge,75.2,4,0.0,,
Paris,1924,200.0,Breaststroke,0,Men,USA,Bill Kirschbaum,181.0,3,0.0,,
Antwerp,1920,100.0,Freestyle,0,Men,AUS,Billy Herald,63.8,4,0.0,,
Barcelona,1992,200.0,Freestyle,0,Women,CHN,Bin Lu,122.1,4,0.0,,
Tokyo,2020,400.0,Freestyle,0,Women,CHN,Bingjie Li,241.08,3,0.0,,
Tokyo,2020,400.0,Freestyle,0,Women,CHN,Bingjie Li,241.08,3,1.0,241.08,241.08
Angeles,1984,400.0,Freestyle,0,Women,FRG,Birgit Kowalczik,256.329999,4,0.0,,
Montreal,1976,100.0,Backstroke,0,Women,GDR,Birgit Treiber,63.41,2,0.0,,
Montreal,1976,200.0,Backstroke,0,Women,GDR,Birgit Treiber,134.97,2,0.0,,
Moscow,1980,200.0,Backstroke,0,Women,GDR,Birgit Treiber,134.139999,3,1.0,134.97,134.97
Montreal,1976,400.0,Individual medley,0,Women,GDR,Birgit Treiber,292.4,4,0.0,,
Rome,1960,400.0,Freestyle,0,Women,SWE,Birgitta Segerstrom,302.4,4,0.0,,
Seoul,1988,100.0,Butterfly,0,Women,GDR,Birte Weigang,59.45,4,0.0,,
Seoul,1988,200.0,Butterfly,0,Women,GDR,Birte Weigang,129.91,2,0.0,,
Athens,2004,200.0,Backstroke,0,Men,SLO,Blaz Medvesek,120.06,4,0.0,,
London,1948,200.0,Breaststroke,0,Men,NED,Bob Herbert Bonte,167.6,4,0.0,,
Tokyo,2020,200.0,Butterfly,0,Women,HUN,Boglarka Kapas,126.53,4,0.0,,
Rio,2016,400.0,Freestyle,0,Women,HUN,Boglarka Kapas,242.37,4,0.0,,
London,2012,800.0,Freestyle,0,Women,HUN,Boglarka Kapas,503.89,4,0.0,,
Rio,2016,800.0,Freestyle,0,Women,HUN,Boglarka Kapas,496.37,3,1.0,503.89,503.89
Angeles,1932,100.0,Backstroke,0,Women,AUS,Bonnie Mealing,81.3,2,0.0,,
Helsinki,1952,100.0,Backstroke,0,Men,YUG,Boris Skanata,68.099999,4,0.0,,
Moscow,1980,1500.0,Freestyle,0,Men,YUG,Borut Petric,921.78,4,0.0,,
Helsinki,1952,200.0,Breaststroke,0,Men,USA,Bowen Dow Stassforth,154.7,2,0.0,,
Atlanta,1996,200.0,Backstroke,0,Men,USA,Brad Bridgewater,118.539999,1,0.0,,
Munich,1972,200.0,Backstroke,0,Men,AUS,Bradford Paul Cooper,126.59,4,0.0,,
Munich,1972,400.0,Freestyle,0,Men,AUS,Bradford Paul Cooper,240.27,1,0.0,,
Munich,1972,1500.0,Freestyle,0,Men,AUS,Bradford Paul Cooper,990.49,4,0.0,,
Rio,2016,50.0,Freestyle,0,Men,RSA,Bradley Edward Tandy,21.79,4,0.0,,
London,2012,100.0,Breaststroke,0,Women,USA,Breeja Larson,66.959999,4,0.0,,
Montreal,1976,400.0,Freestyle,0,Women,USA,Brenda Grace Borgh,257.43,4,0.0,,
London,1948,400.0,Freestyle,0,Women,USA,Brenda Merserau Helser,326.0,4,0.0,,
Athens,2004,100.0,Breaststroke,0,Men,USA,Brendan Hansen,60.25,2,0.0,,
Beijing,2008,100.0,Breaststroke,0,Men,USA,Brendan Hansen,59.57,4,1.0,60.25,60.25
London,2012,100.0,Breaststroke,0,Men,USA,Brendan Hansen,59.49,4,2.0,59.57,59.91
Athens,2004,200.0,Breaststroke,0,Men,USA,Brendan Hansen,130.87,4,0.0,,
Atlanta,1996,50.0,Freestyle,0,Men,RSA,Brendon Dedekind,22.59,4,0.0,,
Tokyo,2020,400.0,Individual medley,0,Men,AUS,Brendon Smith,250.38,3,0.0,,
London,2012,100.0,Freestyle,0,Men,CAN,Brent Hayden,47.8,3,0.0,,
City,1968,400.0,Freestyle,0,Men,USA,Brent Thales Berk,266.0,4,0.0,,
Beijing,2008,100.0,Breaststroke,0,Men,AUS,Brenton Rickard,59.74,4,0.0,,
London,2012,100.0,Breaststroke,0,Men,AUS,Brenton Rickard,59.87,4,1.0,59.74,59.74
Beijing,2008,200.0,Breaststroke,0,Men,AUS,Brenton Rickard,128.88,2,0.0,,
London,2012,200.0,Breaststroke,0,Men,AUS,Brenton Rickard,129.28,4,1.0,128.88,128.88
Tokyo,1964,200.0,Butterfly,0,Men,AUS,Brett Cecil Graeme Hill,132.8,4,0.0,,
Athens,2004,50.0,Freestyle,0,Men,AUS,Brett Hawke,22.18,4,0.0,,
Sydney,2000,100.0,Breaststroke,0,Men,RSA,Brett Petersen,61.63,4,0.0,,
Angeles,1984,100.0,Breaststroke,0,Men,AUS,Brett Stocks,63.49,4,0.0,,
Montreal,1976,200.0,Butterfly,0,Men,GBR,Brian Brinkley,121.49,4,0.0,,
Munich,1972,400.0,Freestyle,0,Men,GBR,Brian Brinkley,246.69,4,0.0,,
City,1968,200.0,Breaststroke,0,Men,USA,Brian Gregory Job,149.9,3,0.0,,
Melbourne,1956,200.0,Butterfly,0,Men,AUS,Brian Harold Wilkinson,149.7,4,0.0,,
Beijing,2008,400.0,Individual medley,0,Men,CAN,Brian Johns,253.38,4,0.0,,
Montreal,1976,400.0,Freestyle,0,Men,USA,Brian Stuart Goodell,231.93,1,0.0,,
Montreal,1976,1500.0,Freestyle,0,Men,USA,Brian Stuart Goodell,902.4,1,0.0,,
Rio,2016,200.0,Butterfly,0,Women,AUS,Brianna Throssell,127.87,4,0.0,,
Tokyo,2020,200.0,Butterfly,0,Women,AUS,Brianna Throssell,129.479999,4,1.0,127.87,127.87
Atlanta,1996,100.0,Breaststroke,0,Women,BEL,Brigitte Becue,69.789999,4,0.0,,
Atlanta,1996,200.0,Breaststroke,0,Women,BEL,Brigitte Becue,148.36,4,0.0,,
Amsterdam,1928,200.0,Breaststroke,0,Women,SWE,Brita Hazelius,203.0,4,0.0,,
Munich,1972,100.0,Breaststroke,0,Women,SWE,Britt-Marie Smedh,77.19,4,0.0,,
Beijing,2008,50.0,Freestyle,0,Women,GER,Britta Steffen,24.06,1,0.0,,
London,2012,50.0,Freestyle,0,Women,GER,Britta Steffen,24.46,4,1.0,24.06,24.06
Beijing,2008,100.0,Freestyle,0,Women,GER,Britta Steffen,53.12,1,0.0,,
London,2012,400.0,Freestyle,0,Women,CAN,Brittany Maclean,246.24,4,0.0,,
Rio,2016,400.0,Freestyle,0,Women,CAN,Brittany Maclean,244.69,4,1.0,246.24,246.24
Beijing,2008,200.0,Freestyle,0,Women,AUS,Bronte Barratt,117.83,4,0.0,,
London,2012,200.0,Freestyle,0,Women,AUS,Bronte Barratt,115.81,3,1.0,117.83,117.83
Rio,2016,200.0,Freestyle,0,Women,AUS,Bronte Barratt,115.25,4,2.0,115.81,116.82
Beijing,2008,400.0,Freestyle,0,Women,AUS,Bronte Barratt,245.05,4,0.0,,
Rio,2016,50.0,Freestyle,0,Women,AUS,Bronte Campbell,24.42,4,0.0,,
Rio,2016,100.0,Freestyle,0,Women,AUS,Bronte Campbell,53.04,4,0.0,,
Sydney,2000,400.0,Freestyle,0,Women,USA,Brooke Bennett,245.8,1,0.0,,
Atlanta,1996,800.0,Freestyle,0,Women,USA,Brooke Bennett,507.89,1,0.0,,
Sydney,2000,800.0,Freestyle,0,Women,USA,Brooke Bennett,499.67,1,1.0,507.89,507.89
Athens,2004,100.0,Breaststroke,0,Women,AUS,Brooke Hanson,67.15,3,0.0,,
Athens,2004,200.0,Breaststroke,0,Women,AUS,Brooke Hanson,146.39,4,0.0,,
Montreal,1976,200.0,Freestyle,0,Men,USA,Bruce Macfarlane Furniss,110.289999,1,0.0,,
Munich,1972,100.0,Butterfly,0,Men,CAN,Bruce Richard Robertson,55.56,2,0.0,,
London,2012,50.0,Freestyle,0,Men,BRA,Bruno Fratus,21.61,4,0.0,,
Rio,2016,50.0,Freestyle,0,Men,BRA,Bruno Fratus,21.79,4,1.0,21.61,21.61
Tokyo,2020,50.0,Freestyle,0,Men,BRA,Bruno Fratus,21.57,3,2.0,21.61,21.7
Tokyo,2020,200.0,Backstroke,0,Men,USA,Bryce Mefford,115.49,4,0.0,,
Amsterdam,1928,400.0,Freestyle,0,Men,USA,Buster Crabbe,305.4,4,0.0,,
Angeles,1932,400.0,Freestyle,0,Men,USA,Buster Crabbe,288.4,1,1.0,305.4,305.4
Amsterdam,1928,1500.0,Freestyle,0,Men,USA,Buster Crabbe,1228.8,3,0.0,,
Angeles,1932,1500.0,Freestyle,0,Men,USA,Buster Crabbe,1202.7,4,1.0,1228.8,1228.8
Munich,1972,100.0,Butterfly,0,Men,CAN,Byron Mac Donald,57.27,4,0.0,,
Tokyo,1964,200.0,Breaststroke,0,Women,GER,Bärbel Grimmer,171.0,4,0.0,,
Stockholm,1912,400.0,Freestyle,0,Men,HUN,Béla Las Torres,342.0,4,0.0,,
Stockholm,1912,1500.0,Freestyle,0,Men,HUN,Béla Las Torres,,0,0.0,,
Tokyo,2020,50.0,Freestyle,0,Men,USA,Caeleb Dressel,21.07,1,0.0,,
Tokyo,2020,100.0,Butterfly,0,Men,USA,Caeleb Dressel,49.45,1,0.0,,
Rio,2016,100.0,Freestyle,0,Men,USA,Caeleb Dressel,48.02,4,0.0,,
Tokyo,2020,100.0,Freestyle,0,Men,USA,Caeleb Dressel,47.02,1,1.0,48.02,48.02
London,2012,200.0,Individual medley,0,Women,USA,Caitlin Leverenz,128.949999,3,0.0,,
London,2012,400.0,Individual medley,0,Women,USA,Caitlin Leverenz,275.49,4,0.0,,
Beijing,2008,200.0,Freestyle,0,Women,GBR,Caitlin Mcclatchey,117.65,4,0.0,,
London,2012,200.0,Freestyle,0,Women,GBR,Caitlin Mcclatchey,117.6,4,1.0,117.65,117.65
Sydney,2000,200.0,Freestyle,0,Women,ROU,Camelia Alina Potec,119.46,4,0.0,,
Athens,2004,200.0,Freestyle,0,Women,ROU,Camelia Alina Potec,118.03,1,1.0,119.46,119.46
Beijing,2008,200.0,Freestyle,0,Women,ROU,Camelia Alina Potec,116.87,4,2.0,118.03,118.745
Athens,2004,400.0,Freestyle,0,Women,ROU,Camelia Alina Potec,246.34,4,0.0,,
Beijing,2008,400.0,Freestyle,0,Women,ROU,Camelia Alina Potec,244.66,4,1.0,246.34,246.34
Beijing,2008,800.0,Freestyle,0,Women,ROU,Camelia Alina Potec,503.11,4,0.0,,
Angeles,1984,200.0,Backstroke,0,Men,CAN,Cameron Henning,122.37,3,0.0,,
Rio,2016,100.0,Freestyle,0,Men,AUS,Cameron Mcevoy,48.12,4,0.0,,
London,2012,100.0,Breaststroke,0,Men,RSA,Cameron Van Der Burgh,58.46,2,0.0,,
Rio,2016,100.0,Breaststroke,0,Men,RSA,Cameron Van Der Burgh,58.69,2,1.0,58.46,58.46
London,2012,100.0,Backstroke,0,Men,FRA,Camille Lacourt,53.08,4,0.0,,
Rio,2016,100.0,Backstroke,0,Men,FRA,Camille Lacourt,52.7,4,1.0,53.08,53.08
London,2012,200.0,Freestyle,0,Women,FRA,Camille Muffat,115.58,2,0.0,,
London,2012,400.0,Freestyle,0,Women,FRA,Camille Muffat,241.45,1,0.0,,
Montreal,1976,100.0,Butterfly,0,Women,USA,Camille Wright,61.41,4,0.0,,
London,2012,200.0,Butterfly,0,Women,USA,Cammile Adams,126.78,4,0.0,,
Rio,2016,200.0,Butterfly,0,Women,USA,Cammile Adams,125.9,4,1.0,126.78,126.78
Moscow,1980,100.0,Butterfly,0,Women,GDR,Caren Metschuck,60.42,1,0.0,,
Moscow,1980,100.0,Freestyle,0,Women,GDR,Caren Metschuck,55.16,2,0.0,,
Melbourne,1956,100.0,Backstroke,0,Women,USA,Carin Alice Cone,72.9,1,0.0,,
Moscow,1980,100.0,Backstroke,0,Women,BEL,Carine Verbauwen,63.82,4,0.0,,
Moscow,1980,200.0,Backstroke,0,Women,BEL,Carine Verbauwen,136.66,4,0.0,,
Tokyo,1964,200.0,Butterfly,0,Men,USA,Carl Joseph Iii Robie,127.5,2,0.0,,
City,1968,200.0,Butterfly,0,Men,USA,Carl Joseph Iii Robie,128.699999,1,1.0,127.5,127.5
Tokyo,1964,400.0,Individual medley,0,Men,USA,Carl Joseph Iii Robie,291.4,4,0.0,,
Angeles,1984,800.0,Freestyle,0,Women,ITA,Carla Lasi,522.45,4,0.0,,
Atlanta,1996,400.0,Freestyle,0,Women,NED,Carla Louise Geurts,250.06,4,0.0,,
Sydney,2000,400.0,Freestyle,0,Women,NED,Carla Louise Geurts,252.36,4,1.0,250.06,250.06
Atlanta,1996,800.0,Freestyle,0,Women,NED,Carla Louise Geurts,520.429999,4,0.0,,
Montreal,1976,100.0,Backstroke,0,Men,PUR,Carlos Berrocal,57.28,4,0.0,,
Angeles,1932,400.0,Freestyle,0,Men,ARG,Carlos Ramon Kennedy,,0,0.0,,
City,1968,200.0,Freestyle,0,Men,ARG,Carlos Van Der Math,,0,0.0,,
Angeles,1984,100.0,Backstroke,0,Women,NZL,Carmel Clark,64.47,4,0.0,,
Angeles,1984,200.0,Backstroke,0,Women,NZL,Carmel Clark,137.89,4,0.0,,
Moscow,1980,200.0,Freestyle,0,Women,GDR,Carmela Schmidt,121.44,3,0.0,,
Moscow,1980,400.0,Freestyle,0,Women,GDR,Carmela Schmidt,250.86,3,0.0,,
Moscow,1980,100.0,Backstroke,0,Women,ROU,Carmen Bunaciu,63.81,4,0.0,,
Angeles,1984,100.0,Backstroke,0,Women,ROU,Carmen Bunaciu,63.21,4,1.0,63.81,63.81
Moscow,1980,200.0,Backstroke,0,Women,ROU,Carmen Bunaciu,135.199999,4,0.0,,
Angeles,1984,200.0,Backstroke,0,Women,ROU,Carmen Bunaciu,136.15,4,1.0,135.199999,135.199999
Montreal,1976,100.0,Breaststroke,0,Women,GDR,Carola Nitschke,73.33,4,0.0,,
Montreal,1976,200.0,Breaststroke,0,Women,GDR,Carola Nitschke,158.27,4,0.0,,
Munich,1972,200.0,Individual medley,0,Women,USA,Carolyn Ann Woods,147.42,4,0.0,,
Rome,1960,100.0,Butterfly,0,Women,USA,Carolyn Jane Schuler,69.5,1,0.0,,
Angeles,1984,100.0,Freestyle,0,Women,USA,Carolyn Steinseifer,55.92,1,0.0,,
Helsinki,1952,400.0,Freestyle,0,Women,USA,Carolyn Virginia Green,316.5,4,0.0,,
Rome,1960,100.0,Butterfly,0,Women,USA,Carolyn Virginia Wood,,0,0.0,,
Rome,1960,100.0,Freestyle,0,Women,USA,Carolyn Virginia Wood,63.4,4,0.0,,
Beijing,2008,800.0,Freestyle,0,Women,GBR,Cassandra Patten,512.35,4,0.0,,
Beijing,2008,50.0,Freestyle,0,Women,AUS,Cate Campbell,24.17,3,0.0,,
Rio,2016,50.0,Freestyle,0,Women,AUS,Cate Campbell,24.15,4,1.0,24.17,24.17
Tokyo,2020,50.0,Freestyle,0,Women,AUS,Cate Campbell,24.36,4,2.0,24.15,24.16
Rio,2016,100.0,Freestyle,0,Women,AUS,Cate Campbell,53.24,4,0.0,,
Tokyo,2020,100.0,Freestyle,0,Women,AUS,Cate Campbell,52.52,3,1.0,53.24,53.24
Rome,1960,400.0,Freestyle,0,Women,NED,Catharina (Tineke) Lagerberg,296.9,3,0.0,,
Berlin,1936,100.0,Freestyle,0,Women,NED,Catharina (Tini) Willemina Wagner,68.099999,4,0.0,,
Berlin,1936,400.0,Freestyle,0,Women,NED,Catharina (Tini) Willemina Wagner,346.0,4,0.0,,
City,1968,100.0,Breaststroke,0,Women,USA,Catherine Ball,76.7,4,0.0,,
London,1948,400.0,Freestyle,0,Women,GBR,Catherine Gibson,322.5,3,0.0,,
City,1968,200.0,Breaststroke,0,Women,USA,Catherine Jamison,168.4,4,0.0,,
Munich,1972,100.0,Breaststroke,0,Women,USA,Catherine L. Carr,73.58,1,0.0,,
Seoul,1988,50.0,Freestyle,0,Women,FRA,Catherine Plewinski,25.9,4,0.0,,
Barcelona,1992,50.0,Freestyle,0,Women,FRA,Catherine Plewinski,25.36,4,1.0,25.9,25.9
Seoul,1988,100.0,Butterfly,0,Women,FRA,Catherine Plewinski,59.58,4,0.0,,
Barcelona,1992,100.0,Butterfly,0,Women,FRA,Catherine Plewinski,59.01,4,1.0,59.58,59.58
Seoul,1988,100.0,Freestyle,0,Women,FRA,Catherine Plewinski,55.49,3,0.0,,
Barcelona,1992,100.0,Freestyle,0,Women,FRA,Catherine Plewinski,55.72,4,1.0,55.49,55.49
Barcelona,1992,200.0,Freestyle,0,Women,FRA,Catherine Plewinski,119.88,4,0.0,,
Angeles,1984,100.0,Breaststroke,0,Women,FRA,Catherine Poirot,70.7,3,0.0,,
Atlanta,1996,200.0,Backstroke,0,Women,GER,Cathleen Rund,132.06,3,0.0,,
Tokyo,1964,100.0,Backstroke,0,Women,USA,Cathy Ferguson,67.7,1,0.0,,
Stockholm,1912,100.0,Freestyle,0,Men,ANZ,Cecil Healy,64.599999,2,0.0,,
Stockholm,1912,400.0,Freestyle,0,Men,ANZ,Cecil Healy,337.8,4,0.0,,
Seoul,1988,200.0,Freestyle,0,Women,FRA,Cecile Prunier,122.88,4,0.0,,
Beijing,2008,50.0,Freestyle,0,Men,BRA,Cesar Cielo Filho,21.3,1,0.0,,
London,2012,50.0,Freestyle,0,Men,BRA,Cesar Cielo Filho,21.59,3,1.0,21.3,21.3
Beijing,2008,100.0,Freestyle,0,Men,BRA,Cesar Cielo Filho,47.67,3,0.0,,
London,2012,100.0,Freestyle,0,Men,BRA,Cesar Cielo Filho,47.92,4,1.0,47.67,47.67
Sydney,2000,400.0,Individual medley,0,Men,ROU,Cezar Alexandru Badita,260.91,4,0.0,,
Sydney,2000,400.0,Freestyle,0,Men,USA,Chad Carvin,227.579999,4,0.0,,
London,2012,100.0,Butterfly,0,Men,RSA,Chad Le Clos,51.44,2,0.0,,
Rio,2016,100.0,Butterfly,0,Men,RSA,Chad Le Clos,51.14,2,1.0,51.44,51.44
London,2012,200.0,Butterfly,0,Men,RSA,Chad Le Clos,112.96,1,0.0,,
Rio,2016,200.0,Butterfly,0,Men,RSA,Chad Le Clos,114.06,4,1.0,112.96,112.96
Tokyo,2020,200.0,Butterfly,0,Men,RSA,Chad Le Clos,114.93,4,2.0,112.96,113.50999999999999
Rio,2016,200.0,Freestyle,0,Men,RSA,Chad Le Clos,105.2,2,0.0,,
London,2012,400.0,Individual medley,0,Men,RSA,Chad Le Clos,252.42,4,0.0,,
Montreal,1976,200.0,Breaststroke,0,Men,USA,Charles Humphrey Keating,140.79,4,0.0,,
City,1968,100.0,Backstroke,0,Men,USA,Charlie Hickcox,60.2,1,0.0,,
City,1968,200.0,Individual medley,0,Men,USA,Charlie Hickcox,132.0,1,0.0,,
City,1968,400.0,Individual medley,0,Men,USA,Charlie Hickcox,288.4,1,0.0,,
Rio,2016,200.0,Freestyle,0,Women,FRA,Charlotte Bonnet,116.289999,4,0.0,,
Antwerp,1920,100.0,Freestyle,0,Women,USA,Charlotte Boyle,,0,0.0,,
Amsterdam,1928,200.0,Breaststroke,0,Women,GER,Charlotte Mühe,197.6,3,0.0,,
Rio,2016,400.0,Individual medley,0,Men,USA,Chase Kalisz,246.75,2,0.0,,
Tokyo,2020,400.0,Individual medley,0,Men,USA,Chase Kalisz,249.42,1,1.0,246.75,246.75
Atlanta,1996,50.0,Freestyle,0,Men,CHN,Chengji Jiang,22.33,4,0.0,,
Atlanta,1996,100.0,Butterfly,0,Men,CHN,Chengji Jiang,53.2,4,0.0,,
Montreal,1976,100.0,Backstroke,0,Women,CAN,Cheryl Gibson,65.16,4,0.0,,
Montreal,1976,200.0,Butterfly,0,Women,CAN,Cheryl Gibson,133.91,4,0.0,,
Montreal,1976,400.0,Individual medley,0,Women,CAN,Cheryl Gibson,288.1,2,0.0,,
Tokyo,1964,200.0,Breaststroke,0,Men,USA,Chester Andrew Jastremski,149.6,3,0.0,,
City,1968,200.0,Breaststroke,0,Women,JPN,Chieno Shibata,171.5,4,0.0,,
Sydney,2000,1500.0,Freestyle,0,Men,USA,Chris Thompson,896.81,3,0.0,,
Rome,1960,100.0,Freestyle,0,Women,USA,Chris Von Saltza,62.8,2,0.0,,
Rome,1960,400.0,Freestyle,0,Women,USA,Chris Von Saltza,290.6,1,0.0,,
Montreal,1976,100.0,Breaststroke,0,Men,USA,Chris Woo,65.129999,4,0.0,,
Rio,2016,200.0,Backstroke,0,Men,GER,Christian Diener,116.27,4,0.0,,
Barcelona,1992,200.0,Individual medley,0,Men,GER,Christian Gessner,121.97,4,0.0,,
Barcelona,1992,400.0,Individual medley,0,Men,GER,Christian Gessner,257.88,4,0.0,,
Sydney,2000,200.0,Individual medley,0,Men,GER,Christian Keller,122.02,4,0.0,,
Seoul,1988,100.0,Breaststroke,0,Men,GDR,Christian Poswiat,63.43,4,0.0,,
London,2012,100.0,Breaststroke,0,Men,AUS,Christian Sprenger,58.93,3,0.0,,
Barcelona,1992,100.0,Freestyle,0,Men,GER,Christian Tröger,49.84,4,0.0,,
Moscow,1980,100.0,Butterfly,0,Women,GDR,Christiane Knacke,61.44,3,0.0,,
Angeles,1984,200.0,Individual medley,0,Women,FRG,Christiane Pielke,137.82,4,0.0,,
Atlanta,1996,200.0,Breaststroke,0,Women,CAN,Christin Petelski,151.45,4,0.0,,
Tokyo,1964,100.0,Backstroke,0,Women,FRA,Christine (Kiki) Caron,67.9,2,0.0,,
Barcelona,1992,100.0,Butterfly,0,Women,USA,Christine Ahmann-Leighton,58.74,4,0.0,,
Munich,1972,100.0,Backstroke,0,Women,GDR,Christine Herbst,67.269999,4,0.0,,
Munich,1972,200.0,Backstroke,0,Women,GDR,Christine Herbst,143.44,4,0.0,,
Melbourne,1956,200.0,Breaststroke,0,Women,GBR,Christine Loraine Gosden,179.2,4,0.0,,
Beijing,2008,100.0,Butterfly,0,Women,USA,Christine Magnuson,57.1,2,0.0,,
Barcelona,1992,50.0,Freestyle,0,Men,FRA,Christophe Kalfayan,22.5,4,0.0,,
Seoul,1988,100.0,Freestyle,0,Men,USA,Christopher Charles Jacobs,49.08,2,0.0,,
Sydney,2000,100.0,Freestyle,0,Men,AUS,Christopher John Fydler,49.44,4,0.0,,
London,2012,100.0,Butterfly,0,Women,USA,Claire Donahue,57.48,4,0.0,,
Angeles,1932,200.0,Breaststroke,0,Women,AUS,Clare Dennis,186.3,1,0.0,,
London,2012,200.0,Breaststroke,0,Men,USA,Clark Burckle,129.25,4,0.0,,
Helsinki,1952,100.0,Freestyle,0,Men,USA,Clark Currie Scholes,57.4,1,0.0,,
City,1968,200.0,Freestyle,0,Women,FRA,Claude Mandonnaud,134.9,4,0.0,,
Tokyo,1964,200.0,Breaststroke,0,Women,USA,Claudia Anne Kolb,167.6,2,0.0,,
City,1968,200.0,Individual medley,0,Women,USA,Claudia Anne Kolb,144.7,1,0.0,,
City,1968,400.0,Individual medley,0,Women,USA,Claudia Anne Kolb,308.5,1,0.0,,
Montreal,1976,100.0,Freestyle,0,Women,GDR,Claudia Hempel,56.99,4,0.0,,
Montreal,1976,200.0,Freestyle,0,Women,GDR,Claudia Hempel,124.61,4,0.0,,
Munich,1972,200.0,Breaststroke,0,Women,USA,Claudia Jean Clevenger,162.88,4,0.0,,
Atlanta,1996,200.0,Freestyle,0,Women,CRC,Claudia Poll Ahrens,118.16,1,0.0,,
Sydney,2000,200.0,Freestyle,0,Women,CRC,Claudia Poll Ahrens,118.81,3,1.0,118.16,118.16
Atlanta,1996,400.0,Freestyle,0,Women,CRC,Claudia Poll Ahrens,250.0,4,0.0,,
Sydney,2000,400.0,Freestyle,0,Women,CRC,Claudia Poll Ahrens,247.83,3,1.0,250.0,250.0
Montreal,1976,100.0,Butterfly,0,Men,CAN,Clayton Evans,55.81,4,0.0,,
London,1948,100.0,Backstroke,0,Men,MEX,Clemente Mejia Avila,69.0,4,0.0,,
Tokyo,1964,200.0,Breaststroke,0,Women,NED,Clena Geertje Bimolt,171.3,4,0.0,,
Rome,1960,100.0,Freestyle,0,Women,NED,Cocki Van Engelsdorp Gastelaars,64.7,4,0.0,,
Rio,2016,100.0,Breaststroke,0,Men,USA,Cody Miller,58.87,3,0.0,,
Rio,2016,400.0,Freestyle,0,Men,USA,Connor Jaeger,224.16,4,0.0,,
London,2012,1500.0,Freestyle,0,Men,USA,Connor Jaeger,892.99,4,0.0,,
Rio,2016,1500.0,Freestyle,0,Men,USA,Connor Jaeger,879.48,2,1.0,892.99,892.99
Angeles,1984,100.0,Butterfly,0,Women,NED,Conny Van Bentum,61.94,4,0.0,,
Seoul,1988,100.0,Butterfly,0,Women,NED,Conny Van Bentum,60.62,2,1.0,61.94,61.94
Moscow,1980,100.0,Freestyle,0,Women,NED,Conny Van Bentum,57.63,4,0.0,,
Angeles,1984,100.0,Freestyle,0,Women,NED,Conny Van Bentum,56.43,4,1.0,57.63,57.63
Seoul,1988,100.0,Freestyle,0,Women,NED,Conny Van Bentum,56.54,4,2.0,56.43,57.03
Angeles,1984,200.0,Butterfly,0,Women,NED,Conny Van Bentum,137.389999,4,0.0,,
Seoul,1988,200.0,Butterfly,0,Women,NED,Conny Van Bentum,133.169999,4,1.0,137.389999,137.389999
Angeles,1984,200.0,Freestyle,0,Women,NED,Conny Van Bentum,120.59,4,0.0,,
Rio,2016,200.0,Freestyle,0,Men,USA,Conor Dwyer,105.229999,3,0.0,,
London,2012,400.0,Freestyle,0,Men,USA,Conor Dwyer,226.39,4,0.0,,
Rio,2016,400.0,Freestyle,0,Men,USA,Conor Dwyer,224.01,4,1.0,226.39,226.39
Antwerp,1920,100.0,Freestyle,0,Women,GBR,Constance Mabel Jeans,82.8,4,0.0,,
Paris,1924,100.0,Freestyle,0,Women,GBR,Constance Mabel Jeans,75.4,4,1.0,82.8,82.8
Beijing,2008,400.0,Freestyle,0,Women,FRA,Coralie Balmy,243.6,4,0.0,,
London,2012,400.0,Freestyle,0,Women,FRA,Coralie Balmy,245.95,4,1.0,243.6,243.6
Rio,2016,400.0,Freestyle,0,Women,FRA,Coralie Balmy,246.98,4,2.0,243.6,244.77499999999998
London,2012,800.0,Freestyle,0,Women,FRA,Coralie Balmy,509.26,4,0.0,,
Rome,1960,400.0,Freestyle,0,Women,NED,Cornelia Hendrika Schimmel,302.3,4,0.0,,
Moscow,1980,200.0,Backstroke,0,Women,GDR,Cornelia Polit,133.75,2,0.0,,
Seoul,1988,100.0,Backstroke,0,Women,GDR,Cornelia Sirch,61.57,3,0.0,,
Seoul,1988,200.0,Backstroke,0,Women,GDR,Cornelia Sirch,131.449999,3,0.0,,
Munich,1972,200.0,Freestyle,0,Women,NED,Cotharina (Anke) Rijnders,129.41,4,0.0,,
Munich,1972,400.0,Freestyle,0,Women,NED,Cotharina (Anke) Rijnders,271.51,4,0.0,,
Athens,2004,1500.0,Freestyle,0,Men,AUS,Craig Stevens,913.66,4,0.0,,
Atlanta,1996,200.0,Freestyle,0,Women,USA,Cristina Teuscher,120.79,4,0.0,,
Sydney,2000,200.0,Individual medley,0,Women,USA,Cristina Teuscher,133.32,3,0.0,,
Atlanta,1996,400.0,Freestyle,0,Women,USA,Cristina Teuscher,254.21,4,0.0,,
Rome,1960,100.0,Freestyle,0,Women,HUN,Csilla Madarasz-Bajnogel-Dobai,63.6,4,0.0,,
Tokyo,1964,100.0,Freestyle,0,Women,HUN,Csilla Madarasz-Bajnogel-Dobai,62.4,4,1.0,63.6,63.6
London,2012,50.0,Freestyle,0,Men,USA,Cullen Jones,21.54,2,0.0,,
Atlanta,1996,200.0,Individual medley,0,Men,CAN,Curtis Allen Myden,121.13,3,0.0,,
Atlanta,1996,400.0,Individual medley,0,Men,CAN,Curtis Allen Myden,256.279999,3,0.0,,
Sydney,2000,400.0,Individual medley,0,Men,CAN,Curtis Allen Myden,255.33,3,1.0,256.279999,256.279999
Angeles,1984,200.0,Freestyle,0,Women,USA,Cynthia Lee Woodhead,119.5,2,0.0,,
Amsterdam,1928,400.0,Freestyle,0,Men,IND,D. D. Mulji,,0,0.0,,
Amsterdam,1928,1500.0,Freestyle,0,Men,IND,D. D. Mulji,,0,0.0,,
Barcelona,1992,200.0,Backstroke,0,Women,GER,Dagmar Hase,129.46,2,0.0,,
Atlanta,1996,200.0,Freestyle,0,Women,GER,Dagmar Hase,119.56,3,0.0,,
Barcelona,1992,400.0,Freestyle,0,Women,GER,Dagmar Hase,247.18,1,0.0,,
Atlanta,1996,400.0,Freestyle,0,Women,GER,Dagmar Hase,248.3,2,1.0,247.18,247.18
Atlanta,1996,800.0,Freestyle,0,Women,GER,Dagmar Hase,509.91,2,0.0,,
Seoul,1988,100.0,Backstroke,0,Men,JPN,Daichi Suzuki,55.05,1,0.0,,
Rio,2016,200.0,Butterfly,0,Men,JPN,Daiya Seto,114.82,4,0.0,,
Tokyo,2020,200.0,Individual medley,0,Men,JPN,Daiya Seto,116.22,4,0.0,,
Rio,2016,400.0,Individual medley,0,Men,JPN,Daiya Seto,249.71,3,0.0,,
Rio,2016,1500.0,Freestyle,0,Men,FRA,Damien Joly,892.73,4,0.0,,
Rio,2016,200.0,Individual medley,0,Men,GBR,Dan Wallace,118.539999,4,0.0,,
Munich,1972,100.0,Butterfly,0,Women,USA,Dana Jayne Shrader,63.98,4,0.0,,
Munich,1972,200.0,Breaststroke,0,Women,USA,Dana Lee Schoenfield,162.05,2,0.0,,
London,2012,100.0,Butterfly,0,Women,USA,Dana Vollmer,55.98,1,0.0,,
Rio,2016,100.0,Butterfly,0,Women,USA,Dana Vollmer,56.63,4,1.0,55.98,55.98
Athens,2004,200.0,Freestyle,0,Women,USA,Dana Vollmer,118.979999,4,0.0,,
Tokyo,2020,200.0,Freestyle,0,Men,LTU,Danas Rapsys,105.78,4,0.0,,
London,2012,1500.0,Freestyle,0,Men,GBR,Daniel Fogg,900.76,4,0.0,,
London,2012,100.0,Breaststroke,0,Men,HUN,Daniel Gyurta,59.53,4,0.0,,
Athens,2004,200.0,Breaststroke,0,Men,HUN,Daniel Gyurta,130.8,3,0.0,,
Beijing,2008,200.0,Breaststroke,0,Men,HUN,Daniel Gyurta,129.22,4,1.0,130.8,130.8
London,2012,200.0,Breaststroke,0,Men,HUN,Daniel Gyurta,127.28,1,2.0,129.22,130.01
Seoul,1988,200.0,Backstroke,0,Men,USA,Daniel Howard Veatch,122.26,4,0.0,,
Tokyo,2020,1500.0,Freestyle,0,Men,GBR,Daniel Jervis,895.48,4,0.0,,
Tokyo,1964,200.0,Butterfly,0,Men,CAN,Daniel John Sherry,134.6,4,0.0,,
Atlanta,1996,200.0,Freestyle,0,Men,AUS,Daniel Kowalski,108.25,3,0.0,,
Atlanta,1996,400.0,Freestyle,0,Men,AUS,Daniel Kowalski,229.39,3,0.0,,
Atlanta,1996,1500.0,Freestyle,0,Men,AUS,Daniel Kowalski,902.43,2,0.0,,
Montreal,1976,200.0,Backstroke,0,Men,USA,Daniel Lee Harrigan,121.35,3,0.0,,
Moscow,1980,400.0,Freestyle,0,Men,TCH,Daniel Machek,235.66,4,0.0,,
Moscow,1980,400.0,Individual medley,0,Men,TCH,Daniel Machek,269.86,4,0.0,,
Sydney,2000,100.0,Breaststroke,0,Men,CZE,Daniel Malek,61.5,4,0.0,,
Sydney,2000,200.0,Breaststroke,0,Men,CZE,Daniel Malek,133.199999,4,0.0,,
Barcelona,1992,100.0,Breaststroke,0,Women,GER,Daniela Brendel,71.05,4,0.0,,
Seoul,1988,200.0,Individual medley,0,Women,GDR,Daniela Hunger,132.59,1,0.0,,
Barcelona,1992,200.0,Individual medley,0,Women,GER,Daniela Hunger,133.919999,3,1.0,132.59,132.59
Seoul,1988,400.0,Individual medley,0,Women,GDR,Daniela Hunger,279.76,3,0.0,,
Barcelona,1992,400.0,Individual medley,0,Women,GER,Daniela Hunger,287.57,4,1.0,279.76,279.76
London,2012,200.0,Freestyle,0,Men,RUS,Danila Izotov,107.75,4,0.0,,
Seoul,1988,50.0,Freestyle,0,Men,SUI,Dano Halsall,22.83,4,0.0,,
Angeles,1984,100.0,Freestyle,0,Men,SUI,Dano Halsall,50.5,4,0.0,,
Barcelona,1992,200.0,Butterfly,0,Men,NZL,Danyon Joseph Loader,117.93,2,0.0,,
Atlanta,1996,200.0,Freestyle,0,Men,NZL,Danyon Joseph Loader,107.63,1,0.0,,
Barcelona,1992,400.0,Freestyle,0,Men,NZL,Danyon Joseph Loader,229.97,4,0.0,,
Atlanta,1996,400.0,Freestyle,0,Men,NZL,Danyon Joseph Loader,227.97,1,1.0,229.97,229.97
Sydney,2000,50.0,Freestyle,0,Women,USA,Dara Torres,24.63,3,0.0,,
Beijing,2008,50.0,Freestyle,0,Women,USA,Dara Torres,24.07,2,1.0,24.63,24.63
Sydney,2000,100.0,Butterfly,0,Women,USA,Dara Torres,58.2,3,0.0,,
Seoul,1988,100.0,Freestyle,0,Women,USA,Dara Torres,56.25,4,0.0,,
Sydney,2000,100.0,Freestyle,0,Women,USA,Dara Torres,54.43,3,1.0,56.25,56.25
Rio,2016,200.0,Backstroke,0,Women,RUS,Daria Ustinova,127.89,4,0.0,,
Angeles,1984,400.0,Freestyle,0,Men,YUG,Darjan Petric,234.88,4,0.0,,
Seoul,1988,1500.0,Freestyle,0,Men,YUG,Darjan Petric,937.12,4,0.0,,
Athens,2004,100.0,Breaststroke,0,Men,GBR,Darren Mew,61.66,4,0.0,,
Munich,1972,100.0,Breaststroke,0,Men,GBR,David Andrew Wilkie,66.519999,4,0.0,,
Montreal,1976,100.0,Breaststroke,0,Men,GBR,David Andrew Wilkie,63.43,2,1.0,66.519999,66.519999
Munich,1972,200.0,Breaststroke,0,Men,GBR,David Andrew Wilkie,143.67,2,0.0,,
Montreal,1976,200.0,Breaststroke,0,Men,GBR,David Andrew Wilkie,135.11,1,1.0,143.67,143.67
London,2012,400.0,Freestyle,0,Men,GBR,David Carry,228.62,4,0.0,,
Seoul,1988,100.0,Backstroke,0,Men,USA,David Charles Berkoff,55.18,2,0.0,,
Barcelona,1992,100.0,Backstroke,0,Men,USA,David Charles Berkoff,54.78,3,1.0,55.18,55.18
Athens,2004,1500.0,Freestyle,0,Men,GBR,David Davies,885.95,3,0.0,,
Beijing,2008,1500.0,Freestyle,0,Men,GBR,David Davies,892.11,4,1.0,885.95,885.95
Angeles,1984,100.0,Backstroke,0,Men,USA,David Dennis Wilson,56.35,2,0.0,,
Melbourne,1956,100.0,Backstroke,0,Men,AUS,David Egmont Theile,62.2,1,0.0,,
Rome,1960,100.0,Backstroke,0,Men,AUS,David Egmont Theile,61.9,1,1.0,62.2,62.2
Atlanta,1996,50.0,Freestyle,0,Men,USA,David Fox,22.68,4,0.0,,
Munich,1972,100.0,Butterfly,0,Men,USA,David Holmes Edgar,56.11,4,0.0,,
Seoul,1988,400.0,Individual medley,0,Men,USA,David Lee Wharton,257.36,2,0.0,,
Barcelona,1992,400.0,Individual medley,0,Men,USA,David Lee Wharton,257.26,4,1.0,257.36,257.36
Moscow,1980,100.0,Butterfly,0,Men,ESP,David Lopez-Zubero Purcell,55.13,3,0.0,,
Rio,2016,400.0,Freestyle,0,Men,AUS,David Mckeon,225.28,4,0.0,,
Angeles,1984,200.0,Backstroke,0,Men,AUS,David Orbell,124.61,4,0.0,,
Rio,2016,100.0,Backstroke,0,Men,USA,David Plummer,52.4,3,0.0,,
Tokyo,2020,100.0,Freestyle,0,Men,ROU,David Popovici,48.04,4,0.0,,
Tokyo,2020,200.0,Freestyle,0,Men,ROU,David Popovici,104.68,4,0.0,,
Angeles,1984,1500.0,Freestyle,0,Men,CAN,David Shemilt,931.28,4,0.0,,
Tokyo,2020,400.0,Individual medley,0,Men,HUN,David Verraszto,250.59,4,0.0,,
Seoul,1988,200.0,Butterfly,0,Men,AUS,David Wilson,119.2,4,0.0,,
Sydney,2000,200.0,Breaststroke,0,Men,ITA,Davide Rummolo,132.729999,3,0.0,,
Melbourne,1956,100.0,Freestyle,0,Women,AUS,Dawn Fraser,62.0,1,0.0,,
Rome,1960,100.0,Freestyle,0,Women,AUS,Dawn Fraser,61.2,1,1.0,62.0,62.0
Tokyo,1964,100.0,Freestyle,0,Women,AUS,Dawn Fraser,59.5,4,2.0,61.2,61.6
Melbourne,1956,400.0,Freestyle,0,Women,AUS,Dawn Fraser,302.5,2,0.0,,
Rome,1960,400.0,Freestyle,0,Women,AUS,Dawn Fraser,298.5,4,1.0,302.5,302.5
Tokyo,1964,400.0,Freestyle,0,Women,AUS,Dawn Fraser,287.6,4,2.0,298.5,300.5
City,1968,200.0,Freestyle,0,Women,USA,Debbie Meyer,130.5,1,0.0,,
City,1968,400.0,Freestyle,0,Women,USA,Debbie Meyer,271.8,1,0.0,,
City,1968,800.0,Freestyle,0,Women,USA,Debbie Meyer,564.0,1,0.0,,
Munich,1972,200.0,Backstroke,0,Women,AUS,Deborah Palmer,144.65,4,0.0,,
Montreal,1976,200.0,Breaststroke,0,Women,GBR,Deborah Rudd,159.01,4,0.0,,
Munich,1972,100.0,Butterfly,0,Women,USA,Deena Diana Deardruff,63.95,4,0.0,,
Atlanta,1996,100.0,Butterfly,0,Men,RUS,Denis Pankratov,52.27,1,0.0,,
Barcelona,1992,200.0,Butterfly,0,Men,EUN,Denis Pankratov,118.979999,4,0.0,,
Atlanta,1996,200.0,Butterfly,0,Men,RUS,Denis Pankratov,116.509999,1,1.0,118.979999,118.979999
Sydney,2000,200.0,Butterfly,0,Men,RUS,Denis Pankratov,117.97,4,2.0,116.509999,117.744999
Sydney,2000,100.0,Freestyle,0,Men,RUS,Denis Pimankov,49.36,4,0.0,,
City,1968,800.0,Freestyle,0,Women,AUS,Denise Langford,596.7,4,0.0,,
Atlanta,1996,200.0,Butterfly,0,Men,UKR,Denys Sylantiev,118.37,4,0.0,,
Sydney,2000,200.0,Butterfly,0,Men,UKR,Denys Sylantiev,115.759999,2,1.0,118.37,118.37
Sydney,2000,100.0,Backstroke,0,Women,ROU,Diana Mocanu,60.21,1,0.0,,
Sydney,2000,100.0,Butterfly,0,Women,ROU,Diana Mocanu,59.43,4,0.0,,
Sydney,2000,200.0,Backstroke,0,Women,ROU,Diana Mocanu,128.16,1,0.0,,
Sydney,2000,400.0,Freestyle,0,Women,USA,Diana Munz,247.07,2,0.0,,
Athens,2004,800.0,Freestyle,0,Women,USA,Diana Munz,506.61,3,0.0,,
Montreal,1976,100.0,Backstroke,0,Women,NED,Diane Edelijn,65.53,4,0.0,,
City,1968,200.0,Butterfly,0,Women,USA,Diane Jean Giebel,151.7,4,0.0,,
Berlin,1936,100.0,Backstroke,0,Women,NED,Dina Willemina Jacoba Senff,78.9,1,0.0,,
London,2012,200.0,Butterfly,0,Men,AUT,Dinko Jukic,114.35,4,0.0,,
Angeles,1984,100.0,Freestyle,0,Men,FRG,Dirk Korthals,50.93,4,0.0,,
Barcelona,1992,100.0,Backstroke,0,Men,GER,Dirk Richter,56.26,4,0.0,,
Seoul,1988,200.0,Backstroke,0,Men,GDR,Dirk Richter,121.67,4,0.0,,
London,1948,100.0,Backstroke,0,Women,NED,Dirkje Van Ekris,78.9,4,0.0,,
Montreal,1976,400.0,Freestyle,0,Men,BRA,Djan Garrido Madruga,237.18,4,0.0,,
Moscow,1980,400.0,Freestyle,0,Men,BRA,Djan Garrido Madruga,234.15,4,1.0,237.18,237.18
Moscow,1980,400.0,Individual medley,0,Men,BRA,Djan Garrido Madruga,266.81,4,0.0,,
Montreal,1976,1500.0,Freestyle,0,Men,BRA,Djan Garrido Madruga,919.84,4,0.0,,
City,1968,100.0,Breaststroke,0,Women,YUG,Djurdjica Bjedov,75.8,1,0.0,,
City,1968,200.0,Breaststroke,0,Women,YUG,Djurdjica Bjedov,166.4,2,0.0,,
Seoul,1988,100.0,Breaststroke,0,Men,URS,Dmitri Volkov,62.2,3,0.0,,
Barcelona,1992,100.0,Breaststroke,0,Men,EUN,Dmitri Volkov,62.07,4,1.0,62.2,62.2
Rio,2016,100.0,Breaststroke,0,Men,KAZ,Dmitriy Balandin,59.95,4,0.0,,
Rio,2016,200.0,Breaststroke,0,Men,KAZ,Dmitriy Balandin,127.46,1,0.0,,
Rio,2016,200.0,Breaststroke,0,Men,KAZ,Dmitriy Balandin,127.46,1,1.0,127.46,127.46
Sydney,2000,100.0,Breaststroke,0,Men,ITA,Domenico Fioravanti,60.46,1,0.0,,
Sydney,2000,200.0,Breaststroke,0,Men,ITA,Domenico Fioravanti,130.87,1,0.0,,
Beijing,2008,200.0,Freestyle,0,Men,SUI,Dominik Meichtry,106.95,4,0.0,,
Angeles,1984,100.0,Backstroke,0,Men,CAN,Donald Alexander Goss,57.46,4,0.0,,
Tokyo,1964,100.0,Freestyle,0,Men,USA,Donald Arthur Schollander,53.4,1,0.0,,
City,1968,200.0,Freestyle,0,Men,USA,Donald Arthur Schollander,115.8,2,0.0,,
Tokyo,1964,400.0,Freestyle,0,Men,USA,Donald Arthur Schollander,252.2,1,0.0,,
London,1948,1500.0,Freestyle,0,Men,GBR,Donald Bland,1219.8,4,0.0,,
City,1968,100.0,Breaststroke,0,Men,USA,Donald Ward Jr. Mckenzie,67.7,1,0.0,,
Tokyo,1964,100.0,Butterfly,0,Women,USA,Donna Elizabeth De Varona,68.0,4,0.0,,
Tokyo,1964,400.0,Individual medley,0,Women,USA,Donna Elizabeth De Varona,318.7,1,0.0,,
Montreal,1976,400.0,Individual medley,0,Women,USA,Donna Lee Wennerstrom,295.34,4,0.0,,
Munich,1972,200.0,Backstroke,0,Women,CAN,Donna Marie Gurr,143.22,3,0.0,,
Angeles,1984,400.0,Individual medley,0,Women,CAN,Donna Mcginnis,290.65,4,0.0,,
Seoul,1988,400.0,Individual medley,0,Women,AUS,Donna Procter,287.51,4,0.0,,
Amsterdam,1928,100.0,Freestyle,0,Women,GER,Dora Schönemann,,0,0.0,,
Paris,1924,400.0,Freestyle,0,Women,GBR,Doris Molesworth,385.4,4,0.0,,
Berlin,1936,200.0,Breaststroke,0,Women,GBR,Doris Storey,189.7,4,0.0,,
Moscow,1980,200.0,Butterfly,0,Women,POL,Dorota Brzozowska,134.12,4,0.0,,
Munich,1972,100.0,Breaststroke,0,Women,GBR,Dorothy Elizabeth Harrison,77.49,4,0.0,,
Rome,1960,200.0,Breaststroke,0,Women,DEN,Dorrit Gosmer Kristensen,175.7,4,0.0,,
City,1968,100.0,Butterfly,0,Men,USA,Douglas Albert Russell,55.9,1,0.0,,
Moscow,1980,200.0,Backstroke,0,Men,GBR,Douglas Campbell,124.23,4,0.0,,
Munich,1972,1500.0,Freestyle,0,Men,USA,Douglas Dale Northway,969.25,3,0.0,,
Barcelona,1992,200.0,Freestyle,0,Men,USA,Douglas S. Gjertsen,110.57,4,0.0,,
Sydney,2000,400.0,Freestyle,0,Men,ROU,Dragos Cristian Coman,227.38,4,0.0,,
Athens,2004,1500.0,Freestyle,0,Men,ROU,Dragos Cristian Coman,910.21,4,0.0,,
Athens,2004,50.0,Freestyle,0,Men,CRO,Duje Draganja,21.94,2,0.0,,
Athens,2004,100.0,Butterfly,0,Men,CRO,Duje Draganja,52.46,4,0.0,,
Athens,2004,100.0,Freestyle,0,Men,CRO,Duje Draganja,49.23,4,0.0,,
Stockholm,1912,100.0,Freestyle,0,Men,USA,Duke Paoa Kahanamoku,63.4,1,0.0,,
Antwerp,1920,100.0,Freestyle,0,Men,USA,Duke Paoa Kahanamoku,61.4,1,1.0,63.4,63.4
Paris,1924,100.0,Freestyle,0,Men,USA,Duke Paoa Kahanamoku,61.4,1,2.0,61.4,62.4
Seoul,1988,200.0,Freestyle,0,Men,AUS,Duncan Armstrong,107.25,1,0.0,,
Seoul,1988,400.0,Freestyle,0,Men,AUS,Duncan Armstrong,227.15,2,0.0,,
Montreal,1976,100.0,Breaststroke,0,Men,GBR,Duncan Goodhew,64.66,4,0.0,,
Moscow,1980,100.0,Breaststroke,0,Men,GBR,Duncan Goodhew,63.34,2,1.0,64.66,64.66
Moscow,1980,200.0,Breaststroke,0,Men,GBR,Duncan Goodhew,140.92,4,0.0,,
Rio,2016,100.0,Freestyle,0,Men,GBR,Duncan Scott,48.01,4,0.0,,
Tokyo,2020,200.0,Freestyle,0,Men,GBR,Duncan Scott,104.259999,2,0.0,,
Tokyo,2020,200.0,Individual medley,0,Men,GBR,Duncan Scott,115.28,2,0.0,,
Rio,2016,200.0,Freestyle,0,Women,CHN,Duo Shen,115.25,4,0.0,,
Sydney,2000,100.0,Backstroke,0,Women,AUS,Dyana Calub,61.61,4,0.0,,
Beijing,2008,50.0,Freestyle,0,Men,AUS,Eamon Sullivan,21.65,4,0.0,,
London,2012,50.0,Freestyle,0,Men,AUS,Eamon Sullivan,21.98,4,1.0,21.65,21.65
Beijing,2008,100.0,Freestyle,0,Men,AUS,Eamon Sullivan,47.32,2,0.0,,
Sydney,2000,100.0,Breaststroke,0,Men,USA,Ed Moses,60.73,2,0.0,,
Berlin,1936,100.0,Backstroke,0,Women,USA,Edith Motridge,79.6,4,0.0,,
Moscow,1980,1500.0,Freestyle,0,Men,URS,Eduard Petrov,928.24,4,0.0,,
Amsterdam,1928,200.0,Breaststroke,0,Men,AUT,Edwin Friedberger,,0,0.0,,
City,1968,100.0,Breaststroke,0,Men,GDR,Egon Henninger,69.7,4,0.0,,
Rome,1960,200.0,Breaststroke,0,Men,GER,Egon Henninger,160.1,4,0.0,,
Tokyo,1964,200.0,Breaststroke,0,Men,GER,Egon Henninger,151.1,4,1.0,160.1,160.1
City,1968,200.0,Breaststroke,0,Men,GDR,Egon Henninger,153.2,4,2.0,151.1,155.6
Tokyo,1964,100.0,Butterfly,0,Women,JPN,Eiko Takahashi,69.1,4,0.0,,
Tokyo,1964,100.0,Butterfly,0,Women,FIN,Eila Marjatta Pyrhonen,67.3,4,0.0,,
Tokyo,1964,100.0,Backstroke,0,Women,CAN,Eileen Weir,69.8,4,0.0,,
Sydney,2000,100.0,Backstroke,0,Men,ISR,Eithan Urbach,55.74,4,0.0,,
Beijing,2008,200.0,Butterfly,0,Women,USA,Elaine Breeden,127.57,4,0.0,,
City,1968,100.0,Backstroke,0,Women,CAN,Elaine Tanner,66.7,2,0.0,,
City,1968,200.0,Backstroke,0,Women,CAN,Elaine Tanner,147.4,2,0.0,,
Amsterdam,1928,100.0,Backstroke,0,Women,USA,Eleanor Holm,84.4,4,0.0,,
Angeles,1932,100.0,Backstroke,0,Women,USA,Eleanor Holm,79.4,1,1.0,84.4,84.4
Amsterdam,1928,100.0,Freestyle,0,Women,USA,Eleanor Saville,71.4,2,0.0,,
Angeles,1932,100.0,Freestyle,0,Women,USA,Eleanor Saville,68.2,3,1.0,71.4,71.4
City,1968,100.0,Butterfly,0,Women,USA,Eleanor Suzanne Daniel,65.8,2,0.0,,
Munich,1972,100.0,Butterfly,0,Women,USA,Eleanor Suzanne Daniel,64.08,4,1.0,65.8,65.8
City,1968,200.0,Butterfly,0,Women,USA,Eleanor Suzanne Daniel,145.9,3,0.0,,
Munich,1972,200.0,Butterfly,0,Women,USA,Eleanor Suzanne Daniel,136.74,3,1.0,145.9,145.9
Seoul,1988,200.0,Individual medley,0,Women,URS,Elena Dendeberova,133.31,2,0.0,,
Barcelona,1992,200.0,Individual medley,0,Women,EUN,Elena Dendeberova,135.47,4,1.0,133.31,133.31
Seoul,1988,400.0,Individual medley,0,Women,URS,Elena Dendeberova,280.44,4,0.0,,
Moscow,1980,800.0,Freestyle,0,Women,URS,Elena Ivanova,526.45,4,0.0,,
Barcelona,1992,100.0,Breaststroke,0,Women,EUN,Elena Rudkovskaya,68.0,1,0.0,,
Barcelona,1992,200.0,Breaststroke,0,Women,EUN,Elena Rudkovskaya,148.47,4,0.0,,
Beijing,2008,800.0,Freestyle,0,Women,RUS,Elena Sokolova,509.79,4,0.0,,
Seoul,1988,100.0,Breaststroke,0,Women,URS,Elena Volkova,69.24,4,0.0,,
Berlin,1936,200.0,Breaststroke,0,Women,AUT,Elfriede Freudenreich,,0,0.0,,
Tokyo,2020,400.0,Freestyle,0,Men,AUS,Elijah Winnington,225.2,4,0.0,,
London,1948,100.0,Freestyle,0,Women,SWE,Elisabeth Ahlgren,68.8,4,0.0,,
Tokyo,1964,400.0,Individual medley,0,Women,NED,Elisabeth Anna Heukels,330.3,4,0.0,,
City,1968,400.0,Freestyle,0,Women,SWE,Elisabeth Ljunggren-Morris,293.8,4,0.0,,
Beijing,2008,200.0,Backstroke,0,Women,USA,Elizabeth Beisel,128.229999,4,0.0,,
London,2012,200.0,Backstroke,0,Women,USA,Elizabeth Beisel,126.55,3,1.0,128.229999,128.229999
Beijing,2008,400.0,Individual medley,0,Women,USA,Elizabeth Beisel,274.24,4,0.0,,
London,2012,400.0,Individual medley,0,Women,USA,Elizabeth Beisel,271.269999,2,1.0,274.24,274.24
Rio,2016,400.0,Individual medley,0,Women,USA,Elizabeth Beisel,274.98,4,2.0,271.269999,272.7549995
Tokyo,1964,400.0,Freestyle,0,Women,GBR,Elizabeth Carole Long,292.0,4,0.0,,
Seoul,1988,100.0,Backstroke,0,Women,USA,Elizabeth Cynthia Barr,62.78,4,0.0,,
Seoul,1988,200.0,Backstroke,0,Women,USA,Elizabeth Cynthia Barr,132.389999,4,0.0,,
London,1948,200.0,Breaststroke,0,Women,GBR,Elizabeth Mabel Church,186.1,4,0.0,,
Angeles,1984,100.0,Backstroke,0,Women,USA,Elizabeth Mitchell,62.63,2,0.0,,
Seoul,1988,100.0,Backstroke,0,Women,USA,Elizabeth Mitchell,62.71,4,1.0,62.63,62.63
Beijing,2008,200.0,Backstroke,0,Women,GBR,Elizabeth Simmonds,128.509999,4,0.0,,
London,2012,200.0,Backstroke,0,Women,GBR,Elizabeth Simmonds,127.26,4,1.0,128.509999,128.509999
Angeles,1932,100.0,Backstroke,0,Women,GBR,Elizabeth Valerie Davies,82.5,3,0.0,,
Barcelona,1992,100.0,Backstroke,0,Women,USA,Elizabeth Wagstaff,61.81,4,0.0,,
Melbourne,1956,100.0,Butterfly,0,Women,CAN,Elizabeth Whittall,77.9,4,0.0,,
Amsterdam,1928,100.0,Backstroke,0,Women,GBR,Ellen Elizabeth King,82.2,2,0.0,,
London,2012,100.0,Butterfly,0,Women,GBR,Ellen Gandy,57.76,4,0.0,,
Barcelona,1992,200.0,Individual medley,0,Women,AUS,Elli Overton,135.759999,4,0.0,,
Atlanta,1996,200.0,Individual medley,0,Women,AUS,Elli Overton,136.039999,4,1.0,135.759999,135.759999
Amsterdam,1928,200.0,Breaststroke,0,Women,DEN,Else Agnes Ella Jacobsen,199.0,4,0.0,,
Angeles,1932,200.0,Breaststroke,0,Women,DEN,Else Agnes Ella Jacobsen,187.1,3,1.0,199.0,199.0
Moscow,1980,100.0,Breaststroke,0,Women,URS,Elvira Vasilkova,70.41,2,0.0,,
Atlanta,1996,100.0,Backstroke,0,Men,ITA,Emanuele Merisi,55.53,4,0.0,,
Atlanta,1996,200.0,Backstroke,0,Men,ITA,Emanuele Merisi,119.18,3,0.0,,
Sydney,2000,200.0,Backstroke,0,Men,ITA,Emanuele Merisi,119.009999,4,1.0,119.18,119.18
Athens,2004,200.0,Freestyle,0,Men,ITA,Emiliano Brembilla,108.4,4,0.0,,
Atlanta,1996,400.0,Freestyle,0,Men,ITA,Emiliano Brembilla,229.87,4,0.0,,
Sydney,2000,400.0,Freestyle,0,Men,ITA,Emiliano Brembilla,227.01,4,1.0,229.87,229.87
Atlanta,1996,1500.0,Freestyle,0,Men,ITA,Emiliano Brembilla,908.58,4,0.0,,
Rio,2016,400.0,Individual medley,0,Women,CAN,Emily Overholt,274.7,4,0.0,,
London,2012,100.0,Backstroke,0,Women,AUS,Emily Seebohm,58.68,3,0.0,,
Rio,2016,100.0,Backstroke,0,Women,AUS,Emily Seebohm,59.19,4,1.0,58.68,58.68
Tokyo,2020,100.0,Backstroke,0,Women,AUS,Emily Seebohm,58.45,4,2.0,58.68,58.935
Tokyo,2020,200.0,Backstroke,0,Women,AUS,Emily Seebohm,126.17,3,0.0,,
Atlanta,1996,400.0,Individual medley,0,Women,AUS,Emma Johnson,284.02,4,0.0,,
Tokyo,2020,50.0,Freestyle,0,Women,AUS,Emma Mckeon,23.81,1,0.0,,
Rio,2016,100.0,Butterfly,0,Women,AUS,Emma Mckeon,57.05,4,0.0,,
Tokyo,2020,100.0,Butterfly,0,Women,AUS,Emma Mckeon,55.72,3,1.0,57.05,57.05
Tokyo,2020,100.0,Freestyle,0,Women,AUS,Emma Mckeon,51.96,1,0.0,,
Rio,2016,200.0,Freestyle,0,Women,AUS,Emma Mckeon,114.92,3,0.0,,
Amsterdam,1928,100.0,Backstroke,0,Women,NZL,Ena Stockley,85.8,4,0.0,,
Munich,1972,100.0,Backstroke,0,Women,NED,Enith Brigitha,66.819999,4,0.0,,
Munich,1972,100.0,Freestyle,0,Women,NED,Enith Brigitha,60.09,2,0.0,,
Montreal,1976,100.0,Freestyle,0,Women,NED,Enith Brigitha,56.65,3,1.0,60.09,60.09
Munich,1972,200.0,Backstroke,0,Women,NED,Enith Brigitha,143.7,4,0.0,,
Montreal,1976,200.0,Freestyle,0,Women,NED,Enith Brigitha,121.4,3,0.0,,
Barcelona,1992,400.0,Individual medley,0,Women,JPN,Eri Kimura,287.78,4,0.0,,
Atlanta,1996,400.0,Freestyle,0,Women,JPN,Eri Yamanoi,251.68,4,0.0,,
Amsterdam,1928,200.0,Breaststroke,0,Men,SWE,Eric Harling,176.8,4,0.0,,
Barcelona,1992,400.0,Individual medley,0,Men,USA,Eric Namesnik,255.57,2,0.0,,
Atlanta,1996,400.0,Individual medley,0,Men,USA,Eric Namesnik,255.25,2,1.0,255.57,255.57
Atlanta,1996,200.0,Breaststroke,0,Men,USA,Eric Wunderlich,135.69,4,0.0,,
Rome,1960,100.0,Freestyle,0,Women,NED,Erica Georgine Terpstra,64.3,4,0.0,,
Tokyo,1964,100.0,Freestyle,0,Women,NED,Erica Georgine Terpstra,61.8,2,1.0,64.3,64.3
Tokyo,2020,1500.0,Freestyle,0,Women,USA,Erica Sullivan,941.41,2,0.0,,
Amsterdam,1928,200.0,Breaststroke,0,Men,GER,Erich Rademacher,170.6,2,0.0,,
Tokyo,2020,200.0,Breaststroke,0,Men,SWE,Erik Persson,128.88,4,0.0,,
Sydney,2000,400.0,Individual medley,0,Men,USA,Erik Vendt,254.23,2,0.0,,
Athens,2004,400.0,Individual medley,0,Men,USA,Erik Vendt,251.81,2,1.0,254.23,254.23
Sydney,2000,1500.0,Freestyle,0,Men,USA,Erik Vendt,908.61,4,0.0,,
Tokyo,2020,400.0,Freestyle,0,Women,NZL,Erika Fairweather,248.01,4,0.0,,
Tokyo,2020,400.0,Freestyle,0,Women,NZL,Erika Fairweather,248.01,4,1.0,248.01,248.01
Barcelona,1992,400.0,Freestyle,0,Women,USA,Erika Hansen,251.5,4,0.0,,
Barcelona,1992,800.0,Freestyle,0,Women,USA,Erika Hansen,519.25,4,0.0,,
Athens,2004,800.0,Freestyle,0,Women,ESP,Erika Villaecija,509.04,4,0.0,,
Tokyo,1964,200.0,Backstroke,0,Men,GER,Ernst Joachim Küppers,135.699999,4,0.0,,
Amsterdam,1928,100.0,Backstroke,0,Men,GER,Ernst Kuppers,73.8,4,0.0,,
Angeles,1932,100.0,Backstroke,0,Men,GER,Ernst Kuppers,71.3,4,1.0,73.8,73.8
Amsterdam,1928,200.0,Breaststroke,0,Men,GER,Erwin Sietas,176.6,4,0.0,,
Angeles,1932,200.0,Breaststroke,0,Men,GER,Erwin Sietas,168.0,4,1.0,176.6,176.6
Berlin,1936,200.0,Breaststroke,0,Men,GER,Erwin Sietas,162.9,2,2.0,168.0,172.3
Paris,1924,100.0,Freestyle,0,Women,USA,Ethel Lackie,72.4,1,0.0,,
Antwerp,1920,100.0,Freestyle,0,Women,USA,Ethelda Bleibtrey,73.6,3,0.0,,
Rio,2016,50.0,Freestyle,0,Women,BRA,Etiene Medeiros,24.69,4,0.0,,
Angeles,1984,200.0,Breaststroke,0,Men,SUI,Etienne Dagon,137.41,4,0.0,,
Antwerp,1920,1500.0,Freestyle,0,Men,USA,Eugene Bolden,1444.3,4,0.0,,
Rome,1960,400.0,Freestyle,0,Men,USA,Eugene Carl Lenz,266.8,4,0.0,,
Melbourne,1956,200.0,Butterfly,0,Men,MEX,Eulalio Rios Aleman,147.3,4,0.0,,
Munich,1972,200.0,Breaststroke,0,Women,HUN,Eva Kiss,165.12,4,0.0,,
London,1948,200.0,Breaststroke,0,Women,HUN,Eva Novak-Gerard,180.2,3,0.0,,
Helsinki,1952,200.0,Breaststroke,0,Women,HUN,Eva Novak-Gerard,174.4,2,1.0,180.2,180.2
Helsinki,1952,400.0,Freestyle,0,Women,HUN,Eva Novak-Gerard,313.7,2,0.0,,
Athens,2004,200.0,Butterfly,0,Women,HUN,Eva Risztov,130.58,4,0.0,,
Athens,2004,400.0,Individual medley,0,Women,HUN,Eva Risztov,279.29,4,0.0,,
London,1948,200.0,Breaststroke,0,Women,HUN,Eva Szekely,182.5,4,0.0,,
Helsinki,1952,200.0,Breaststroke,0,Women,HUN,Eva Szekely,171.7,1,1.0,182.5,182.5
Melbourne,1956,200.0,Breaststroke,0,Women,HUN,Eva Szekely,174.8,2,2.0,171.7,177.1
Helsinki,1952,400.0,Freestyle,0,Women,HUN,Eva Szekely,317.9,4,0.0,,
Melbourne,1956,200.0,Breaststroke,0,Women,GER,Eva-Maria Ten Elsen,175.1,3,0.0,,
Moscow,1980,100.0,Breaststroke,0,Women,SWE,Eva-Marie Hakansson,71.72,4,0.0,,
Angeles,1984,100.0,Breaststroke,0,Women,SWE,Eva-Marie Hakansson,71.14,4,1.0,71.72,71.72
Munich,1972,200.0,Individual medley,0,Women,GDR,Evelyn Stolze,145.9,4,0.0,,
Munich,1972,400.0,Individual medley,0,Women,GDR,Evelyn Stolze,306.8,4,0.0,,
Helsinki,1952,400.0,Freestyle,0,Women,USA,Evelyn Tokue Kawamoto,314.6,3,0.0,,
Moscow,1980,100.0,Butterfly,0,Men,URS,Evgeni Seredin,55.35,4,0.0,,
Tokyo,2020,100.0,Breaststroke,0,Women,ROC,Evgeniia Chikunova,65.9,4,0.0,,
Tokyo,2020,200.0,Breaststroke,0,Women,ROC,Evgeniia Chikunova,140.88,4,0.0,,
London,2012,100.0,Butterfly,0,Men,RUS,Evgeny Korotyshkin,51.44,2,0.0,,
Rio,2016,100.0,Backstroke,0,Men,RUS,Evgeny Rylov,52.74,4,0.0,,
Tokyo,2020,100.0,Backstroke,0,Men,ROC,Evgeny Rylov,51.98,1,1.0,52.74,52.74
Rio,2016,200.0,Backstroke,0,Men,RUS,Evgeny Rylov,113.97,3,0.0,,
Tokyo,2020,200.0,Backstroke,0,Men,ROC,Evgeny Rylov,113.27,1,1.0,113.97,113.97
Barcelona,1992,200.0,Individual medley,0,Women,POL,Ewa Synowska,138.85,4,0.0,,
Barcelona,1992,400.0,Individual medley,0,Women,POL,Ewa Synowska,293.32,4,0.0,,
Rio,2016,200.0,Backstroke,0,Women,ISL,Eyglo Gustafsdottir,129.44,4,0.0,,
London,2012,100.0,Breaststroke,0,Men,ITA,Fabio Scozzoli,59.97,4,0.0,,
Moscow,1980,200.0,Freestyle,0,Men,ITA,Fabrizio Rampazzo,113.25,4,0.0,,
Melbourne,1956,100.0,Freestyle,0,Women,AUS,Faith Yvonne Leech,65.099999,3,0.0,,
Stockholm,1912,100.0,Freestyle,0,Women,ANZ,Fanny Durack,82.2,1,0.0,,
Tokyo,2020,200.0,Breaststroke,0,Women,BEL,Fanny Lecluyse,144.57,4,0.0,,
Athens,2004,200.0,Freestyle,0,Women,ITA,Federica Pellegrini,118.22,2,0.0,,
Beijing,2008,200.0,Freestyle,0,Women,ITA,Federica Pellegrini,114.82,1,1.0,118.22,118.22
London,2012,200.0,Freestyle,0,Women,ITA,Federica Pellegrini,116.729999,4,2.0,114.82,116.52
Rio,2016,200.0,Freestyle,0,Women,ITA,Federica Pellegrini,115.18,4,3.0,114.82,116.58999966666666
Tokyo,2020,200.0,Freestyle,0,Women,ITA,Federica Pellegrini,115.91,4,4.0,114.82,116.23749975
Beijing,2008,400.0,Freestyle,0,Women,ITA,Federica Pellegrini,244.56,4,0.0,,
London,2012,400.0,Freestyle,0,Women,ITA,Federica Pellegrini,244.5,4,1.0,244.56,244.56
Tokyo,2020,200.0,Butterfly,0,Men,ITA,Federico Burdisso,114.45,3,0.0,,
Rome,1960,200.0,Butterfly,0,Men,ITA,Federico Dennerlein,136.0,4,0.0,,
London,2012,100.0,Backstroke,0,Men,CHN,Feiyi Cheng,53.77,4,0.0,,
Athens,2004,200.0,Butterfly,0,Women,AUS,Felicity Galvez,129.28,4,0.0,,
Rio,2016,100.0,Breaststroke,0,Men,BRA,Felipe Franca,59.38,4,0.0,,
City,1968,200.0,Breaststroke,0,Men,MEX,Felipe Munoz,148.7,1,0.0,,
Munich,1972,200.0,Breaststroke,0,Men,MEX,Felipe Munoz,146.44,4,1.0,148.7,148.7
Tokyo,2020,400.0,Freestyle,0,Men,AUT,Felix Auboeck,224.07,4,0.0,,
Tokyo,2020,800.0,Freestyle,0,Men,AUT,Felix Auboeck,469.14,4,0.0,,
Tokyo,2020,1500.0,Freestyle,0,Men,AUT,Felix Auboeck,903.47,4,0.0,,
Tokyo,2020,100.0,Freestyle,0,Women,NED,Femke Heemskerk,52.79,4,0.0,,
London,2012,200.0,Backstroke,0,Men,CHN,Fenglin Zhang,115.59,4,0.0,,
Berlin,1936,100.0,Freestyle,0,Men,HUN,Ferenc Csik,57.6,1,0.0,,
London,1948,400.0,Freestyle,0,Women,BEL,Fernande Caroen,325.3,4,0.0,,
Tokyo,2020,200.0,Freestyle,0,Men,BRA,Fernando Scheffer,104.66,3,0.0,,
Atlanta,1996,50.0,Freestyle,0,Men,BRA,Fernando Scherer,22.29,3,0.0,,
Atlanta,1996,100.0,Freestyle,0,Men,BRA,Fernando Scherer,49.57,4,0.0,,
Athens,2004,100.0,Freestyle,0,Men,ITA,Filippo Magnini,48.99,4,0.0,,
Amsterdam,1928,200.0,Breaststroke,0,Women,POL,Fitzówna Fitzówna,,0,0.0,,
Athens,2004,50.0,Freestyle,0,Women,BRA,Flavia Cazziolato,25.2,4,0.0,,
Sydney,2000,800.0,Freestyle,0,Women,SUI,Flavia Rigamonti,505.91,4,0.0,,
Paris,1924,100.0,Backstroke,0,Women,USA,Florence Chambers,90.8,4,0.0,,
London,2012,50.0,Freestyle,0,Men,FRA,Florent Manaudou,21.34,1,0.0,,
Rio,2016,50.0,Freestyle,0,Men,FRA,Florent Manaudou,21.41,2,1.0,21.34,21.34
Tokyo,2020,50.0,Freestyle,0,Men,FRA,Florent Manaudou,21.55,2,2.0,21.34,21.375
Tokyo,2020,800.0,Freestyle,0,Men,GER,Florian Wellbrock,462.68,4,0.0,,
Tokyo,2020,1500.0,Freestyle,0,Men,GER,Florian Wellbrock,880.91,3,0.0,,
London,1948,1500.0,Freestyle,0,Men,USA,Forbes Holten Jr. Norris,1218.8,4,0.0,,
Helsinki,1952,400.0,Freestyle,0,Men,USA,Ford Hiroshi Konno,271.3,2,0.0,,
Helsinki,1952,1500.0,Freestyle,0,Men,USA,Ford Hiroshi Konno,1110.3,1,0.0,,
Antwerp,1920,100.0,Freestyle,0,Women,USA,Frances Schroth,77.2,4,0.0,,
London,2012,50.0,Freestyle,0,Women,GBR,Francesca Halsall,24.47,4,0.0,,
Rio,2016,50.0,Freestyle,0,Women,GBR,Francesca Halsall,24.13,4,1.0,24.47,24.47
Beijing,2008,100.0,Freestyle,0,Women,GBR,Francesca Halsall,54.29,4,0.0,,
London,2012,100.0,Freestyle,0,Women,GBR,Francesca Halsall,53.66,4,1.0,54.29,54.29
Atlanta,1996,50.0,Freestyle,0,Men,VEN,Francisco Sanchez,22.72,4,0.0,,
Atlanta,1996,100.0,Freestyle,0,Men,VEN,Francisco Sanchez,49.84,4,0.0,,
Barcelona,1992,200.0,Butterfly,0,Men,FRA,Franck Esposito,118.509999,3,0.0,,
Atlanta,1996,200.0,Butterfly,0,Men,FRA,Franck Esposito,118.1,4,1.0,118.509999,118.509999
Sydney,2000,200.0,Butterfly,0,Men,FRA,Franck Esposito,118.39,4,2.0,118.1,118.3049995
Angeles,1984,400.0,Freestyle,0,Men,FRA,Franck Iacono,234.579999,4,0.0,,
Angeles,1984,1500.0,Freestyle,0,Men,FRA,Franck Iacono,926.96,4,0.0,,
Barcelona,1992,100.0,Backstroke,0,Men,FRA,Franck Schott,55.72,4,0.0,,
Atlanta,1996,100.0,Backstroke,0,Men,FRA,Franck Schott,55.76,4,1.0,55.72,55.72
City,1968,100.0,Backstroke,0,Men,ITA,Franco Del Campo,62.0,4,0.0,,
City,1968,200.0,Backstroke,0,Men,ITA,Franco Del Campo,136.5,4,0.0,,
Seoul,1988,100.0,Backstroke,0,Men,GDR,Frank Baltrusch,56.1,4,0.0,,
Seoul,1988,200.0,Backstroke,0,Men,GDR,Frank Baltrusch,119.6,2,0.0,,
Antwerp,1920,400.0,Freestyle,0,Men,AUS,Frank De Beaurepaire,,0,0.0,,
Antwerp,1920,1500.0,Freestyle,0,Men,AUS,Frank De Beaurepaire,1384.0,3,0.0,,
Paris,1924,1500.0,Freestyle,0,Men,AUS,Frank De Beaurepaire,1308.4,3,1.0,1384.0,1384.0
Angeles,1984,200.0,Freestyle,0,Men,NED,Frank Drost,111.62,4,0.0,,
Melbourne,1956,100.0,Backstroke,0,Men,USA,Frank Edward Jr. Mckinney,64.5,3,0.0,,
Rome,1960,100.0,Backstroke,0,Men,USA,Frank Edward Jr. Mckinney,62.1,2,1.0,64.5,64.5
Seoul,1988,50.0,Freestyle,0,Men,FRG,Frank Henter,23.03,4,0.0,,
Seoul,1988,100.0,Backstroke,0,Men,FRG,Frank Hoffmeister,56.19,4,0.0,,
Tokyo,1964,400.0,Freestyle,0,Men,GER,Frank Wiegand,254.9,2,0.0,,
Barcelona,1992,100.0,Butterfly,0,Women,GER,Franziska Van Almsick,60.7,1,0.0,,
Barcelona,1992,100.0,Freestyle,0,Women,GER,Franziska Van Almsick,54.94,3,0.0,,
Atlanta,1996,100.0,Freestyle,0,Women,GER,Franziska Van Almsick,55.59,4,1.0,54.94,54.94
Barcelona,1992,200.0,Freestyle,0,Women,GER,Franziska Van Almsick,118.0,2,0.0,,
Atlanta,1996,200.0,Freestyle,0,Women,GER,Franziska Van Almsick,118.57,2,1.0,118.0,118.0
Athens,2004,200.0,Freestyle,0,Women,GER,Franziska Van Almsick,118.88,4,2.0,118.0,118.285
Moscow,1980,100.0,Backstroke,0,Men,NED,Fred Eefting,57.95,4,0.0,,
Moscow,1980,200.0,Backstroke,0,Men,NED,Fred Eefting,123.92,4,0.0,,
Antwerp,1920,400.0,Freestyle,0,Men,USA,Fred Kahele,,5,0.0,,
Antwerp,1920,1500.0,Freestyle,0,Men,USA,Fred Kahele,1439.1,4,0.0,,
Amsterdam,1928,400.0,Freestyle,0,Women,RSA,Freddie Van Der Goes,367.2,4,0.0,,
Angeles,1984,200.0,Backstroke,0,Men,FRA,Frederic Delcourt,121.75,2,0.0,,
Munich,1972,200.0,Freestyle,0,Men,USA,Frederick Daniel Tyler,114.96,4,0.0,,
Tokyo,1964,200.0,Butterfly,0,Men,USA,Frederick Weber Schmidt,129.3,3,0.0,,
Atlanta,1996,100.0,Breaststroke,0,Men,BEL,Frederik Deburghgraeve,60.65,1,0.0,,
London,1948,100.0,Freestyle,0,Women,DEN,Fritze Wulf Carstensen,69.1,4,0.0,,
London,1948,400.0,Freestyle,0,Women,DEN,Fritze Wulf Carstensen,329.4,4,0.0,,
Athens,2004,100.0,Butterfly,0,Men,BRA,Gabriel Mangabeira,52.34,4,0.0,,
Montreal,1976,100.0,Breaststroke,0,Women,FRG,Gabriele Askamp,74.15,4,0.0,,
Rio,2016,400.0,Freestyle,0,Men,ITA,Gabriele Detti,223.49,3,0.0,,
Tokyo,2020,400.0,Freestyle,0,Men,ITA,Gabriele Detti,224.88,4,1.0,223.49,223.49
Rio,2016,1500.0,Freestyle,0,Men,ITA,Gabriele Detti,880.86,3,0.0,,
Munich,1972,100.0,Freestyle,0,Women,GDR,Gabriele Wetzko,59.21,4,0.0,,
City,1968,200.0,Freestyle,0,Women,GDR,Gabriele Wetzko,132.3,4,0.0,,
City,1968,400.0,Freestyle,0,Women,GDR,Gabriele Wetzko,280.2,4,0.0,,
Barcelona,1992,100.0,Breaststroke,0,Women,HUN,Gabriella Csepe,70.19,4,0.0,,
Beijing,2008,100.0,Butterfly,0,Women,BRA,Gabriella Silva,58.1,4,0.0,,
Sydney,2000,200.0,Individual medley,0,Women,USA,Gabrielle Rose,134.82,4,0.0,,
Montreal,1976,200.0,Freestyle,0,Women,CAN,Gail Amundrud,123.32,4,0.0,,
Munich,1972,200.0,Butterfly,0,Women,AUS,Gail Neall,141.88,4,0.0,,
Munich,1972,400.0,Individual medley,0,Women,AUS,Gail Neall,302.97,1,0.0,,
Amsterdam,1928,1500.0,Freestyle,0,Men,CAN,Garnet Walter Ault,1306.0,4,0.0,,
Moscow,1980,100.0,Backstroke,0,Men,GBR,Gary Abraham,58.38,4,0.0,,
Moscow,1980,100.0,Butterfly,0,Men,GBR,Gary Abraham,55.42,4,0.0,,
Melbourne,1956,100.0,Freestyle,0,Men,AUS,Gary Chapman,56.7,3,0.0,,
Atlanta,1996,50.0,Freestyle,0,Men,USA,"Gary Hall, Jr.",22.26,2,0.0,,
Sydney,2000,50.0,Freestyle,0,Men,USA,"Gary Hall, Jr.",21.98,1,1.0,22.26,22.26
Athens,2004,50.0,Freestyle,0,Men,USA,"Gary Hall, Jr.",21.93,1,2.0,21.98,22.12
Atlanta,1996,100.0,Freestyle,0,Men,USA,"Gary Hall, Jr.",48.81,2,0.0,,
Sydney,2000,100.0,Freestyle,0,Men,USA,"Gary Hall, Jr.",48.73,3,1.0,48.81,48.81
Angeles,1984,100.0,Backstroke,0,Men,NZL,Gary Hurring,56.9,4,0.0,,
Angeles,1984,200.0,Backstroke,0,Men,NZL,Gary Hurring,123.1,4,0.0,,
Tokyo,1964,200.0,Backstroke,0,Men,USA,Gary J. Dilley,130.5,2,0.0,,
Montreal,1976,100.0,Butterfly,0,Men,USA,Gary Jr. Hall,54.65,3,0.0,,
City,1968,200.0,Backstroke,0,Men,USA,Gary Jr. Hall,132.6,4,0.0,,
Munich,1972,200.0,Butterfly,0,Men,USA,Gary Jr. Hall,122.86,2,0.0,,
Munich,1972,200.0,Individual medley,0,Men,USA,Gary Jr. Hall,128.49,4,0.0,,
City,1968,400.0,Individual medley,0,Men,USA,Gary Jr. Hall,288.7,2,0.0,,
Munich,1972,400.0,Individual medley,0,Men,USA,Gary Jr. Hall,277.38,4,1.0,288.7,288.7
Seoul,1988,200.0,Individual medley,0,Men,CAN,Gary Myers Anderson,126.35,4,0.0,,
Barcelona,1992,200.0,Individual medley,0,Men,CAN,Gary Myers Anderson,124.3,4,1.0,126.35,126.35
Tokyo,1964,100.0,Freestyle,0,Men,USA,Gary Steven Ilman,54.0,3,0.0,,
Melbourne,1956,400.0,Freestyle,0,Men,AUS,Gary Winram,274.9,4,0.0,,
Melbourne,1956,1500.0,Freestyle,0,Men,AUS,Gary Winram,1146.2,4,0.0,,
Angeles,1984,400.0,Individual medley,0,Women,GBR,Gaynor Stanley,292.83,4,0.0,,
Helsinki,1952,100.0,Backstroke,0,Women,NED,Geertje Wielema,74.5,2,0.0,,
Beijing,2008,100.0,Backstroke,0,Women,GBR,Gemma Spofforth,59.38,4,0.0,,
London,2012,100.0,Backstroke,0,Women,GBR,Gemma Spofforth,59.2,4,1.0,59.38,59.38
Moscow,1980,200.0,Breaststroke,0,Men,URS,Gennadi Utenkov,139.64,4,0.0,,
Seoul,1988,50.0,Freestyle,0,Men,URS,Gennady Prigoda,22.71,3,0.0,,
Barcelona,1992,50.0,Freestyle,0,Men,EUN,Gennady Prigoda,22.54,4,1.0,22.71,22.71
Seoul,1988,100.0,Freestyle,0,Men,URS,Gennady Prigoda,49.75,4,0.0,,
Barcelona,1992,100.0,Freestyle,0,Men,EUN,Gennady Prigoda,50.25,4,1.0,49.75,49.75
Sydney,2000,100.0,Butterfly,0,Men,AUS,Geoffrey Huegill,52.22,3,0.0,,
Athens,2004,100.0,Butterfly,0,Men,AUS,Geoffrey Huegill,52.56,4,1.0,52.22,52.22
London,2012,50.0,Freestyle,0,Men,TTO,George Bovell,21.82,4,0.0,,
Athens,2004,200.0,Individual medley,0,Men,TTO,George Bovell,118.8,3,0.0,,
Amsterdam,1928,100.0,Backstroke,0,Men,USA,George Harold Kojac,68.2,1,0.0,,
Amsterdam,1928,100.0,Freestyle,0,Men,USA,George Harold Kojac,60.8,2,0.0,,
Stockholm,1912,200.0,Breaststroke,0,Men,GBR,George Innocent,,0,0.0,,
Stockholm,1912,400.0,Breaststroke,0,Men,GBR,George Innocent,,0,0.0,,
Stockholm,1912,400.0,Freestyle,0,Men,CAN,George Ritchie Hodgson,324.4,1,0.0,,
Stockholm,1912,1500.0,Freestyle,0,Men,CAN,George Ritchie Hodgson,1320.0,1,0.0,,
City,1968,200.0,Individual medley,0,Men,CAN,George Smith,135.9,4,0.0,,
Melbourne,1956,400.0,Freestyle,0,Men,USA,George Thomas Breen,272.5,3,0.0,,
Melbourne,1956,1500.0,Freestyle,0,Men,USA,George Thomas Breen,1088.2,3,0.0,,
Rome,1960,1500.0,Freestyle,0,Men,USA,George Thomas Breen,1050.599999,3,1.0,1088.2,1088.2
Angeles,1984,400.0,Freestyle,0,Men,USA,George Thomas Dicarlo,231.23,1,0.0,,
Angeles,1984,1500.0,Freestyle,0,Men,USA,George Thomas Dicarlo,910.59,2,0.0,,
Antwerp,1920,400.0,Freestyle,0,Men,CAN,George Vernot,329.6,4,0.0,,
Antwerp,1920,1500.0,Freestyle,0,Men,CAN,George Vernot,1356.4,2,0.0,,
London,1948,100.0,Backstroke,0,Men,FRA,Georges Vallerey Jr.,67.8,3,0.0,,
Tokyo,1964,200.0,Breaststroke,0,Men,URS,Georgi Prokopenko,148.2,2,0.0,,
City,1968,100.0,Freestyle,0,Men,URS,Georgijs Kuļikovs,53.8,4,0.0,,
Athens,2004,400.0,Individual medley,0,Women,ARG,Georgina Bardach,277.51,3,0.0,,
Angeles,1984,200.0,Backstroke,0,Women,AUS,Georgina Parkes,134.37,4,0.0,,
Angeles,1984,100.0,Breaststroke,0,Men,FRG,Gerald Morken,63.95,4,0.0,,
Antwerp,1920,100.0,Backstroke,0,Men,BEL,Gerard Blitz,79.0,4,0.0,,
Paris,1924,100.0,Backstroke,0,Men,BEL,Gerard Blitz,79.6,4,1.0,79.0,79.0
Melbourne,1956,100.0,Backstroke,0,Women,AUS,Gerganiya Beckitt,74.7,4,0.0,,
London,2012,400.0,Freestyle,0,Men,HUN,Gergo Kis,227.03,4,0.0,,
Beijing,2008,400.0,Individual medley,0,Men,HUN,Gergo Kis,252.84,4,0.0,,
Tokyo,1964,400.0,Individual medley,0,Men,GER,Gerhard Hetz,291.0,3,0.0,,
Helsinki,1952,100.0,Backstroke,0,Women,GER,Gertrud Herrbruck,78.0,4,0.0,,
Paris,1924,100.0,Freestyle,0,Women,USA,Gertrude Ederle,74.2,3,0.0,,
Paris,1924,400.0,Freestyle,0,Women,USA,Gertrude Ederle,364.8,3,0.0,,
London,1948,100.0,Freestyle,0,Men,HUN,Geza Kadas,58.1,4,0.0,,
Helsinki,1952,100.0,Freestyle,0,Men,HUN,Geza Kadas,58.6,4,1.0,58.1,58.1
London,1948,400.0,Freestyle,0,Men,HUN,Geza Kadas,289.4,4,0.0,,
Seoul,1988,100.0,Breaststroke,0,Men,ITA,Gianni Minervini,62.93,4,0.0,,
London,2012,100.0,Breaststroke,0,Men,LTU,Giedrius Titenis,60.84,1,0.0,,
Helsinki,1952,100.0,Backstroke,0,Men,FRA,Gilbert Bozon,66.2,2,0.0,,
Paris,1924,100.0,Freestyle,0,Women,FRA,Gilberte Mortier,,0,0.0,,
Montreal,1976,100.0,Breaststroke,0,Men,ITA,Giorgio Lalle,64.37,4,0.0,,
Angeles,1984,400.0,Individual medley,0,Men,ITA,Giovanni Franceschi,266.05,4,0.0,,
Berlin,1936,100.0,Freestyle,0,Women,GER,Gisela Arendt-Jacobs,66.599999,3,0.0,,
Paris,1924,200.0,Breaststroke,0,Women,GBR,Gladys Carson,215.4,3,0.0,,
Barcelona,1992,1500.0,Freestyle,0,Men,AUS,Glen Clifford Housman,895.29,2,0.0,,
City,1968,100.0,Backstroke,0,Women,NZL,Glenda Joy Stirling,70.6,4,0.0,,
Angeles,1984,200.0,Breaststroke,0,Men,AUS,Glenn Beringen,135.789999,3,0.0,,
Angeles,1984,100.0,Butterfly,0,Men,AUS,Glenn Buchanan,53.85,3,0.0,,
Sydney,2000,200.0,Backstroke,0,Men,CRO,Gordan Kozulj,119.38,4,0.0,,
Montreal,1976,200.0,Freestyle,0,Men,GBR,Gordon Hunter Downie,112.78,4,0.0,,
Moscow,1980,100.0,Freestyle,0,Men,AUS,Graeme Brewer,52.22,4,0.0,,
Moscow,1980,200.0,Freestyle,0,Men,AUS,Graeme Brewer,111.6,3,0.0,,
Atlanta,1996,1500.0,Freestyle,0,Men,GBR,Graeme Smith,902.48,3,0.0,,
Athens,2004,1500.0,Freestyle,0,Men,GBR,Graeme Smith,909.71,4,1.0,902.48,902.48
Munich,1972,400.0,Freestyle,0,Men,AUS,Graham Claud Windeatt,242.93,4,0.0,,
Munich,1972,400.0,Individual medley,0,Men,AUS,Graham Claud Windeatt,280.39,4,0.0,,
Munich,1972,1500.0,Freestyle,0,Men,AUS,Graham Claud Windeatt,958.48,2,0.0,,
City,1968,400.0,Freestyle,0,Men,AUS,Graham Rose White,256.7,4,0.0,,
City,1968,1500.0,Freestyle,0,Men,AUS,Graham Rose White,1028.0,4,0.0,,
Munich,1972,1500.0,Freestyle,0,Men,AUS,Graham Rose White,977.22,4,1.0,1028.0,1028.0
Montreal,1976,100.0,Breaststroke,0,Men,CAN,Graham Smith,64.26,4,0.0,,
Montreal,1976,200.0,Breaststroke,0,Men,CAN,Graham Smith,139.42,4,0.0,,
Montreal,1976,400.0,Individual medley,0,Men,CAN,Graham Smith,268.64,4,0.0,,
Melbourne,1956,100.0,Backstroke,0,Men,GBR,Graham Sykes,65.599999,4,0.0,,
Sydney,2000,200.0,Freestyle,0,Men,AUS,Grant Hackett,109.46,4,0.0,,
Athens,2004,200.0,Freestyle,0,Men,AUS,Grant Hackett,106.56,4,1.0,109.46,109.46
Sydney,2000,400.0,Freestyle,0,Men,AUS,Grant Hackett,228.22,4,0.0,,
Athens,2004,400.0,Freestyle,0,Men,AUS,Grant Hackett,223.36,2,1.0,228.22,228.22
Beijing,2008,400.0,Freestyle,0,Men,AUS,Grant Hackett,223.84,4,2.0,223.36,225.79000000000002
Sydney,2000,1500.0,Freestyle,0,Men,AUS,Grant Hackett,888.33,1,0.0,,
Athens,2004,1500.0,Freestyle,0,Men,AUS,Grant Hackett,883.4,1,1.0,888.33,888.33
Beijing,2008,1500.0,Freestyle,0,Men,AUS,Grant Hackett,881.53,2,2.0,883.4,885.865
London,1948,100.0,Backstroke,0,Women,NED,Greetje Gaillard,79.1,4,0.0,,
Athens,2004,200.0,Backstroke,0,Men,GBR,Gregor Tait,119.28,4,0.0,,
Beijing,2008,200.0,Backstroke,0,Men,GBR,Gregor Tait,117.0,4,1.0,119.28,119.28
Tokyo,2020,800.0,Freestyle,0,Men,ITA,Gregorio Paltrinieri,462.11,2,0.0,,
London,2012,1500.0,Freestyle,0,Men,ITA,Gregorio Paltrinieri,891.92,4,0.0,,
Rio,2016,1500.0,Freestyle,0,Men,ITA,Gregorio Paltrinieri,874.57,1,1.0,891.92,891.92
Tokyo,2020,1500.0,Freestyle,0,Men,ITA,Gregorio Paltrinieri,885.01,4,2.0,874.57,883.245
City,1968,400.0,Freestyle,0,Men,AUS,Gregory Brough,255.9,4,0.0,,
City,1968,1500.0,Freestyle,0,Men,AUS,Gregory Brough,1024.7,3,0.0,,
Barcelona,1992,200.0,Individual medley,0,Men,USA,Gregory Burgess,120.97,2,0.0,,
Atlanta,1996,200.0,Individual medley,0,Men,USA,Gregory Burgess,122.56,4,1.0,120.97,120.97
City,1968,200.0,Individual medley,0,Men,USA,Gregory F. Buckingham,133.0,2,0.0,,
City,1968,400.0,Individual medley,0,Men,USA,Gregory F. Buckingham,291.4,3,0.0,,
London,1948,100.0,Freestyle,0,Women,DEN,Greta Marie Andersen,66.3,1,0.0,,
Helsinki,1952,400.0,Freestyle,0,Women,DEN,Greta Marie Andersen,327.0,4,0.0,,
Stockholm,1912,100.0,Freestyle,0,Women,GER,Grete Rosenberg,87.2,4,0.0,,
Berlin,1936,400.0,Freestyle,0,Women,DEN,Grethe Ortved Frederiksen,345.0,4,0.0,,
Moscow,1980,400.0,Individual medley,0,Women,GDR,Grit Slaby,288.54,4,0.0,,
Rio,2016,200.0,Backstroke,0,Men,CHN,Guangyuan Li,115.89,4,0.0,,
Munich,1972,100.0,Butterfly,0,Women,FRG,Gudrun Beckmann,64.15,4,0.0,,
Munich,1972,400.0,Freestyle,0,Women,GDR,Gudrun Wegner,263.11,3,0.0,,
Munich,1972,800.0,Freestyle,0,Women,GDR,Gudrun Wegner,538.89,4,0.0,,
Tokyo,2020,800.0,Freestyle,0,Men,BRA,Guilherme Costa,473.31,4,0.0,,
City,1968,1500.0,Freestyle,0,Men,MEX,Guillermo Echevarria Perez,1056.4,4,0.0,,
Munich,1972,1500.0,Freestyle,0,Men,MEX,Guillermo Garcia,996.03,4,0.0,,
Tokyo,2020,200.0,Butterfly,0,Men,USA,Gunnar Bentz,115.46,4,0.0,,
Munich,1972,200.0,Individual medley,0,Men,SWE,Gunnar Larsson,127.17,1,0.0,,
Munich,1972,400.0,Individual medley,0,Men,SWE,Gunnar Larsson,271.98,1,0.0,,
Paris,1924,1500.0,Freestyle,0,Men,FRA,Gustave Klein,,0,0.0,,
Barcelona,1992,100.0,Freestyle,0,Men,BRA,Gustavo Borges,49.43,2,0.0,,
Atlanta,1996,100.0,Freestyle,0,Men,BRA,Gustavo Borges,49.02,3,1.0,49.43,49.43
Atlanta,1996,200.0,Freestyle,0,Men,BRA,Gustavo Borges,108.08,2,0.0,,
Moscow,1980,100.0,Freestyle,0,Women,FRA,Guylaine Berger,57.88,4,0.0,,
Barcelona,1992,100.0,Breaststroke,0,Women,CAN,Guylaine Cloutier,69.71,4,0.0,,
Atlanta,1996,100.0,Breaststroke,0,Women,CAN,Guylaine Cloutier,69.4,4,1.0,69.71,69.71
Barcelona,1992,200.0,Breaststroke,0,Women,CAN,Guylaine Cloutier,149.88,4,0.0,,
Paris,1924,400.0,Freestyle,0,Women,NZL,Gwitha Shand,,0,0.0,,
Tokyo,1964,400.0,Individual medley,0,Men,HUN,Gyorgy Kosztolanczi,301.9,4,0.0,,
Rome,1960,100.0,Freestyle,0,Men,HUN,Gyula Dobai,56.3,4,0.0,,
Tokyo,1964,100.0,Freestyle,0,Men,HUN,Gyula Dobai,54.9,4,1.0,56.3,56.3
London,1948,1500.0,Freestyle,0,Men,HUN,György Csordas,1194.2,4,0.0,,
London,1948,400.0,Freestyle,0,Men,HUN,György Mitro,289.9,4,0.0,,
London,1948,1500.0,Freestyle,0,Men,HUN,György Mitro,1183.2,3,0.0,,
Melbourne,1956,200.0,Butterfly,0,Men,HUN,György Tumpek,143.9,3,0.0,,
Helsinki,1952,100.0,Freestyle,0,Men,SWE,Göran Larsson,58.2,3,0.0,,
Berlin,1936,400.0,Freestyle,0,Men,AUT,Günther Zobernig,,0,0.0,,
Barcelona,1992,200.0,Backstroke,0,Men,JPN,Hajime Itoi,119.52,4,0.0,,
Atlanta,1996,200.0,Backstroke,0,Men,JPN,Hajime Itoi,120.1,4,1.0,119.52,119.52
Antwerp,1920,200.0,Breaststroke,0,Men,SWE,Hakan Malmrot,184.4,3,0.0,,
Antwerp,1920,200.0,Breaststroke,0,Men,SWE,Hakan Malmrot,184.4,3,1.0,184.4,184.4
Antwerp,1920,400.0,Breaststroke,0,Men,SWE,Hakan Malmrot,391.8,2,0.0,,
Athens,2004,100.0,Backstroke,0,Women,USA,Haley Cope,61.76,4,0.0,,
Rio,2016,200.0,Butterfly,0,Women,USA,Hali Flickinger,127.71,4,0.0,,
Tokyo,2020,200.0,Butterfly,0,Women,USA,Hali Flickinger,125.65,3,1.0,127.71,127.71
Amsterdam,1928,400.0,Freestyle,0,Women,POL,Halina Iżycka,,0,0.0,,
City,1968,100.0,Breaststroke,0,Women,URS,Halyna Prozumenshchykova-Stepanova,75.9,2,0.0,,
Munich,1972,100.0,Breaststroke,0,Women,URS,Halyna Prozumenshchykova-Stepanova,74.99,2,1.0,75.9,75.9
Tokyo,1964,200.0,Breaststroke,0,Women,URS,Halyna Prozumenshchykova-Stepanova,166.4,1,0.0,,
City,1968,200.0,Breaststroke,0,Women,URS,Halyna Prozumenshchykova-Stepanova,167.0,3,1.0,166.4,166.4
Munich,1972,200.0,Breaststroke,0,Women,URS,Halyna Prozumenshchykova-Stepanova,162.36,3,2.0,166.4,166.7
Beijing,2008,100.0,Backstroke,0,Women,JPN,Hanae Ito,60.18,2,0.0,,
Beijing,2008,100.0,Freestyle,0,Women,FIN,Hanna-Maria Seppala,53.97,4,0.0,,
London,2012,200.0,Individual medley,0,Women,GBR,Hannah Miley,131.289999,4,0.0,,
Beijing,2008,400.0,Individual medley,0,Women,GBR,Hannah Miley,279.44,4,0.0,,
London,2012,400.0,Individual medley,0,Women,GBR,Hannah Miley,274.17,4,1.0,279.44,279.44
Rio,2016,400.0,Individual medley,0,Women,GBR,Hannah Miley,272.54,4,2.0,274.17,276.805
Sydney,2000,400.0,Freestyle,0,Women,GER,Hannah Stockbauer,250.38,4,0.0,,
Sydney,2000,800.0,Freestyle,0,Women,GER,Hannah Stockbauer,510.11,4,0.0,,
Montreal,1976,100.0,Breaststroke,0,Women,GDR,Hannelore Anke,71.16,1,0.0,,
Montreal,1976,200.0,Breaststroke,0,Women,GDR,Hannelore Anke,156.49,4,0.0,,
Berlin,1936,200.0,Breaststroke,0,Women,GER,Hanni Hölzner,189.5,4,0.0,,
Munich,1972,200.0,Butterfly,0,Men,FRG,Hans Fassnacht,124.69,4,0.0,,
City,1968,400.0,Freestyle,0,Men,FRG,Hans Fassnacht,258.1,4,0.0,,
Angeles,1984,100.0,Backstroke,0,Men,NED,Hans Kroes,58.07,4,0.0,,
Munich,1972,200.0,Individual medley,0,Men,SWE,Hans Ljungberg,133.56,4,0.0,,
Melbourne,1956,400.0,Freestyle,0,Men,GER,Hans Zierold,274.6,4,0.0,,
Montreal,1976,400.0,Individual medley,0,Men,FRG,Hans-Joachim Geisler,274.95,4,0.0,,
Tokyo,1964,100.0,Freestyle,0,Men,GER,Hans-Joachim Klein,54.0,3,0.0,,
London,2012,100.0,Freestyle,0,Men,CUB,Hanser Garcia,48.04,4,0.0,,
Stockholm,1912,400.0,Freestyle,0,Men,ANZ,Harold H. Hardwick,331.2,3,0.0,,
Stockholm,1912,1500.0,Freestyle,0,Men,ANZ,Harold H. Hardwick,1395.4,3,0.0,,
Stockholm,1912,100.0,Backstroke,0,Men,USA,Harry J. Hebner,81.2,1,0.0,,
Munich,1972,100.0,Butterfly,0,Men,GDR,Hartmut Flöckner,57.4,4,0.0,,
Munich,1972,200.0,Butterfly,0,Men,GDR,Hartmut Flöckner,125.34,4,0.0,,
Rome,1960,200.0,Butterfly,0,Men,JPN,Haruo Yoshimuta,138.3,4,0.0,,
Beijing,2008,100.0,Backstroke,0,Men,AUS,Hayden Stoeckel,53.18,3,0.0,,
London,2012,100.0,Backstroke,0,Men,AUS,Hayden Stoeckel,53.55,4,1.0,53.18,53.18
Beijing,2008,200.0,Backstroke,0,Men,AUS,Hayden Stoeckel,116.39,4,0.0,,
Barcelona,1992,400.0,Freestyle,0,Women,AUS,Hayley Lewis,251.22,3,0.0,,
Barcelona,1992,400.0,Individual medley,0,Women,AUS,Hayley Lewis,283.75,4,0.0,,
Barcelona,1992,800.0,Freestyle,0,Women,AUS,Hayley Lewis,510.34,2,0.0,,
Melbourne,1956,400.0,Freestyle,0,Women,FRA,Heda Frost,315.4,4,0.0,,
Munich,1972,100.0,Freestyle,0,Women,FRG,Heidemarie Reineck,59.73,4,0.0,,
Moscow,1980,800.0,Freestyle,0,Women,GDR,Heike Dähne,513.48,3,0.0,,
Seoul,1988,200.0,Freestyle,0,Women,GDR,Heike Friedrich,117.65,1,0.0,,
Seoul,1988,400.0,Freestyle,0,Women,GDR,Heike Friedrich,245.94,2,0.0,,
Tokyo,1964,100.0,Butterfly,0,Women,GER,Heike Hustede-Nagel,68.5,4,0.0,,
City,1968,100.0,Butterfly,0,Women,FRG,Heike Hustede-Nagel,66.9,4,1.0,68.5,68.5
City,1968,200.0,Butterfly,0,Women,FRG,Heike Hustede-Nagel,147.9,4,0.0,,
Sydney,2000,1500.0,Freestyle,0,Men,GER,Heiko Hell,919.87,4,0.0,,
Berlin,1936,1500.0,Freestyle,0,Men,GER,Heinz Arendt,1199.0,4,0.0,,
Helsinki,1952,200.0,Breaststroke,0,Women,GBR,Helen Orr Gordon-Mckay,177.6,3,0.0,,
Melbourne,1956,200.0,Breaststroke,0,Women,GBR,Helen Orr Gordon-Mckay,176.1,4,1.0,177.6,177.6
Paris,1924,400.0,Freestyle,0,Women,USA,Helen Wainwright,363.8,2,0.0,,
Angeles,1932,100.0,Freestyle,0,Women,USA,Helene Madison,66.8,1,0.0,,
Angeles,1932,400.0,Freestyle,0,Women,USA,Helene Madison,328.5,1,0.0,,
Sydney,2000,100.0,Freestyle,0,Women,RSA,Helene Muller,55.19,4,0.0,,
City,1968,100.0,Butterfly,0,Women,GDR,Helga Lindner,67.599999,4,0.0,,
City,1968,200.0,Butterfly,0,Women,GDR,Helga Lindner,144.8,2,0.0,,
Munich,1972,200.0,Butterfly,0,Women,GDR,Helga Lindner,140.47,4,1.0,144.8,144.8
Melbourne,1956,100.0,Backstroke,0,Women,GER,Helga Schmidt-Neuber,73.4,4,0.0,,
London,2012,100.0,Backstroke,0,Men,GER,Helge Meeuw,53.48,4,0.0,,
Berlin,1936,100.0,Freestyle,0,Men,GER,Helmuth Fischer,59.3,4,0.0,,
London,1948,100.0,Backstroke,0,Women,NED,Hendrika Anna-Maria Van Der Horst,78.8,4,0.0,,
Helsinki,1952,100.0,Backstroke,0,Women,NED,Hendrika Anna-Maria Van Der Horst,,0,1.0,78.8,78.8
Berlin,1936,100.0,Backstroke,0,Women,NED,Hendrika Mastenbroek,79.2,2,0.0,,
Berlin,1936,100.0,Freestyle,0,Women,NED,Hendrika Mastenbroek,65.9,1,0.0,,
Berlin,1936,400.0,Freestyle,0,Women,NED,Hendrika Mastenbroek,326.4,1,0.0,,
Tokyo,2020,400.0,Freestyle,0,Men,GER,Henning Bennet Muhlleitner,224.07,4,0.0,,
Amsterdam,1928,100.0,Freestyle,0,Men,BEL,Henri Stoelen,,0,0.0,,
Rio,2016,1500.0,Freestyle,0,Men,NOR,Henrik Christiansen,902.66,4,0.0,,
Paris,1924,100.0,Backstroke,0,Men,USA,Henry Luning,,0,0.0,,
Stockholm,1912,1500.0,Freestyle,0,Men,GBR,Henry Taylor,,0,0.0,,
Antwerp,1920,1500.0,Freestyle,0,Men,GBR,Henry Taylor,,0,1.0,,
Helsinki,1952,200.0,Breaststroke,0,Men,GER,Herbert Klein,155.9,3,0.0,,
Stockholm,1912,1500.0,Freestyle,0,Men,NOR,Herbert Mauritz Wetter,,0,0.0,,
Montreal,1976,100.0,Butterfly,0,Men,JPN,Hideaki Hara,56.34,4,0.0,,
Barcelona,1992,400.0,Individual medley,0,Women,JPN,Hideko Hiranaka,286.24,4,0.0,,
Angeles,1932,200.0,Breaststroke,0,Women,JPN,Hideko Maehata,186.4,2,0.0,,
Berlin,1936,200.0,Breaststroke,0,Women,JPN,Hideko Maehata,183.6,1,1.0,186.4,186.4
Rio,2016,200.0,Backstroke,0,Women,CAN,Hilary Caldwell,127.54,3,0.0,,
Amsterdam,1928,200.0,Breaststroke,0,Women,GER,Hilde Schrader,192.6,1,0.0,,
Beijing,2008,50.0,Freestyle,0,Women,NED,Hinkelien Schreuder,24.65,4,0.0,,
Angeles,1984,100.0,Breaststroke,0,Women,JPN,Hiroko Nagasaki,71.33,4,0.0,,
Angeles,1984,200.0,Breaststroke,0,Women,JPN,Hiroko Nagasaki,152.93,4,0.0,,
Rio,2016,200.0,Individual medley,0,Men,JPN,Hiromasa Fujimori,117.21,4,0.0,,
Helsinki,1952,400.0,Freestyle,0,Men,JPN,Hironoshin Furuhashi,282.1,4,0.0,,
Berlin,1936,400.0,Freestyle,0,Men,JPN,Hiroshi Negami,293.6,4,0.0,,
Helsinki,1952,100.0,Freestyle,0,Men,JPN,Hiroshi Suzuki,57.4,1,0.0,,
Atlanta,1996,100.0,Butterfly,0,Women,JPN,Hitomi Kashima,60.11,1,0.0,,
Paris,1924,200.0,Breaststroke,0,Women,SWE,Hjördis Töpel,227.6,4,0.0,,
Seoul,1988,100.0,Butterfly,0,Women,CHN,Hong Qian,59.52,4,0.0,,
Barcelona,1992,100.0,Butterfly,0,Women,CHN,Hong Qian,58.62,3,1.0,59.52,59.52
Rio,2016,100.0,Breaststroke,0,Women,ISL,Hrafnhildur Luthersdottir,67.18,4,0.0,,
Sydney,2000,400.0,Freestyle,0,Women,CHN,Hua Chen,253.11,4,0.0,,
Sydney,2000,800.0,Freestyle,0,Women,CHN,Hua Chen,510.58,4,0.0,,
Tokyo,2020,100.0,Backstroke,0,Men,ESP,Hugo Gonzalez De Oliveira,52.78,4,0.0,,
Melbourne,1956,200.0,Breaststroke,0,Men,FRA,Hugues Broussard,,0,0.0,,
Athens,2004,100.0,Breaststroke,0,Men,FRA,Hugues Duboscq,60.88,3,0.0,,
Beijing,2008,100.0,Breaststroke,0,Men,FRA,Hugues Duboscq,59.37,4,1.0,60.88,60.88
Beijing,2008,200.0,Breaststroke,0,Men,FRA,Hugues Duboscq,128.94,3,0.0,,
Athens,2004,100.0,Breaststroke,0,Women,CHN,Hui Qi,,5,0.0,,
Sydney,2000,200.0,Breaststroke,0,Women,CHN,Hui Qi,145.36,4,0.0,,
Athens,2004,200.0,Breaststroke,0,Women,CHN,Hui Qi,146.35,4,1.0,145.36,145.36
Atlanta,1996,100.0,Butterfly,0,Women,CHN,Huijue Cai,60.46,4,0.0,,
Sydney,2000,100.0,Butterfly,0,Men,USA,Ian Crocker,52.44,4,0.0,,
Athens,2004,100.0,Butterfly,0,Men,USA,Ian Crocker,51.29,2,1.0,52.44,52.44
Beijing,2008,100.0,Butterfly,0,Men,USA,Ian Crocker,51.13,4,2.0,51.29,51.864999999999995
Rome,1960,400.0,Freestyle,0,Men,GBR,Ian Macintosh Black,261.8,3,0.0,,
Barcelona,1992,400.0,Freestyle,0,Men,AUS,Ian Robert Brown,228.79,4,0.0,,
Athens,2004,100.0,Freestyle,0,Men,AUS,Ian Thorpe,48.56,3,0.0,,
Sydney,2000,200.0,Freestyle,0,Men,AUS,Ian Thorpe,105.83,2,0.0,,
Athens,2004,200.0,Freestyle,0,Men,AUS,Ian Thorpe,104.71,1,1.0,105.83,105.83
Sydney,2000,400.0,Freestyle,0,Men,AUS,Ian Thorpe,220.59,1,0.0,,
Athens,2004,400.0,Freestyle,0,Men,AUS,Ian Thorpe,223.1,1,1.0,220.59,220.59
Barcelona,1992,1500.0,Freestyle,0,Men,GBR,Ian Wilson,913.35,4,0.0,,
Munich,1972,200.0,Breaststroke,0,Men,URS,Igor Cherdakov,147.15,4,0.0,,
Sydney,2000,1500.0,Freestyle,0,Men,UKR,Igor Chervynskiy,908.8,4,0.0,,
Munich,1972,100.0,Backstroke,0,Men,URS,Igor Grivennikov,59.5,4,0.0,,
Munich,1972,100.0,Freestyle,0,Men,URS,Igor Grivennikov,52.44,4,0.0,,
Barcelona,1992,1500.0,Freestyle,0,Men,SLO,Igor Majcen,919.12,4,0.0,,
Athens,2004,100.0,Butterfly,0,Men,RUS,Igor Marchenko,52.32,4,0.0,,
Seoul,1988,100.0,Backstroke,0,Men,URS,Igor Polyanski,55.2,3,0.0,,
Seoul,1988,200.0,Backstroke,0,Men,URS,Igor Polyanski,119.37,1,0.0,,
Beijing,2008,100.0,Breaststroke,0,Men,UKR,Ihor Borysyk,60.2,1,0.0,,
Melbourne,1956,200.0,Breaststroke,0,Men,URS,Ihor Zaseda,159.0,4,0.0,,
London,2012,100.0,Butterfly,0,Women,ITA,Ilaria Bianchi,57.27,4,0.0,,
Barcelona,1992,200.0,Butterfly,0,Women,ITA,Ilaria Tocchini,133.78,4,0.0,,
London,1948,100.0,Backstroke,0,Women,HUN,Ilona Novak,78.4,4,0.0,,
Rome,1960,400.0,Freestyle,0,Women,AUS,Ilsa Konrads,297.9,4,0.0,,
Tokyo,2020,100.0,Breaststroke,0,Men,BLR,Ilya Shymanovich,59.36,4,0.0,,
Angeles,1984,100.0,Butterfly,0,Women,FRG,Ina Beyermann,62.11,4,0.0,,
Angeles,1984,200.0,Butterfly,0,Women,FRG,Ina Beyermann,131.91,3,0.0,,
Angeles,1984,200.0,Freestyle,0,Women,FRG,Ina Beyermann,121.89,4,0.0,,
Moscow,1980,100.0,Backstroke,0,Women,GDR,Ina Kleber,62.07,2,0.0,,
Moscow,1980,100.0,Freestyle,0,Women,GDR,Ines Diers,55.65,3,0.0,,
Moscow,1980,200.0,Freestyle,0,Women,GDR,Ines Diers,119.64,2,0.0,,
Moscow,1980,400.0,Freestyle,0,Women,GDR,Ines Diers,248.76,1,0.0,,
Moscow,1980,800.0,Freestyle,0,Women,GDR,Ines Diers,512.549999,2,0.0,,
Moscow,1980,200.0,Butterfly,0,Women,GDR,Ines Geissler,130.44,1,0.0,,
Moscow,1980,800.0,Freestyle,0,Women,GDR,Ines Geissler,525.28,4,0.0,,
Barcelona,1992,50.0,Freestyle,0,Women,NED,Inge De Bruijn,25.84,4,0.0,,
Sydney,2000,50.0,Freestyle,0,Women,NED,Inge De Bruijn,24.32,1,1.0,25.84,25.84
Athens,2004,50.0,Freestyle,0,Women,NED,Inge De Bruijn,24.58,1,2.0,24.32,25.08
Sydney,2000,100.0,Butterfly,0,Women,NED,Inge De Bruijn,56.61,1,0.0,,
Athens,2004,100.0,Butterfly,0,Women,NED,Inge De Bruijn,57.99,3,1.0,56.61,56.61
Sydney,2000,100.0,Freestyle,0,Women,NED,Inge De Bruijn,53.83,1,0.0,,
Athens,2004,100.0,Freestyle,0,Women,NED,Inge De Bruijn,54.16,2,1.0,53.83,53.83
Beijing,2008,100.0,Butterfly,0,Women,NED,Inge Dekker,58.54,4,0.0,,
Berlin,1936,200.0,Breaststroke,0,Women,DEN,Inge Sörensen,187.8,3,0.0,,
London,1948,100.0,Freestyle,0,Women,SWE,Ingegärd Fredin,68.4,4,0.0,,
Angeles,1984,200.0,Breaststroke,0,Women,BEL,Ingrid Lempereur,151.4,3,0.0,,
Seoul,1988,200.0,Breaststroke,0,Women,BEL,Ingrid Lempereur,149.42,4,1.0,151.4,151.4
Athens,2004,200.0,Butterfly,0,Men,ROU,Ioan Stefan Gherghel,116.1,4,0.0,,
Athens,2004,400.0,Individual medley,0,Men,GRE,Ioannis Kokkodis,258.6,4,0.0,,
Rio,2016,200.0,Breaststroke,0,Men,JPN,Ippei Watanabe,127.87,4,0.0,,
Rio,2016,200.0,Breaststroke,0,Men,JPN,Ippei Watanabe,127.87,4,1.0,127.87,127.87
Moscow,1980,200.0,Breaststroke,0,Women,TCH,Irena Fleissnerova,153.23,4,0.0,,
Barcelona,1992,800.0,Freestyle,0,Women,NOR,Irene Dalby,517.12,4,0.0,,
Atlanta,1996,800.0,Freestyle,0,Women,NOR,Irene Dalby,518.34,4,1.0,517.12,517.12
Paris,1924,200.0,Breaststroke,0,Women,GBR,Irene Gilbert,218.0,4,0.0,,
Antwerp,1920,100.0,Freestyle,0,Women,USA,Irene Guest,77.0,4,0.0,,
Berlin,1936,100.0,Backstroke,0,Women,CAN,Irene Pirie-Milton,,0,0.0,,
Stockholm,1912,100.0,Freestyle,0,Women,GBR,Irene Steer,,0,0.0,,
Moscow,1980,200.0,Freestyle,0,Women,URS,Irina Aksenova,124.0,4,0.0,,
Moscow,1980,400.0,Freestyle,0,Women,URS,Irina Aksenova,254.4,4,0.0,,
Moscow,1980,800.0,Freestyle,0,Women,URS,Irina Aksenova,518.049999,4,0.0,,
Montreal,1976,200.0,Freestyle,0,Women,URS,Irina Vlasova,125.63,4,0.0,,
London,1948,100.0,Freestyle,0,Women,NED,Irma Heijting-Schuhmacher,68.4,4,0.0,,
Helsinki,1952,100.0,Freestyle,0,Women,NED,Irma Heijting-Schuhmacher,67.3,4,1.0,68.4,68.4
Tokyo,2020,400.0,Freestyle,0,Women,GER,Isabel Gose,244.98,4,0.0,,
Tokyo,2020,400.0,Freestyle,0,Women,GER,Isabel Gose,244.98,4,1.0,244.98,244.98
Seoul,1988,400.0,Freestyle,0,Women,BEL,Isabelle Arnould,251.73,4,0.0,,
Barcelona,1992,400.0,Freestyle,0,Women,BEL,Isabelle Arnould,253.75,4,1.0,251.73,251.73
Seoul,1988,800.0,Freestyle,0,Women,BEL,Isabelle Arnould,517.47,4,0.0,,
Barcelona,1992,800.0,Freestyle,0,Women,BEL,Isabelle Arnould,521.86,4,1.0,517.47,517.47
Amsterdam,1928,100.0,Freestyle,0,Men,HUN,Istvan Barany,59.8,4,0.0,,
Seoul,1988,100.0,Freestyle,0,Men,URS,Iurie Başcatov,50.08,4,0.0,,
Antwerp,1920,200.0,Breaststroke,0,Men,AUS,Ivan Stedman,,5,0.0,,
Antwerp,1920,200.0,Breaststroke,0,Men,AUS,Ivan Stedman,,5,1.0,,
Moscow,1980,400.0,Freestyle,0,Men,URS,Ivar Stukolkin,233.95,3,0.0,,
Tokyo,2020,200.0,Breaststroke,0,Men,AUS,Izaac Stubblety-Cook,126.38,1,0.0,,
Berlin,1936,400.0,Freestyle,0,Men,USA,Jack C. Medica,284.5,1,0.0,,
Berlin,1936,1500.0,Freestyle,0,Men,USA,Jack C. Medica,1174.0,2,0.0,,
Helsinki,1952,100.0,Backstroke,0,Men,USA,Jack George Neil Taylor,66.4,3,0.0,,
London,1948,400.0,Freestyle,0,Men,GBR,Jack Irwin Hale,295.9,4,0.0,,
Tokyo,2020,400.0,Freestyle,0,Men,AUS,Jack Mcloughlin,223.52,2,0.0,,
Tokyo,2020,800.0,Freestyle,0,Men,AUS,Jack Mcloughlin,465.0,4,0.0,,
City,1968,200.0,Backstroke,0,Men,USA,Jack S. Horsley,130.9,3,0.0,,
Helsinki,1952,400.0,Freestyle,0,Men,GBR,Jack Wardrop,279.9,4,0.0,,
Melbourne,1956,200.0,Butterfly,0,Men,USA,Jack Weyman Nelson,146.6,4,0.0,,
Antwerp,1920,200.0,Breaststroke,0,Men,USA,Jack Zophar Howell,,5,0.0,,
Antwerp,1920,200.0,Breaststroke,0,Men,USA,Jack Zophar Howell,,5,1.0,,
Antwerp,1920,400.0,Breaststroke,0,Men,USA,Jack Zophar Howell,411.0,4,0.0,,
Montreal,1976,100.0,Freestyle,0,Men,USA,"Jack, Jr. Babashoff",50.81,2,0.0,,
London,1948,100.0,Backstroke,0,Men,RSA,Jackie Wiid,69.1,4,0.0,,
Atlanta,1996,400.0,Freestyle,0,Men,DEN,Jacob Carstensen,234.45,4,0.0,,
Rio,2016,200.0,Backstroke,0,Men,USA,Jacob Pebley,115.52,4,0.0,,
Tokyo,2020,400.0,Freestyle,0,Men,USA,Jake Mitchell,225.39,4,0.0,,
Tokyo,2020,100.0,Butterfly,0,Men,POL,Jakub Majerski,50.92,4,0.0,,
Angeles,1932,1500.0,Freestyle,0,Men,USA,James Crapo Jr. Cristy,1179.5,3,0.0,,
Athens,2004,100.0,Breaststroke,0,Men,GBR,James Gibson,61.36,4,0.0,,
Athens,2004,200.0,Backstroke,0,Men,GBR,James Goddard,117.759999,4,0.0,,
Beijing,2008,200.0,Individual medley,0,Men,GBR,James Goddard,119.24,4,0.0,,
London,2012,200.0,Individual medley,0,Men,GBR,James Goddard,119.05,4,1.0,119.24,119.24
Rio,2016,200.0,Freestyle,0,Men,GBR,James Guy,105.49,4,0.0,,
Rio,2016,400.0,Freestyle,0,Men,GBR,James Guy,224.68,4,0.0,,
Atlanta,1996,200.0,Butterfly,0,Men,GBR,James Hickman,118.47,4,0.0,,
London,2012,100.0,Freestyle,0,Men,AUS,James Magnussen,47.53,2,0.0,,
London,1948,400.0,Freestyle,0,Men,USA,James Price Jr. Mclane,283.4,2,0.0,,
Helsinki,1952,400.0,Freestyle,0,Men,USA,James Price Jr. Mclane,280.3,4,1.0,283.4,283.4
London,1948,1500.0,Freestyle,0,Men,USA,James Price Jr. Mclane,1158.5,1,0.0,,
Helsinki,1952,1500.0,Freestyle,0,Men,USA,James Price Jr. Mclane,1131.5,4,1.0,1158.5,1158.5
Sydney,2000,200.0,Freestyle,0,Men,GBR,James Salter,108.74,4,0.0,,
City,1968,100.0,Backstroke,0,Men,CAN,James Shaw,61.4,4,0.0,,
Tokyo,2020,100.0,Breaststroke,0,Men,GBR,James Wilby,58.96,4,0.0,,
Tokyo,2020,200.0,Breaststroke,0,Men,GBR,James Wilby,128.19,4,0.0,,
Berlin,1936,100.0,Freestyle,0,Men,BEL,Jan Guillini,,0,0.0,,
Barcelona,1992,100.0,Breaststroke,0,Women,GER,Jana Dörris,69.77,4,0.0,,
Barcelona,1992,800.0,Freestyle,0,Women,GER,Jana Henke,510.99,3,0.0,,
Sydney,2000,800.0,Freestyle,0,Women,GER,Jana Henke,511.97,4,1.0,510.99,510.99
Athens,2004,800.0,Freestyle,0,Women,GER,Jana Henke,513.95,4,2.0,510.99,511.48
Angeles,1932,200.0,Breaststroke,0,Women,USA,Jane Cadwell,198.2,4,0.0,,
Rome,1960,400.0,Freestyle,0,Women,SWE,Jane Cederqvist,293.9,2,0.0,,
City,1968,100.0,Backstroke,0,Women,USA,Jane Ellen Swagerty,68.099999,3,0.0,,
Antwerp,1920,100.0,Freestyle,0,Women,SWE,Jane Gylling,,5,0.0,,
City,1968,200.0,Freestyle,0,Women,USA,Jane Louise Barkman,131.199999,3,0.0,,
City,1968,100.0,Freestyle,0,Women,USA,Jane Margo Henne,60.0,1,0.0,,
City,1968,200.0,Freestyle,0,Women,USA,Jane Margo Henne,131.0,2,0.0,,
City,1968,200.0,Individual medley,0,Women,USA,Jane Margo Henne,151.4,3,0.0,,
Tokyo,1964,400.0,Freestyle,0,Women,CAN,Jane Marion Hughes-Rogers,290.9,4,0.0,,
Sydney,2000,400.0,Freestyle,0,Women,JAM,Janelle Atkinson,248.79,4,0.0,,
Seoul,1988,400.0,Freestyle,0,Women,AUS,Janelle Elford,250.64,4,0.0,,
Seoul,1988,800.0,Freestyle,0,Women,AUS,Janelle Elford,510.94,4,0.0,,
Seoul,1988,400.0,Freestyle,0,Women,USA,Janet Evans,243.85,1,0.0,,
Barcelona,1992,400.0,Freestyle,0,Women,USA,Janet Evans,247.37,2,1.0,243.85,243.85
Seoul,1988,400.0,Individual medley,0,Women,USA,Janet Evans,277.76,1,0.0,,
Seoul,1988,800.0,Freestyle,0,Women,USA,Janet Evans,500.2,1,0.0,,
Barcelona,1992,800.0,Freestyle,0,Women,USA,Janet Evans,505.52,1,1.0,500.2,500.2
Atlanta,1996,800.0,Freestyle,0,Women,USA,Janet Evans,518.909999,4,2.0,500.2,502.86
Moscow,1980,100.0,Butterfly,0,Women,GBR,Janet Osgerby,62.9,4,0.0,,
Seoul,1988,100.0,Butterfly,0,Women,USA,Janet Simone Jorgensen,60.48,1,0.0,,
Angeles,1984,100.0,Butterfly,0,Women,AUS,Janet Tibbits,61.78,4,0.0,,
Barcelona,1992,200.0,Individual medley,0,Men,FIN,Jani Sievinen,121.28,4,0.0,,
Atlanta,1996,200.0,Individual medley,0,Men,FIN,Jani Sievinen,120.13,2,1.0,121.28,121.28
Sydney,2000,200.0,Individual medley,0,Men,FIN,Jani Sievinen,122.49,4,2.0,120.13,120.705
Rome,1960,100.0,Butterfly,0,Women,AUS,Janice Andrew,72.2,3,0.0,,
Moscow,1980,100.0,Breaststroke,0,Men,HUN,Janos Dzvonyar,64.67,4,0.0,,
Paris,1924,100.0,Backstroke,0,Women,TCH,Jarmila Müllerova,91.2,4,0.0,,
Beijing,2008,100.0,Butterfly,0,Men,KEN,Jason Dunford,51.47,4,0.0,,
Athens,2004,50.0,Freestyle,0,Men,USA,Jason Lezak,22.11,4,0.0,,
Beijing,2008,100.0,Freestyle,0,Men,USA,Jason Lezak,47.67,3,0.0,,
Rio,2016,400.0,Individual medley,0,Men,USA,Jay Litherland,251.68,4,0.0,,
Tokyo,2020,400.0,Individual medley,0,Men,USA,Jay Litherland,250.28,2,1.0,251.68,251.68
Seoul,1988,100.0,Butterfly,0,Men,USA,Jay Paul Mortenson,54.07,4,0.0,,
Rio,2016,400.0,Freestyle,0,Women,GBR,Jazz Carlin,241.23,2,0.0,,
Rio,2016,800.0,Freestyle,0,Women,GBR,Jazz Carlin,496.17,2,0.0,,
Beijing,2008,200.0,Freestyle,0,Men,RSA,Jean Basson,105.97,4,0.0,,
Helsinki,1952,400.0,Freestyle,0,Men,FRA,Jean Boiteux,270.7,1,0.0,,
Melbourne,1956,1500.0,Freestyle,0,Men,FRA,Jean Boiteux,1118.3,4,0.0,,
Angeles,1984,100.0,Breaststroke,0,Women,GBR,Jean Cameron Hill,71.82,4,0.0,,
Amsterdam,1928,100.0,Freestyle,0,Women,GBR,Jean H. Mcdowall,73.8,4,0.0,,
Helsinki,1952,100.0,Backstroke,0,Women,NZL,Jean Stewart,75.8,3,0.0,,
Angeles,1932,400.0,Freestyle,0,Men,FRA,Jean Taris,288.5,2,0.0,,
Berlin,1936,400.0,Freestyle,0,Men,FRA,Jean Taris,293.8,4,1.0,288.5,288.5
Angeles,1932,1500.0,Freestyle,0,Men,FRA,Jean Taris,1209.7,4,0.0,,
Munich,1972,200.0,Backstroke,0,Men,FRA,Jean-Paul Berjaud,131.77,4,0.0,,
Berlin,1936,200.0,Breaststroke,0,Women,NED,Jeanette Hermine Kastein,192.8,4,0.0,,
Berlin,1936,100.0,Freestyle,0,Women,ARG,Jeanette Morven Campbell,66.4,2,0.0,,
London,2012,100.0,Butterfly,0,Women,DEN,Jeanette Ottesen,57.35,4,0.0,,
Rio,2016,100.0,Butterfly,0,Women,DEN,Jeanette Ottesen,57.17,4,1.0,57.35,57.35
Beijing,2008,100.0,Freestyle,0,Women,DEN,Jeanette Ottesen,54.06,4,0.0,,
London,2012,100.0,Freestyle,0,Women,DEN,Jeanette Ottesen,53.75,4,1.0,54.06,54.06
Rio,2016,100.0,Freestyle,0,Women,DEN,Jeanette Ottesen,53.36,4,2.0,53.75,53.905
Berlin,1936,100.0,Freestyle,0,Women,BEL,Jeanne De Rademaecker-Eyckmans,,0,0.0,,
Tokyo,1964,200.0,Backstroke,0,Men,USA,Jedward Richard Graef,130.3,1,0.0,,
Barcelona,1992,100.0,Backstroke,0,Men,USA,Jeff Norman Rouse,54.04,2,0.0,,
Atlanta,1996,100.0,Backstroke,0,Men,USA,Jeff Norman Rouse,54.1,1,1.0,54.04,54.04
Angeles,1984,200.0,Freestyle,0,Men,USA,Jeffrey James Float,110.18,4,0.0,,
Angeles,1984,400.0,Individual medley,0,Men,USA,Jeffrey James Kostoff,263.279999,4,0.0,,
Beijing,2008,100.0,Butterfly,0,Women,GBR,Jemma Lowe,58.06,4,0.0,,
London,2012,200.0,Butterfly,0,Women,GBR,Jemma Lowe,126.8,4,0.0,,
Angeles,1984,100.0,Butterfly,0,Women,USA,Jenna Leigh Johnson,60.19,1,0.0,,
Stockholm,1912,100.0,Freestyle,0,Women,GBR,Jennie Fletcher,87.0,3,0.0,,
Munich,1972,200.0,Individual medley,0,Women,USA,Jennifer Ann Bartz,144.55,4,0.0,,
Munich,1972,400.0,Individual medley,0,Women,USA,Jennifer Ann Bartz,305.56,4,0.0,,
Montreal,1976,200.0,Freestyle,0,Women,USA,Jennifer Leigh Hooker,124.2,4,0.0,,
Sydney,2000,400.0,Individual medley,0,Women,AUS,Jennifer Reilly,285.99,4,0.0,,
Angeles,1932,100.0,Freestyle,0,Women,RSA,Jenny Maakal,70.8,4,0.0,,
Angeles,1932,200.0,Breaststroke,0,Women,RSA,Jenny Maakal,,0,0.0,,
Angeles,1932,400.0,Freestyle,0,Women,RSA,Jenny Maakal,347.3,3,0.0,,
Barcelona,1992,50.0,Freestyle,0,Women,USA,Jenny Thompson,25.37,4,0.0,,
Athens,2004,50.0,Freestyle,0,Women,USA,Jenny Thompson,25.11,4,1.0,25.37,25.37
Sydney,2000,100.0,Butterfly,0,Women,USA,Jenny Thompson,58.73,4,0.0,,
Athens,2004,100.0,Butterfly,0,Women,USA,Jenny Thompson,58.72,4,1.0,58.73,58.73
Barcelona,1992,100.0,Freestyle,0,Women,USA,Jenny Thompson,54.84,2,0.0,,
Sydney,2000,100.0,Freestyle,0,Women,USA,Jenny Thompson,54.43,3,1.0,54.84,54.84
Montreal,1976,800.0,Freestyle,0,Women,AUS,Jenny Turrall,532.88,4,0.0,,
Munich,1972,400.0,Freestyle,0,Women,USA,Jenny Wylie,264.07,4,0.0,,
Seoul,1988,200.0,Backstroke,0,Men,FRG,Jens-Peter Berndt,121.84,4,0.0,,
Seoul,1988,400.0,Individual medley,0,Men,FRG,Jens-Peter Berndt,261.709999,4,0.0,,
Tokyo,2020,200.0,Individual medley,0,Men,SUI,Jeremy Desplanches,116.17,3,0.0,,
Atlanta,1996,100.0,Breaststroke,0,Men,USA,Jeremy Linn,60.77,2,0.0,,
Munich,1972,100.0,Butterfly,0,Men,USA,Jerry Alan Heidenreich,55.74,3,0.0,,
Munich,1972,100.0,Freestyle,0,Men,USA,Jerry Alan Heidenreich,51.65,2,0.0,,
Rio,2016,400.0,Freestyle,0,Women,AUS,Jessica Ashwood,245.68,4,0.0,,
Rio,2016,800.0,Freestyle,0,Women,AUS,Jessica Ashwood,500.32,4,0.0,,
Atlanta,1996,200.0,Butterfly,0,Women,CAN,Jessica Deglau,131.4,4,0.0,,
London,2012,50.0,Freestyle,0,Women,USA,Jessica Hardy,24.62,4,0.0,,
London,2012,100.0,Freestyle,0,Women,USA,Jessica Hardy,54.02,4,0.0,,
Athens,2004,100.0,Butterfly,0,Women,AUS,Jessicah Schipper,58.22,4,0.0,,
Beijing,2008,100.0,Butterfly,0,Women,AUS,Jessicah Schipper,57.25,3,1.0,58.22,58.22
Beijing,2008,200.0,Butterfly,0,Women,AUS,Jessicah Schipper,126.26,3,0.0,,
Angeles,1984,400.0,Individual medley,0,Men,USA,Jesus David Vassallo,261.459999,4,0.0,,
Tokyo,2020,800.0,Freestyle,0,Women,CHN,Jianjiahe Wang,501.93,4,0.0,,
Tokyo,2020,1500.0,Freestyle,0,Women,CHN,Jianjiahe Wang,946.37,4,0.0,,
Athens,2004,200.0,Freestyle,0,Women,CHN,Jiaying Pang,119.16,4,0.0,,
Beijing,2008,200.0,Freestyle,0,Women,CHN,Jiaying Pang,115.05,3,1.0,119.16,119.16
Rio,2016,100.0,Backstroke,0,Men,CHN,Jiayu Xu,52.31,2,0.0,,
Tokyo,2020,100.0,Backstroke,0,Men,CHN,Jiayu Xu,52.51,4,1.0,52.31,52.31
Rio,2016,200.0,Backstroke,0,Men,CHN,Jiayu Xu,115.16,4,0.0,,
Angeles,1932,200.0,Breaststroke,0,Men,PHI,Jikirum Adjaluddin,169.2,4,0.0,,
Tokyo,1964,100.0,Backstroke,0,Women,GBR,Jill Rosemary Norfolk,71.2,4,0.0,,
Tokyo,1964,200.0,Breaststroke,0,Women,GBR,Jill Slattery,169.6,4,0.0,,
Seoul,1988,50.0,Freestyle,0,Women,USA,Jill Sterkel,25.71,3,0.0,,
Montreal,1976,100.0,Freestyle,0,Women,USA,Jill Sterkel,57.06,4,0.0,,
Montreal,1976,100.0,Freestyle,0,Men,USA,Jim Montgomery,49.99,1,0.0,,
Montreal,1976,200.0,Freestyle,0,Men,USA,Jim Montgomery,110.58,3,0.0,,
Athens,2004,200.0,Breaststroke,0,Men,AUS,Jim Piper,,5,0.0,,
London,2012,100.0,Backstroke,0,Women,CHN,Jing Zhao,59.23,4,0.0,,
Rio,2016,100.0,Breaststroke,0,Women,CHN,Jinglin Shi,66.37,4,0.0,,
Atlanta,1996,50.0,Freestyle,0,Women,CHN,Jingyi Le,24.9,2,0.0,,
Barcelona,1992,100.0,Freestyle,0,Women,CHN,Jingyi Le,55.89,4,0.0,,
Atlanta,1996,100.0,Freestyle,0,Women,CHN,Jingyi Le,54.5,1,1.0,55.89,55.89
Athens,2004,200.0,Individual medley,0,Men,JPN,Jiro Miki,122.16,4,0.0,,
Athens,2004,400.0,Individual medley,0,Men,JPN,Jiro Miki,259.97,4,0.0,,
Helsinki,1952,200.0,Breaststroke,0,Men,JPN,Jiro Nagasawa,159.1,4,0.0,,
Munich,1972,800.0,Freestyle,0,Women,USA,Jo Ann Harshbarger,541.21,4,0.0,,
Berlin,1936,200.0,Breaststroke,0,Men,GER,Joachim (Jochen) Balke,167.8,4,0.0,,
City,1968,200.0,Backstroke,0,Men,GDR,Joachim Rother,135.8,4,0.0,,
Helsinki,1952,100.0,Freestyle,0,Women,USA,Joan Alderson,67.099999,3,0.0,,
Melbourne,1956,100.0,Freestyle,0,Women,USA,Joan Ann Rosazza,65.2,4,0.0,,
Helsinki,1952,100.0,Backstroke,0,Women,RSA,Joan Cynthia Harrison,74.3,1,0.0,,
Helsinki,1952,100.0,Freestyle,0,Women,RSA,Joan Cynthia Harrison,67.099999,3,0.0,,
Rio,2016,400.0,Individual medley,0,Men,ESP,Joan Lluis Pons Ramon,256.579999,4,0.0,,
Angeles,1932,100.0,Backstroke,0,Women,USA,Joan Mcsheehy,83.2,4,0.0,,
Montreal,1976,400.0,Individual medley,0,Women,CAN,Joann Baker,300.19,4,0.0,,
Athens,2004,400.0,Individual medley,0,Women,BRA,Joanna Maranhao,280.0,4,0.0,,
Beijing,2008,400.0,Freestyle,0,Women,GBR,Joanne Jackson,243.52,3,0.0,,
Barcelona,1992,100.0,Backstroke,0,Women,AUS,Joanne Marie Meehan,62.07,4,0.0,,
Atlanta,1996,200.0,Individual medley,0,Women,CAN,Joanne Susan Malar,135.3,4,0.0,,
Sydney,2000,200.0,Individual medley,0,Women,CAN,Joanne Susan Malar,133.699999,4,1.0,135.3,135.3
Sydney,2000,400.0,Individual medley,0,Women,CAN,Joanne Susan Malar,285.17,4,0.0,,
Rio,2016,100.0,Breaststroke,0,Men,BRA,Joao Gomes,59.31,4,0.0,,
Athens,2004,100.0,Freestyle,0,Women,AUS,Jodie Henry,53.84,1,0.0,,
London,2012,100.0,Butterfly,0,Men,NED,Joeri Verlinden,51.82,4,0.0,,
Sydney,2000,200.0,Breaststroke,0,Men,FRA,Johan Bernard,133.31,4,0.0,,
Munich,1972,200.0,Freestyle,0,Women,NED,Johanna (Hansje) Bunschoten,128.4,4,0.0,,
Munich,1972,400.0,Freestyle,0,Women,NED,Johanna (Hansje) Bunschoten,269.7,4,0.0,,
Munich,1972,800.0,Freestyle,0,Women,NED,Johanna (Hansje) Bunschoten,556.69,4,0.0,,
Helsinki,1952,100.0,Backstroke,0,Women,NED,Johanna Catharina De Korte,75.8,3,0.0,,
Berlin,1936,200.0,Breaststroke,0,Women,NED,Johanna Maria Elizabeth Waalberg,189.5,4,0.0,,
Helsinki,1952,100.0,Freestyle,0,Women,NED,Johanna Maria Termeulen,67.0,2,0.0,,
Tokyo,1964,400.0,Individual medley,0,Men,NED,Johannes (Jan) Jiskoot,301.9,4,0.0,,
Rome,1960,400.0,Freestyle,0,Men,AUS,John (Jon) Konrads,261.8,3,0.0,,
Rome,1960,1500.0,Freestyle,0,Men,AUS,John (Jon) Konrads,1039.599999,1,0.0,,
City,1968,200.0,Individual medley,0,Men,CAN,John Alexander Gilchrist,136.6,4,0.0,,
Tokyo,1964,400.0,Individual medley,0,Men,CAN,John Alexander Gilchrist,297.6,4,0.0,,
City,1968,400.0,Individual medley,0,Men,CAN,John Alexander Gilchrist,296.7,4,1.0,297.6,297.6
Melbourne,1956,200.0,Butterfly,0,Men,AUS,John Birnie Marshall,147.2,4,0.0,,
London,1948,400.0,Freestyle,0,Men,AUS,John Birnie Marshall,287.4,3,0.0,,
London,1948,1500.0,Freestyle,0,Men,AUS,John Birnie Marshall,1171.3,2,0.0,,
Helsinki,1952,1500.0,Freestyle,0,Men,AUS,John Birnie Marshall,1193.4,4,1.0,1171.3,1171.3
Angeles,1984,400.0,Freestyle,0,Men,USA,John Cary Mykkanen,231.49,2,0.0,,
Amsterdam,1928,100.0,Backstroke,0,Men,GBR,John Charles Preston Besford,75.4,4,0.0,,
Angeles,1984,100.0,Breaststroke,0,Men,USA,John Clifford Moffet,63.29,4,0.0,,
Rome,1960,200.0,Butterfly,0,Men,USA,John David Gillanders,135.3,3,0.0,,
Melbourne,1956,100.0,Freestyle,0,Men,AUS,John Devitt,55.8,2,0.0,,
Rome,1960,100.0,Freestyle,0,Men,AUS,John Devitt,55.2,2,1.0,55.8,55.8
City,1968,200.0,Butterfly,0,Men,USA,John Edward Ferris,129.3,3,0.0,,
City,1968,200.0,Individual medley,0,Men,USA,John Edward Ferris,133.3,3,0.0,,
Paris,1924,200.0,Breaststroke,0,Men,USA,John Faricey,,0,0.0,,
Munich,1972,100.0,Breaststroke,0,Men,USA,John Frederick Hencken,65.61,3,0.0,,
Montreal,1976,100.0,Breaststroke,0,Men,USA,John Frederick Hencken,63.11,1,1.0,65.61,65.61
Munich,1972,200.0,Breaststroke,0,Men,USA,John Frederick Hencken,141.55,1,0.0,,
Montreal,1976,200.0,Breaststroke,0,Men,USA,John Frederick Hencken,137.259999,2,1.0,141.55,141.55
Stockholm,1912,400.0,Freestyle,0,Men,GBR,John Gatenby Hatfield,325.8,2,0.0,,
Paris,1924,400.0,Freestyle,0,Men,GBR,John Gatenby Hatfield,332.0,4,1.0,325.8,325.8
Stockholm,1912,1500.0,Freestyle,0,Men,GBR,John Gatenby Hatfield,1359.0,2,0.0,,
Paris,1924,1500.0,Freestyle,0,Men,GBR,John Gatenby Hatfield,1315.6,4,1.0,1359.0,1359.0
London,1948,200.0,Breaststroke,0,Men,AUS,John Griffith Davies,163.7,3,0.0,,
Helsinki,1952,200.0,Breaststroke,0,Men,AUS,John Griffith Davies,154.4,1,1.0,163.7,163.7
Melbourne,1956,100.0,Backstroke,0,Men,AUS,John Hayres,65.0,4,0.0,,
Berlin,1936,200.0,Breaststroke,0,Men,USA,John Herbert Higgins,165.2,4,0.0,,
Melbourne,1956,100.0,Backstroke,0,Men,AUS,John James Monckton,63.2,2,0.0,,
Rome,1960,100.0,Backstroke,0,Men,AUS,John James Monckton,64.099999,4,1.0,63.2,63.2
Munich,1972,100.0,Backstroke,0,Men,USA,John Joseph Murphy,58.35,4,0.0,,
Munich,1972,100.0,Freestyle,0,Men,USA,John Joseph Murphy,52.08,4,0.0,,
City,1968,200.0,Freestyle,0,Men,USA,John Mauer Nelson,118.1,3,0.0,,
Tokyo,1964,400.0,Freestyle,0,Men,USA,John Mauer Nelson,256.899999,4,0.0,,
City,1968,400.0,Freestyle,0,Men,USA,John Mauer Nelson,257.2,4,1.0,256.899999,256.899999
Tokyo,1964,1500.0,Freestyle,0,Men,USA,John Mauer Nelson,1023.0,2,0.0,,
City,1968,1500.0,Freestyle,0,Men,USA,John Mauer Nelson,1085.099999,4,1.0,1023.0,1023.0
Montreal,1976,100.0,Backstroke,0,Men,USA,John Phillips Naber,55.49,1,0.0,,
Montreal,1976,200.0,Backstroke,0,Men,USA,John Phillips Naber,119.19,1,0.0,,
Montreal,1976,200.0,Freestyle,0,Men,USA,John Phillips Naber,110.5,2,0.0,,
City,1968,1500.0,Freestyle,0,Men,USA,John Pitann Kinsella,1017.3,2,0.0,,
Paris,1924,100.0,Freestyle,0,Men,USA,Johnny Weissmuller,59.0,4,0.0,,
Amsterdam,1928,100.0,Freestyle,0,Men,USA,Johnny Weissmuller,58.6,4,1.0,59.0,59.0
Paris,1924,400.0,Freestyle,0,Men,USA,Johnny Weissmuller,304.2,1,0.0,,
Angeles,1984,100.0,Backstroke,0,Women,NED,Jolanda De Rover,62.91,3,0.0,,
Angeles,1984,200.0,Backstroke,0,Women,NED,Jolanda De Rover,132.38,1,0.0,,
Seoul,1988,200.0,Backstroke,0,Women,NED,Jolanda De Rover,135.169999,4,1.0,132.38,132.38
Angeles,1984,400.0,Freestyle,0,Women,NED,Jolande Van Der Meer,256.05,4,0.0,,
Angeles,1984,800.0,Freestyle,0,Women,NED,Jolande Van Der Meer,522.86,4,0.0,,
Seoul,1988,200.0,Butterfly,0,Men,CAN,Jon Kelly,119.479999,4,0.0,,
Melbourne,1956,100.0,Freestyle,0,Men,AUS,Jon Malcolm Henricks,55.4,1,0.0,,
Barcelona,1992,100.0,Freestyle,0,Men,USA,Jon Olsen,49.51,4,0.0,,
Seoul,1988,100.0,Butterfly,0,Men,AUS,Jonathan Sieben,53.33,4,0.0,,
Angeles,1984,200.0,Butterfly,0,Men,AUS,Jonathan Sieben,117.039999,1,0.0,,
Seoul,1988,200.0,Breaststroke,0,Men,CAN,Jonathan Thomas Cleveland,137.1,4,0.0,,
Rio,2016,400.0,Freestyle,0,Men,FRA,Jordan Pothain,229.07,4,0.0,,
Rio,2016,1500.0,Freestyle,0,Men,USA,Jordan Wilimovsky,885.03,4,0.0,,
Moscow,1980,200.0,Breaststroke,0,Men,GDR,Jorg Walter,142.39,4,0.0,,
Munich,1972,200.0,Butterfly,0,Men,ECU,Jorge Delgado,124.6,4,0.0,,
Montreal,1976,200.0,Butterfly,0,Men,ECU,Jorge Delgado,121.95,4,1.0,124.6,124.6
City,1968,100.0,Breaststroke,0,Men,BRA,Jose Sylvio Fiolo,68.099999,4,0.0,,
Munich,1972,100.0,Breaststroke,0,Men,BRA,Jose Sylvio Fiolo,66.239999,4,1.0,68.099999,68.099999
Stockholm,1912,400.0,Breaststroke,0,Men,AUT,Josef Wastl,,0,0.0,,
Athens,2004,200.0,Freestyle,0,Women,SWE,Josefin Lillhage,119.2,4,0.0,,
Helsinki,1952,1500.0,Freestyle,0,Men,FRA,Joseph Bernardo,1139.1,4,0.0,,
Paris,1924,200.0,Breaststroke,0,Men,BEL,Joseph De Combe,179.2,2,0.0,,
Amsterdam,1928,200.0,Breaststroke,0,Men,BEL,Joseph De Combe,,0,1.0,179.2,179.2
Barcelona,1992,200.0,Freestyle,0,Men,USA,Joseph Hudepohl,108.36,4,0.0,,
Rio,2016,100.0,Butterfly,0,Men,SGP,Joseph Schooling,50.39,1,0.0,,
Montreal,1976,100.0,Butterfly,0,Men,USA,Joseph Stuart Bottom,54.5,2,0.0,,
Montreal,1976,100.0,Freestyle,0,Men,USA,Joseph Stuart Bottom,51.79,4,0.0,,
London,1948,200.0,Breaststroke,0,Men,USA,Joseph Thomas Verdeur,159.3,1,0.0,,
Angeles,1932,100.0,Freestyle,0,Women,USA,Josephine Mckim,69.3,4,0.0,,
Amsterdam,1928,400.0,Freestyle,0,Women,USA,Josephine Mckim,360.2,3,0.0,,
Atlanta,1996,200.0,Freestyle,0,Men,USA,Josh Davis,108.539999,4,0.0,,
Sydney,2000,200.0,Freestyle,0,Men,USA,Josh Davis,106.729999,4,1.0,108.539999,108.539999
Rio,2016,200.0,Breaststroke,0,Men,USA,Josh Prenot,127.53,2,0.0,,
Rio,2016,200.0,Breaststroke,0,Men,USA,Josh Prenot,127.53,2,1.0,127.53,127.53
Sydney,2000,100.0,Backstroke,0,Men,AUS,Josh Watson,55.01,4,0.0,,
Tokyo,2020,100.0,Butterfly,0,Men,BUL,Josif Miladinov,51.49,4,0.0,,
Rome,1960,1500.0,Freestyle,0,Men,HUN,Jozsef Katona,1063.7,4,0.0,,
Tokyo,1964,1500.0,Freestyle,0,Men,HUN,Jozsef Katona,1050.8,4,1.0,1063.7,1063.7
Seoul,1988,200.0,Breaststroke,0,Men,HUN,Jozsef Szabo,133.52,1,0.0,,
Seoul,1988,400.0,Individual medley,0,Men,HUN,Jozsef Szabo,258.149999,4,0.0,,
Paris,1924,100.0,Backstroke,0,Men,ARG,Juan Behrensen,,0,0.0,,
City,1968,1500.0,Freestyle,0,Men,MEX,Juan Carlos Alanis,1066.599999,4,0.0,,
City,1968,200.0,Individual medley,0,Men,PER,Juan Carlos Bello,133.699999,4,0.0,,
Munich,1972,200.0,Individual medley,0,Men,PER,Juan Carlos Bello,131.87,4,1.0,133.699999,133.699999
City,1968,100.0,Freestyle,0,Women,HUN,Judit Turóczy,61.6,4,0.0,,
Montreal,1976,100.0,Freestyle,0,Women,FRG,Judith (Jutta) Weber,57.26,4,0.0,,
Melbourne,1956,100.0,Backstroke,0,Women,GBR,Judith Brenda Grinham,72.9,1,0.0,,
Seoul,1988,200.0,Individual medley,0,Women,AUS,Judith Clatworthy,136.31,4,0.0,,
Seoul,1988,400.0,Individual medley,0,Women,AUS,Judith Clatworthy,285.86,4,0.0,,
Munich,1972,100.0,Breaststroke,0,Women,USA,Judith Ellen Melick,76.34,4,0.0,,
London,1948,100.0,Backstroke,0,Women,AUS,Judith Joy Davies,76.7,3,0.0,,
Helsinki,1952,100.0,Freestyle,0,Women,HUN,Judith Temes,67.099999,3,0.0,,
Atlanta,1996,200.0,Freestyle,0,Women,AUS,Julia Greville,121.46,4,0.0,,
Beijing,2008,200.0,Individual medley,0,Women,CAN,Julia Wilkinson,132.43,4,0.0,,
Angeles,1984,400.0,Freestyle,0,Women,CAN,Julie Daigneault,256.41,4,0.0,,
Melbourne,1956,100.0,Backstroke,0,Women,GBR,Julie Hoyle,74.3,4,0.0,,
Seoul,1988,800.0,Freestyle,0,Women,AUS,Julie M. Mcdonald,502.93,3,0.0,,
Angeles,1984,100.0,Freestyle,0,Women,GBR,June Croft,56.9,4,0.0,,
Moscow,1980,200.0,Freestyle,0,Women,GBR,June Croft,123.15,4,0.0,,
Angeles,1984,200.0,Freestyle,0,Women,GBR,June Croft,120.64,4,1.0,123.15,123.15
Angeles,1984,400.0,Freestyle,0,Women,GBR,June Croft,251.49,3,0.0,,
Beijing,2008,100.0,Backstroke,0,Men,JPN,Junichi Miyashita,53.99,4,0.0,,
Sydney,2000,100.0,Butterfly,0,Women,JPN,Junko Onishi,59.13,4,0.0,,
Athens,2004,100.0,Butterfly,0,Women,JPN,Junko Onishi,59.83,4,1.0,59.13,59.13
Tokyo,2020,200.0,Freestyle,0,Women,CHN,Junxuan Yang,115.009999,4,0.0,,
Angeles,1984,400.0,Freestyle,0,Men,AUS,Justin Lemberg,231.79,3,0.0,,
Sydney,2000,200.0,Butterfly,0,Men,AUS,Justin Norris,116.17,3,0.0,,
Sydney,2000,400.0,Individual medley,0,Men,AUS,Justin Norris,257.87,4,0.0,,
Melbourne,1956,100.0,Butterfly,0,Women,GER,Jutta Langenau,77.4,4,0.0,,
London,1948,200.0,Breaststroke,0,Women,DEN,Jytte Solveig Hansen,188.1,4,0.0,,
Helsinki,1952,200.0,Breaststroke,0,Women,DEN,Jytte Solveig Hansen,177.8,4,1.0,188.1,188.1
Stockholm,1912,100.0,Backstroke,0,Men,HUN,János Wenk,,0,0.0,,
Atlanta,1996,400.0,Freestyle,0,Men,GER,Jörg Hoffmann,232.15,4,0.0,,
Barcelona,1992,1500.0,Freestyle,0,Men,GER,Jörg Hoffmann,902.29,3,0.0,,
Atlanta,1996,1500.0,Freestyle,0,Men,GER,Jörg Hoffmann,918.86,4,1.0,902.29,902.29
Moscow,1980,100.0,Freestyle,0,Men,GDR,Jörg Woithe,50.4,1,0.0,,
Moscow,1980,200.0,Freestyle,0,Men,GDR,Jörg Woithe,111.86,4,0.0,,
Munich,1972,100.0,Backstroke,0,Men,GDR,Jürgen Krüger,59.93,4,0.0,,
Beijing,2008,200.0,Butterfly,0,Men,BRA,Kaio Marcio,114.71,4,0.0,,
Sydney,2000,200.0,Butterfly,0,Women,USA,Kaitlin Sandeno,128.81,4,0.0,,
Athens,2004,200.0,Butterfly,0,Women,USA,Kaitlin Sandeno,128.18,4,1.0,128.81,128.81
Athens,2004,400.0,Freestyle,0,Women,USA,Kaitlin Sandeno,246.19,3,0.0,,
Sydney,2000,400.0,Individual medley,0,Women,USA,Kaitlin Sandeno,281.03,4,0.0,,
Athens,2004,400.0,Individual medley,0,Women,USA,Kaitlin Sandeno,274.95,2,1.0,281.03,281.03
Sydney,2000,800.0,Freestyle,0,Women,USA,Kaitlin Sandeno,504.29,3,0.0,,
Athens,2004,800.0,Freestyle,0,Women,USA,Kalyn Keller,506.97,4,0.0,,
Athens,2004,50.0,Freestyle,0,Women,USA,Kara Lynn Joyce,25.0,4,0.0,,
Beijing,2008,50.0,Freestyle,0,Women,USA,Kara Lynn Joyce,24.63,4,1.0,25.0,25.0
Athens,2004,100.0,Freestyle,0,Women,USA,Kara Lynn Joyce,54.54,4,0.0,,
City,1968,400.0,Freestyle,0,Women,AUS,Karen Lynne Moras,277.0,3,0.0,,
City,1968,800.0,Freestyle,0,Women,AUS,Karen Lynne Moras,578.6,4,0.0,,
London,1948,100.0,Backstroke,0,Women,DEN,Karen Margrethe Harup,74.4,1,0.0,,
London,1948,100.0,Freestyle,0,Women,DEN,Karen Margrethe Harup,68.099999,4,0.0,,
London,1948,400.0,Freestyle,0,Women,DEN,Karen Margrethe Harup,321.2,2,0.0,,
Munich,1972,100.0,Backstroke,0,Women,USA,Karen Patricia Moe-Thornton,66.69,4,0.0,,
Munich,1972,200.0,Butterfly,0,Women,USA,Karen Patricia Moe-Thornton,135.57,1,0.0,,
Montreal,1976,200.0,Butterfly,0,Women,USA,Karen Patricia Moe-Thornton,132.9,4,1.0,135.57,135.57
Angeles,1984,200.0,Butterfly,0,Women,AUS,Karen Phillips,130.56,2,0.0,,
Seoul,1988,50.0,Freestyle,0,Women,AUS,Karen Tracey Van Wirdum,26.01,4,0.0,,
Angeles,1984,800.0,Freestyle,0,Women,CAN,Karen Ward,528.12,4,0.0,,
Seoul,1988,100.0,Freestyle,0,Women,NED,Karin Brienesse,56.15,4,0.0,,
Barcelona,1992,100.0,Freestyle,0,Women,NED,Karin Brienesse,56.59,4,1.0,56.15,56.15
Atlanta,1996,100.0,Freestyle,0,Women,NED,Karin Brienesse,56.12,4,2.0,56.15,56.370000000000005
Angeles,1984,100.0,Butterfly,0,Women,FRG,Karin Seick,61.36,2,0.0,,
Munich,1972,200.0,Freestyle,0,Women,GDR,Karin Tülling,131.699999,4,0.0,,
Montreal,1976,100.0,Breaststroke,0,Women,GDR,Karla Linke,74.21,4,0.0,,
Montreal,1976,200.0,Breaststroke,0,Women,GDR,Karla Linke,156.97,4,0.0,,
Seoul,1988,100.0,Breaststroke,0,Men,HUN,Karoly Guttler,62.05,2,0.0,,
Atlanta,1996,100.0,Breaststroke,0,Men,HUN,Karoly Guttler,61.49,4,1.0,62.05,62.05
Barcelona,1992,200.0,Breaststroke,0,Men,HUN,Karoly Guttler,133.32,4,0.0,,
Atlanta,1996,200.0,Breaststroke,0,Men,HUN,Karoly Guttler,133.03,2,1.0,133.32,133.32
Helsinki,1952,100.0,Freestyle,0,Women,HUN,Katalin Szöke,66.8,1,0.0,,
Beijing,2008,200.0,Individual medley,0,Women,POL,Katarzyna Baranowska,133.36,4,0.0,,
Tokyo,2020,50.0,Freestyle,0,Women,POL,Katarzyna Wasick,24.32,4,0.0,,
Tokyo,2020,200.0,Individual medley,0,Women,USA,Kate Douglass,129.039999,3,0.0,,
Berlin,1936,100.0,Freestyle,0,Women,USA,Katherine Louise Rawls,68.7,4,0.0,,
Rio,2016,100.0,Backstroke,0,Women,USA,Kathleen Baker,58.75,2,0.0,,
Tokyo,2020,100.0,Backstroke,0,Women,GBR,Kathleen Dawson,58.7,4,0.0,,
Beijing,2008,200.0,Butterfly,0,Women,USA,Kathleen Hersey,128.229999,4,0.0,,
London,2012,200.0,Butterfly,0,Women,USA,Kathleen Hersey,125.78,4,1.0,128.229999,128.229999
Seoul,1988,200.0,Butterfly,0,Women,GDR,Kathleen Nord,129.509999,1,0.0,,
Seoul,1988,400.0,Individual medley,0,Women,GDR,Kathleen Nord,281.64,4,0.0,,
City,1968,400.0,Individual medley,0,Women,NZL,Kathleen Tui Shipston,334.6,4,0.0,,
Seoul,1988,200.0,Backstroke,0,Women,GDR,Kathrin Zimmermann,130.61,2,0.0,,
Angeles,1984,200.0,Individual medley,0,Women,NOR,Kathrine Bomstad,140.48,4,0.0,,
Angeles,1984,400.0,Individual medley,0,Women,NOR,Kathrine Bomstad,293.28,4,0.0,,
Tokyo,1964,100.0,Butterfly,0,Women,USA,Kathy Ellis,66.0,3,0.0,,
Tokyo,1964,100.0,Freestyle,0,Women,USA,Kathy Ellis,60.8,1,0.0,,
Montreal,1976,400.0,Freestyle,0,Women,USA,Kathy Heddy,255.5,4,0.0,,
Tokyo,2020,800.0,Freestyle,0,Women,USA,Katie Grimes,499.38,4,0.0,,
Beijing,2008,200.0,Freestyle,0,Women,USA,Katie Hoff,115.78,4,0.0,,
Athens,2004,200.0,Individual medley,0,Women,USA,Katie Hoff,133.97,4,0.0,,
Beijing,2008,200.0,Individual medley,0,Women,USA,Katie Hoff,130.68,4,1.0,133.97,133.97
Beijing,2008,400.0,Freestyle,0,Women,USA,Katie Hoff,243.29,2,0.0,,
Beijing,2008,400.0,Individual medley,0,Women,USA,Katie Hoff,271.709999,3,0.0,,
Rio,2016,200.0,Freestyle,0,Women,USA,Katie Ledecky,113.729999,1,0.0,,
Tokyo,2020,200.0,Freestyle,0,Women,USA,Katie Ledecky,115.21,4,1.0,113.729999,113.729999
Rio,2016,400.0,Freestyle,0,Women,USA,Katie Ledecky,236.46,1,0.0,,
Tokyo,2020,400.0,Freestyle,0,Women,USA,Katie Ledecky,237.36,2,1.0,236.46,236.46
Tokyo,2020,400.0,Freestyle,0,Women,USA,Katie Ledecky,237.36,2,2.0,236.46,236.91000000000003
London,2012,800.0,Freestyle,0,Women,USA,Katie Ledecky,494.63,1,0.0,,
Rio,2016,800.0,Freestyle,0,Women,USA,Katie Ledecky,484.79,1,1.0,494.63,494.63
Tokyo,2020,800.0,Freestyle,0,Women,USA,Katie Ledecky,492.57,1,2.0,484.79,489.71000000000004
Tokyo,2020,1500.0,Freestyle,0,Women,USA,Katie Ledecky,937.34,1,0.0,,
Rio,2016,100.0,Breaststroke,0,Women,USA,Katie Meili,65.69,3,0.0,,
Rio,2016,100.0,Backstroke,0,Women,HUN,Katinka Hosszu,58.45,1,0.0,,
Rio,2016,200.0,Backstroke,0,Women,HUN,Katinka Hosszu,126.05,2,0.0,,
London,2012,200.0,Individual medley,0,Women,HUN,Katinka Hosszu,134.19,4,0.0,,
Rio,2016,200.0,Individual medley,0,Women,HUN,Katinka Hosszu,126.58,1,1.0,134.19,134.19
Tokyo,2020,200.0,Individual medley,0,Women,HUN,Katinka Hosszu,132.38,4,2.0,126.58,130.385
London,2012,400.0,Individual medley,0,Women,HUN,Katinka Hosszu,273.49,4,0.0,,
Rio,2016,400.0,Individual medley,0,Women,HUN,Katinka Hosszu,266.36,1,1.0,273.49,273.49
Seoul,1988,50.0,Freestyle,0,Women,GDR,Katrin Meissner,25.71,3,0.0,,
Paris,1924,100.0,Freestyle,0,Men,JPN,Katsuo Takaishi,63.0,4,0.0,,
Amsterdam,1928,100.0,Freestyle,0,Men,JPN,Katsuo Takaishi,60.0,1,1.0,63.0,63.0
Paris,1924,1500.0,Freestyle,0,Men,JPN,Katsuo Takaishi,1330.4,4,0.0,,
Athens,2004,200.0,Backstroke,0,Women,GBR,Katy Sexton,132.11,4,0.0,,
City,1968,100.0,Backstroke,0,Women,USA,Kaye Marie Hall,66.2,1,0.0,,
City,1968,200.0,Backstroke,0,Women,USA,Kaye Marie Hall,148.9,3,0.0,,
Tokyo,2020,100.0,Backstroke,0,Women,AUS,Kaylee Mckeown,57.47,1,0.0,,
Tokyo,2020,200.0,Backstroke,0,Women,AUS,Kaylee Mckeown,124.68,1,0.0,,
Tokyo,2020,200.0,Breaststroke,0,Women,RSA,Kaylene Corbett,142.06,4,0.0,,
Berlin,1936,400.0,Freestyle,0,Women,JPN,Kazue Kojima,343.1,4,0.0,,
London,2012,200.0,Backstroke,0,Men,JPN,Kazuki Watanabe,117.03,4,0.0,,
Paris,1924,1500.0,Freestyle,0,Men,JPN,Kazuo Onoda,,0,0.0,,
Munich,1972,200.0,Freestyle,0,Women,USA,Keena Ruth Rothhammer,124.92,3,0.0,,
Munich,1972,400.0,Freestyle,0,Women,USA,Keena Ruth Rothhammer,264.22,4,0.0,,
Munich,1972,800.0,Freestyle,0,Women,USA,Keena Ruth Rothhammer,533.679999,1,0.0,,
Moscow,1980,100.0,Butterfly,0,Men,NED,Kees Vervoorn,55.25,4,0.0,,
Moscow,1980,200.0,Butterfly,0,Men,NED,Kees Vervoorn,122.52,4,0.0,,
Barcelona,1992,200.0,Butterfly,0,Men,JPN,Keiichi Kawanaka,118.97,4,0.0,,
Beijing,2008,200.0,Individual medley,0,Men,CAN,Keith Beavers,119.43,4,0.0,,
London,1948,100.0,Freestyle,0,Men,USA,Keith Eyre Carter,58.3,4,0.0,,
London,1948,200.0,Breaststroke,0,Men,USA,Keith Eyre Carter,160.2,2,0.0,,
Antwerp,1920,400.0,Freestyle,0,Men,AUS,Keith Kirkland,,0,0.0,,
Sydney,2000,200.0,Backstroke,0,Women,CAN,Kelly Stefanyshyn,134.57,4,0.0,,
Rio,2016,100.0,Butterfly,0,Women,USA,Kelsi Worrell,,5,0.0,,
Beijing,2008,200.0,Individual medley,0,Men,JPN,Ken Takakuwa,118.22,4,0.0,,
London,2012,200.0,Individual medley,0,Men,JPN,Ken Takakuwa,118.53,4,1.0,118.22,118.22
City,1968,100.0,Backstroke,0,Women,USA,Kendis Marion Moore,68.3,4,0.0,,
Barcelona,1992,200.0,Breaststroke,0,Men,JPN,Kenji Watanabe,134.699999,4,0.0,,
Antwerp,1920,400.0,Freestyle,0,Men,JPN,Kenkichi Saito,,0,0.0,,
Angeles,1984,200.0,Breaststroke,0,Men,CAN,Kenneth Fitzpatrick,138.86,4,0.0,,
Stockholm,1912,100.0,Freestyle,0,Men,USA,Kenneth Huszagh,65.599999,3,0.0,,
City,1968,100.0,Freestyle,0,Men,USA,Kenneth Marshall Walsh,52.8,2,0.0,,
Angeles,1932,100.0,Backstroke,0,Men,JPN,Kentaro Kawatsu,70.0,3,0.0,,
Rome,1960,200.0,Butterfly,0,Men,JPN,Kenzo Izutsu,139.4,4,0.0,,
Barcelona,1992,200.0,Freestyle,0,Women,GER,Kerstin Kielgass,119.67,3,0.0,,
Sydney,2000,200.0,Freestyle,0,Women,GER,Kerstin Kielgass,118.86,4,1.0,119.67,119.67
Barcelona,1992,400.0,Freestyle,0,Women,GER,Kerstin Kielgass,251.52,4,0.0,,
Atlanta,1996,400.0,Freestyle,0,Women,GER,Kerstin Kielgass,249.83,4,1.0,251.52,251.52
Atlanta,1996,800.0,Freestyle,0,Women,GER,Kerstin Kielgass,511.06,4,0.0,,
Rio,2016,100.0,Breaststroke,0,Men,USA,Kevin Cordes,59.22,4,0.0,,
Rio,2016,200.0,Breaststroke,0,Men,USA,Kevin Cordes,128.34,4,0.0,,
Rio,2016,200.0,Breaststroke,0,Men,USA,Kevin Cordes,128.34,4,1.0,128.34,128.34
Rome,1960,200.0,Butterfly,0,Men,AUS,Kevin John Berry,138.5,4,0.0,,
Tokyo,1964,200.0,Butterfly,0,Men,AUS,Kevin John Berry,126.6,1,1.0,138.5,138.5
Melbourne,1956,400.0,Freestyle,0,Men,AUS,Kevin O'Halloran,272.899999,4,0.0,,
Seoul,1988,400.0,Freestyle,0,Men,GBR,Kevin Thomas Boyd,230.16,4,0.0,,
Seoul,1988,1500.0,Freestyle,0,Men,GBR,Kevin Thomas Boyd,921.16,4,0.0,,
Melbourne,1956,200.0,Breaststroke,0,Men,URS,Kharis Yunichev,156.8,3,0.0,,
Tokyo,2020,800.0,Freestyle,0,Women,AUS,Kiah Melverton,502.25,4,0.0,,
Tokyo,2020,1500.0,Freestyle,0,Women,AUS,Kiah Melverton,960.36,4,0.0,,
Tokyo,2020,200.0,Freestyle,0,Men,USA,Kieran Smith,105.12,4,0.0,,
Tokyo,2020,400.0,Freestyle,0,Men,USA,Kieran Smith,223.94,3,0.0,,
Barcelona,1992,400.0,Freestyle,0,Men,AUS,Kieren John Perkins,225.16,2,0.0,,
Barcelona,1992,1500.0,Freestyle,0,Men,AUS,Kieren John Perkins,883.48,1,0.0,,
Atlanta,1996,1500.0,Freestyle,0,Men,AUS,Kieren John Perkins,896.4,1,1.0,883.48,883.48
Sydney,2000,1500.0,Freestyle,0,Men,AUS,Kieren John Perkins,893.59,2,2.0,883.48,889.94
Berlin,1936,100.0,Backstroke,0,Men,JPN,Kiichi Yoshida,69.7,4,0.0,,
Tokyo,1964,400.0,Freestyle,0,Women,AUS,Kim Herford,292.9,4,0.0,,
Montreal,1976,100.0,Freestyle,0,Women,USA,Kim Marie Peyton,56.81,4,0.0,,
Angeles,1984,400.0,Freestyle,0,Women,USA,Kimberly Ann Linehan,252.26,4,0.0,,
Angeles,1984,200.0,Breaststroke,0,Women,USA,Kimberly Lynne Rhodenbaugh,155.51,4,0.0,,
Tokyo,2020,100.0,Backstroke,0,Women,NED,Kira Toussaint,59.11,4,0.0,,
Tokyo,2020,1500.0,Freestyle,0,Men,ROC,Kirill Martynychev,895.85,4,0.0,,
Atlanta,1996,400.0,Freestyle,0,Women,NED,Kirsten Vlieghuis,248.7,3,0.0,,
Atlanta,1996,800.0,Freestyle,0,Women,NED,Kirsten Vlieghuis,510.84,3,0.0,,
Athens,2004,100.0,Backstroke,0,Women,ZIM,Kirsty Leigh Coventry,60.5,2,0.0,,
Beijing,2008,100.0,Backstroke,0,Women,ZIM,Kirsty Leigh Coventry,59.19,4,1.0,60.5,60.5
Athens,2004,200.0,Backstroke,0,Women,ZIM,Kirsty Leigh Coventry,129.19,1,0.0,,
Beijing,2008,200.0,Backstroke,0,Women,ZIM,Kirsty Leigh Coventry,125.24,1,1.0,129.19,129.19
London,2012,200.0,Backstroke,0,Women,ZIM,Kirsty Leigh Coventry,128.18,4,2.0,125.24,127.215
Rio,2016,200.0,Backstroke,0,Women,ZIM,Kirsty Leigh Coventry,128.8,4,3.0,125.24,127.53666666666668
Athens,2004,200.0,Individual medley,0,Women,ZIM,Kirsty Leigh Coventry,132.72,3,0.0,,
Beijing,2008,200.0,Individual medley,0,Women,ZIM,Kirsty Leigh Coventry,128.59,2,1.0,132.72,132.72
London,2012,200.0,Individual medley,0,Women,ZIM,Kirsty Leigh Coventry,131.13,4,2.0,128.59,130.655
Beijing,2008,400.0,Individual medley,0,Women,ZIM,Kirsty Leigh Coventry,269.89,2,0.0,,
City,1968,100.0,Breaststroke,0,Women,JPN,Kiyoe Nakagawa,77.0,4,0.0,,
Seoul,1988,200.0,Butterfly,0,Women,JPN,Kiyomi Takahashi,131.62,4,0.0,,
Helsinki,1952,200.0,Breaststroke,0,Women,HUN,Klara Killerman Bartos,177.6,3,0.0,,
Melbourne,1956,200.0,Breaststroke,0,Women,HUN,Klara Killerman Bartos,176.1,4,1.0,177.6,177.6
Munich,1972,200.0,Breaststroke,0,Men,GDR,Klaus Katzur,147.44,4,0.0,,
Munich,1972,100.0,Freestyle,0,Men,FRG,Klaus Steinbach,52.92,4,0.0,,
Montreal,1976,100.0,Freestyle,0,Men,FRG,Klaus Steinbach,51.68,4,1.0,52.92,52.92
Munich,1972,200.0,Freestyle,0,Men,FRG,Klaus Steinbach,115.65,4,0.0,,
Montreal,1976,200.0,Freestyle,0,Men,FRG,Klaus Steinbach,111.09,4,1.0,115.65,115.65
Montreal,1976,200.0,Backstroke,0,Women,URS,Klavdiya Studennikova,137.74,4,0.0,,
Athens,2004,200.0,Freestyle,0,Men,USA,Klete Keller,106.13,4,0.0,,
Sydney,2000,400.0,Freestyle,0,Men,USA,Klete Keller,227.0,3,0.0,,
Athens,2004,400.0,Freestyle,0,Men,USA,Klete Keller,224.11,3,1.0,227.0,227.0
Tokyo,2020,100.0,Backstroke,0,Men,ROC,Kliment Kolesnikov,52.0,2,0.0,,
Tokyo,2020,100.0,Freestyle,0,Men,ROC,Kliment Kolesnikov,47.44,3,0.0,,
Melbourne,1956,200.0,Breaststroke,0,Men,DEN,Knud Westrup Gleie,160.0,4,0.0,,
Melbourne,1956,400.0,Freestyle,0,Men,JPN,Koji Nonoshita,278.2,4,0.0,,
London,2012,100.0,Butterfly,0,Men,POL,Konrad Czerniak,52.05,4,0.0,,
Montreal,1976,100.0,Butterfly,0,Women,GDR,Kornelia Ender,60.13,1,0.0,,
Montreal,1976,100.0,Freestyle,0,Women,GDR,Kornelia Ender,55.65,1,0.0,,
Montreal,1976,200.0,Freestyle,0,Women,GDR,Kornelia Ender,119.259999,1,0.0,,
Munich,1972,200.0,Individual medley,0,Women,GDR,Kornelia Ender,143.59,2,0.0,,
Rio,2016,200.0,Freestyle,0,Men,JPN,Kosuke Hagino,105.9,4,0.0,,
London,2012,200.0,Individual medley,0,Men,JPN,Kosuke Hagino,117.35,4,0.0,,
Rio,2016,200.0,Individual medley,0,Men,JPN,Kosuke Hagino,116.61,2,1.0,117.35,117.35
Tokyo,2020,200.0,Individual medley,0,Men,JPN,Kosuke Hagino,117.49,4,2.0,116.61,116.97999999999999
London,2012,400.0,Individual medley,0,Men,JPN,Kosuke Hagino,248.94,3,0.0,,
Rio,2016,400.0,Individual medley,0,Men,JPN,Kosuke Hagino,246.05,1,1.0,248.94,248.94
Sydney,2000,100.0,Breaststroke,0,Men,JPN,Kosuke Kitajima,61.34,4,0.0,,
Athens,2004,100.0,Breaststroke,0,Men,JPN,Kosuke Kitajima,60.08,1,1.0,61.34,61.34
Beijing,2008,100.0,Breaststroke,0,Men,JPN,Kosuke Kitajima,58.91,3,2.0,60.08,60.71
London,2012,100.0,Breaststroke,0,Men,JPN,Kosuke Kitajima,59.79,4,3.0,58.91,60.10999999999999
Athens,2004,200.0,Breaststroke,0,Men,JPN,Kosuke Kitajima,129.44,2,0.0,,
Beijing,2008,200.0,Breaststroke,0,Men,JPN,Kosuke Kitajima,127.64,1,1.0,129.44,129.44
London,2012,200.0,Breaststroke,0,Men,JPN,Kosuke Kitajima,128.35,4,2.0,127.64,128.54
Tokyo,2020,50.0,Freestyle,0,Men,GRE,Kristian Gkolomeev,21.72,4,0.0,,
Seoul,1988,50.0,Freestyle,0,Women,GDR,Kristin Otto,25.49,1,0.0,,
Seoul,1988,100.0,Backstroke,0,Women,GDR,Kristin Otto,60.89,1,0.0,,
Seoul,1988,100.0,Butterfly,0,Women,GDR,Kristin Otto,59.0,4,0.0,,
Seoul,1988,100.0,Freestyle,0,Women,GDR,Kristin Otto,54.93,1,0.0,,
Rome,1960,100.0,Butterfly,0,Women,SWE,Kristina Larsson,73.6,4,0.0,,
Tokyo,2020,100.0,Butterfly,0,Men,HUN,Kristof Kristof Milak,49.68,2,0.0,,
Tokyo,2020,200.0,Butterfly,0,Men,HUN,Kristof Kristof Milak,111.25,1,0.0,,
Sydney,2000,200.0,Breaststroke,0,Women,USA,Kristy Kowal,144.56,2,0.0,,
Seoul,1988,100.0,Backstroke,0,Women,HUN,Krisztina Egerszegi,61.56,2,0.0,,
Barcelona,1992,100.0,Backstroke,0,Women,HUN,Krisztina Egerszegi,60.68,1,1.0,61.56,61.56
Seoul,1988,200.0,Backstroke,0,Women,HUN,Krisztina Egerszegi,129.289999,1,0.0,,
Barcelona,1992,200.0,Backstroke,0,Women,HUN,Krisztina Egerszegi,127.06,1,1.0,129.289999,129.289999
Atlanta,1996,200.0,Backstroke,0,Women,HUN,Krisztina Egerszegi,127.83,1,2.0,127.06,128.1749995
Barcelona,1992,400.0,Individual medley,0,Women,HUN,Krisztina Egerszegi,276.54,1,0.0,,
Atlanta,1996,400.0,Individual medley,0,Women,HUN,Krisztina Egerszegi,282.53,3,1.0,276.54,276.54
Tokyo,2020,200.0,Butterfly,0,Men,POL,Krzysztof Chmielewski,115.88,4,0.0,,
Stockholm,1912,100.0,Freestyle,0,Men,GER,Kurt Bretting,65.8,4,0.0,,
Atlanta,1996,100.0,Breaststroke,0,Men,USA,Kurt Grote,61.69,4,0.0,,
Atlanta,1996,200.0,Breaststroke,0,Men,USA,Kurt Grote,136.05,4,0.0,,
Berlin,1936,100.0,Backstroke,0,Men,AUT,Kurt Patuzzi,,0,0.0,,
Berlin,1936,1500.0,Freestyle,0,Men,AUT,Kurt Patuzzi,,0,0.0,,
Stockholm,1912,200.0,Breaststroke,0,Men,GER,Kurt Paul Malisch,188.0,3,0.0,,
Stockholm,1912,400.0,Breaststroke,0,Men,GER,Kurt Paul Malisch,397.0,4,0.0,,
Angeles,1932,1500.0,Freestyle,0,Men,JPN,Kusuo Kitamura,1152.4,1,0.0,,
Rio,2016,100.0,Freestyle,0,Men,AUS,Kyle Chalmers,47.58,1,0.0,,
Tokyo,2020,100.0,Freestyle,0,Men,AUS,Kyle Chalmers,47.08,2,1.0,47.58,47.58
Sydney,2000,200.0,Breaststroke,0,Men,USA,Kyle Salyards,133.27,4,0.0,,
Rio,2016,100.0,Backstroke,0,Women,CAN,Kylie Masse,58.76,3,0.0,,
Tokyo,2020,100.0,Backstroke,0,Women,CAN,Kylie Masse,57.72,2,1.0,58.76,58.76
Tokyo,2020,200.0,Backstroke,0,Women,CAN,Kylie Masse,125.42,2,0.0,,
London,2012,200.0,Freestyle,0,Women,AUS,Kylie Palmer,117.68,4,0.0,,
Beijing,2008,800.0,Freestyle,0,Women,AUS,Kylie Palmer,506.39,4,0.0,,
Barcelona,1992,200.0,Breaststroke,0,Women,JPN,Kyoko Iwasaki,146.65,1,0.0,,
Paris,1924,100.0,Backstroke,0,Men,HUN,Károly Bartha,77.8,3,0.0,,
Paris,1924,100.0,Freestyle,0,Men,HUN,L. Henyeri,,0,0.0,,
Rome,1960,100.0,Freestyle,0,Men,USA,Lance Melvin Larson,55.1,1,0.0,,
Athens,2004,200.0,Individual medley,0,Women,AUS,Lara Carroll,133.74,4,0.0,,
Moscow,1980,100.0,Backstroke,0,Women,URS,Larisa Gorchakova,63.87,4,0.0,,
Moscow,1980,200.0,Backstroke,0,Women,URS,Larisa Gorchakova,137.72,4,0.0,,
City,1968,200.0,Individual medley,0,Women,URS,Larisa Zakharova,157.0,4,0.0,,
City,1968,200.0,Butterfly,0,Men,SWE,Lars Feil,130.9,4,0.0,,
Sydney,2000,100.0,Butterfly,0,Men,SWE,Lars Frolander,52.0,1,0.0,,
Sydney,2000,100.0,Freestyle,0,Men,SWE,Lars Frolander,49.22,4,0.0,,
Athens,2004,400.0,Freestyle,0,Men,USA,Larsen Jensen,226.079999,4,0.0,,
Beijing,2008,400.0,Freestyle,0,Men,USA,Larsen Jensen,222.78,3,1.0,226.079999,226.079999
Athens,2004,1500.0,Freestyle,0,Men,USA,Larsen Jensen,885.29,2,0.0,,
Beijing,2008,1500.0,Freestyle,0,Men,USA,Larsen Jensen,888.16,4,1.0,885.29,885.29
Athens,2004,100.0,Backstroke,0,Men,HUN,Laszlo Cseh,54.61,4,0.0,,
Rio,2016,100.0,Butterfly,0,Men,HUN,Laszlo Cseh,51.14,2,0.0,,
Beijing,2008,200.0,Butterfly,0,Men,HUN,Laszlo Cseh,112.7,2,0.0,,
Rio,2016,200.0,Butterfly,0,Men,HUN,Laszlo Cseh,116.24,4,1.0,112.7,112.7
Athens,2004,200.0,Individual medley,0,Men,HUN,Laszlo Cseh,118.84,4,0.0,,
Beijing,2008,200.0,Individual medley,0,Men,HUN,Laszlo Cseh,116.52,2,1.0,118.84,118.84
London,2012,200.0,Individual medley,0,Men,HUN,Laszlo Cseh,116.22,3,2.0,116.52,117.68
Tokyo,2020,200.0,Individual medley,0,Men,HUN,Laszlo Cseh,117.68,4,3.0,116.22,117.19333333333333
Athens,2004,400.0,Individual medley,0,Men,HUN,Laszlo Cseh,252.15,3,0.0,,
Beijing,2008,400.0,Individual medley,0,Men,HUN,Laszlo Cseh,246.16,2,1.0,252.15,252.15
Rome,1960,100.0,Backstroke,0,Women,RSA,Laura Ranwell,71.4,3,0.0,,
City,1968,400.0,Individual medley,0,Women,MEX,Laura Vaca,335.7,4,0.0,,
City,1968,800.0,Freestyle,0,Women,MEX,Laura Vaca,602.5,4,0.0,,
Athens,2004,100.0,Backstroke,0,Women,FRA,Laure Manaudou,60.88,3,0.0,,
Beijing,2008,100.0,Backstroke,0,Women,FRA,Laure Manaudou,60.1,1,1.0,60.88,60.88
Athens,2004,400.0,Freestyle,0,Women,FRA,Laure Manaudou,245.34,1,0.0,,
Beijing,2008,400.0,Freestyle,0,Women,FRA,Laure Manaudou,251.26,4,1.0,245.34,245.34
Athens,2004,800.0,Freestyle,0,Women,FRA,Laure Manaudou,504.96,2,0.0,,
London,2012,400.0,Freestyle,0,Women,NZL,Lauren Boyle,246.25,4,0.0,,
London,2012,800.0,Freestyle,0,Women,NZL,Lauren Boyle,502.72,4,0.0,,
Paris,1924,200.0,Breaststroke,0,Women,LUX,Laury Koster,219.2,4,0.0,,
City,1968,100.0,Backstroke,0,Men,USA,Lawrence Edward Barbiere,61.1,3,0.0,,
Barcelona,1992,1500.0,Freestyle,0,Men,USA,Lawrence Frostad,919.41,4,0.0,,
City,1968,100.0,Breaststroke,0,Men,AUS,Lawrence Ian O'Brien,68.599999,4,0.0,,
Tokyo,1964,200.0,Breaststroke,0,Men,AUS,Lawrence Ian O'Brien,147.8,1,0.0,,
Barcelona,1992,100.0,Backstroke,0,Women,USA,Lea Loveless,61.43,3,0.0,,
Barcelona,1992,200.0,Backstroke,0,Women,USA,Lea Loveless,131.539999,4,0.0,,
Atlanta,1996,50.0,Freestyle,0,Women,BAR,Leah Martindale,25.49,4,0.0,,
Rio,2016,400.0,Freestyle,0,Women,USA,Leah Smith,241.92,3,0.0,,
Rio,2016,800.0,Freestyle,0,Women,USA,Leah Smith,500.95,4,0.0,,
Seoul,1988,50.0,Freestyle,0,Women,USA,Leigh Ann Fetter,25.78,4,0.0,,
Barcelona,1992,200.0,Backstroke,0,Women,AUS,Leigh Christine Habler,133.68,4,0.0,,
Sydney,2000,100.0,Breaststroke,0,Women,AUS,Leisel Jones,67.489999,2,0.0,,
Athens,2004,100.0,Breaststroke,0,Women,AUS,Leisel Jones,67.16,4,1.0,67.489999,67.489999
Beijing,2008,100.0,Breaststroke,0,Women,AUS,Leisel Jones,65.17,1,2.0,67.16,67.32499949999999
London,2012,100.0,Breaststroke,0,Women,AUS,Leisel Jones,66.95,4,3.0,65.17,66.60666633333334
Athens,2004,200.0,Breaststroke,0,Women,AUS,Leisel Jones,143.6,2,0.0,,
Beijing,2008,200.0,Breaststroke,0,Women,AUS,Leisel Jones,142.05,2,1.0,143.6,143.6
Montreal,1976,100.0,Butterfly,0,Women,USA,Lelei Alofa Fonoimoana,61.95,4,0.0,,
Sydney,2000,100.0,Backstroke,0,Men,USA,Lenny Krayzelburg,53.72,1,0.0,,
Athens,2004,100.0,Backstroke,0,Men,USA,Lenny Krayzelburg,54.38,4,1.0,53.72,53.72
Sydney,2000,200.0,Backstroke,0,Men,USA,Lenny Krayzelburg,116.759999,1,0.0,,
Angeles,1932,400.0,Freestyle,0,Women,USA,Lenore Kight-Wingard,328.6,2,0.0,,
Berlin,1936,400.0,Freestyle,0,Women,USA,Lenore Kight-Wingard,329.0,3,1.0,328.6,328.6
Tokyo,2020,400.0,Individual medley,0,Men,FRA,Leon Marchand,251.16,4,0.0,,
Berlin,1936,200.0,Breaststroke,0,Men,BER,Leonard Spence,,0,0.0,,
Tokyo,2020,200.0,Butterfly,0,Men,BRA,Leonardo De Deus,115.19,4,0.0,,
Rome,1960,100.0,Backstroke,0,Men,URS,Leonid Barbier,63.5,4,0.0,,
City,1968,200.0,Backstroke,0,Men,URS,Leonid Dobroskokin,135.4,4,0.0,,
City,1968,100.0,Freestyle,0,Men,URS,Leonid Ilyichev,53.8,4,0.0,,
Munich,1972,200.0,Backstroke,0,Women,CAN,Leslie Cliff,145.8,4,0.0,,
Munich,1972,200.0,Individual medley,0,Women,CAN,Leslie Cliff,144.829999,4,0.0,,
Munich,1972,400.0,Individual medley,0,Women,CAN,Leslie Cliff,303.57,2,0.0,,
Moscow,1980,400.0,Individual medley,0,Men,POL,Leszek Gorski,268.89,4,0.0,,
Tokyo,2020,200.0,Individual medley,0,Men,NZL,Lewis Clareburt,117.7,4,0.0,,
Tokyo,2020,400.0,Individual medley,0,Men,NZL,Lewis Clareburt,251.22,4,0.0,,
Barcelona,1992,200.0,Breaststroke,0,Women,CHN,Li Lin,146.85,2,0.0,,
Seoul,1988,200.0,Individual medley,0,Women,CHN,Li Lin,137.42,4,0.0,,
Barcelona,1992,200.0,Individual medley,0,Women,CHN,Li Lin,131.65,1,1.0,137.42,137.42
Atlanta,1996,200.0,Individual medley,0,Women,CHN,Li Lin,134.74,3,2.0,131.65,134.535
Seoul,1988,400.0,Individual medley,0,Women,CHN,Li Lin,287.05,4,0.0,,
Barcelona,1992,400.0,Individual medley,0,Women,CHN,Li Lin,276.73,2,1.0,287.05,287.05
Beijing,2008,100.0,Butterfly,0,Women,SGP,Li Tao,57.99,4,0.0,,
Beijing,2008,100.0,Backstroke,0,Men,GBR,Liam Tancock,53.39,4,0.0,,
London,2012,100.0,Backstroke,0,Men,GBR,Liam Tancock,53.35,4,1.0,53.39,53.39
Beijing,2008,200.0,Individual medley,0,Men,GBR,Liam Tancock,120.76,4,0.0,,
Athens,2004,50.0,Freestyle,0,Women,AUS,Libby Trickett,24.91,3,0.0,,
Beijing,2008,50.0,Freestyle,0,Women,AUS,Libby Trickett,24.25,4,1.0,24.91,24.91
Beijing,2008,100.0,Butterfly,0,Women,AUS,Libby Trickett,56.73,1,0.0,,
Beijing,2008,100.0,Freestyle,0,Women,AUS,Libby Trickett,53.16,2,0.0,,
Barcelona,1992,200.0,Freestyle,0,Women,ROU,Liliana Luminita Dobrescu,120.48,4,0.0,,
Atlanta,1996,200.0,Freestyle,0,Women,ROU,Liliana Luminita Dobrescu,121.63,4,1.0,120.48,120.48
City,1968,200.0,Backstroke,0,Women,USA,Lillian Debra Watson,144.8,1,0.0,,
Rio,2016,100.0,Breaststroke,0,Women,USA,Lilly King,64.93,1,0.0,,
Tokyo,2020,100.0,Breaststroke,0,Women,USA,Lilly King,65.54,3,1.0,64.93,64.93
Tokyo,2020,200.0,Breaststroke,0,Women,USA,Lilly King,139.92,2,0.0,,
Atlanta,1996,100.0,Butterfly,0,Women,CHN,Limin Liu,59.14,4,0.0,,
Atlanta,1996,200.0,Butterfly,0,Women,CHN,Limin Liu,130.699999,4,0.0,,
Beijing,2008,400.0,Freestyle,0,Men,CHN,Lin Zhang,222.44,2,0.0,,
Beijing,2008,1500.0,Freestyle,0,Men,CHN,Lin Zhang,895.2,4,0.0,,
Moscow,1980,100.0,Breaststroke,0,Women,URS,Lina Kachushite,72.21,4,0.0,,
Moscow,1980,200.0,Breaststroke,0,Women,URS,Lina Kachushite,149.54,1,0.0,,
Tokyo,1964,400.0,Individual medley,0,Women,AUS,Linda Carol Mcgill,328.4,4,0.0,,
Tokyo,1964,100.0,Backstroke,0,Women,GBR,Linda Kay Ludgrove,69.5,4,0.0,,
City,1968,100.0,Freestyle,0,Women,USA,Linda Lee Gustavson,60.3,2,0.0,,
City,1968,400.0,Freestyle,0,Women,USA,Linda Lee Gustavson,275.5,2,0.0,,
Athens,2004,400.0,Freestyle,0,Women,AUS,Linda Mackenzie,250.92,4,0.0,,
Atlanta,1996,50.0,Freestyle,0,Women,SWE,Linda Olofsson,25.63,4,0.0,,
Moscow,1980,100.0,Breaststroke,0,Men,AUS,Lindsay Spencer,65.04,4,0.0,,
Moscow,1980,200.0,Breaststroke,0,Men,AUS,Lindsay Spencer,139.68,4,0.0,,
Amsterdam,1928,100.0,Backstroke,0,Women,USA,Lisa A. Lindstrom,84.4,4,0.0,,
Moscow,1980,200.0,Backstroke,0,Women,AUS,Lisa Forrest,136.75,4,0.0,,
Moscow,1980,100.0,Butterfly,0,Women,AUS,Lisa Gaye Curry-Kenny,62.4,4,0.0,,
Angeles,1984,200.0,Individual medley,0,Women,AUS,Lisa Gaye Curry-Kenny,136.75,4,0.0,,
Beijing,2008,200.0,Butterfly,0,Women,CHN,Liuyang Jiao,124.72,2,0.0,,
London,2012,200.0,Butterfly,0,Women,CHN,Liuyang Jiao,124.06,1,1.0,124.72,124.72
Tokyo,2020,200.0,Butterfly,0,Women,CHN,Liyan Yu,127.85,4,0.0,,
Melbourne,1956,100.0,Freestyle,0,Men,USA,Logan Reid Patterson,57.2,4,0.0,,
Atlanta,1996,200.0,Backstroke,0,Women,ITA,Lorenza Vigarani,134.56,4,0.0,,
Sydney,2000,50.0,Freestyle,0,Men,ITA,Lorenzo Vismara,22.11,4,0.0,,
Tokyo,2020,50.0,Freestyle,0,Men,ITA,Lorenzo Zazzeri,21.78,4,0.0,,
Beijing,2008,200.0,Breaststroke,0,Men,ITA,Loris Facci,130.57,4,0.0,,
Berlin,1936,100.0,Backstroke,0,Women,GBR,Lorna Frampton,80.6,4,0.0,,
Melbourne,1956,100.0,Freestyle,0,Women,AUS,Lorraine Joyce Crapp,62.3,2,0.0,,
Melbourne,1956,400.0,Freestyle,0,Women,AUS,Lorraine Joyce Crapp,294.6,1,0.0,,
Munich,1972,200.0,Backstroke,0,Men,GDR,Lothar Noack,128.669999,4,0.0,,
London,2012,400.0,Freestyle,0,Women,DEN,Lotte Friis,243.98,4,0.0,,
Beijing,2008,800.0,Freestyle,0,Women,DEN,Lotte Friis,503.03,3,0.0,,
London,2012,800.0,Freestyle,0,Women,DEN,Lotte Friis,503.86,4,1.0,503.03,503.03
Rio,2016,800.0,Freestyle,0,Women,DEN,Lotte Friis,504.5,4,2.0,503.03,503.445
Amsterdam,1928,100.0,Freestyle,0,Women,GER,Lotte Lehmann,75.2,4,0.0,,
Rio,2016,200.0,Butterfly,0,Men,BEL,Louis Croenen,117.039999,4,0.0,,
Tokyo,2020,100.0,Butterfly,0,Women,SWE,Louise Hansson,56.22,4,0.0,,
Atlanta,1996,200.0,Individual medley,0,Women,SWE,Louise Karlsson,137.25,4,0.0,,
Sydney,2000,100.0,Backstroke,0,Women,DEN,Louise Ornstedt,62.02,4,0.0,,
Athens,2004,100.0,Backstroke,0,Women,DEN,Louise Ornstedt,61.51,4,1.0,62.02,62.02
Athens,2004,200.0,Backstroke,0,Women,DEN,Louise Ornstedt,131.15,4,0.0,,
Atlanta,1996,400.0,Individual medley,0,Women,ESP,Lourdes Becerra,285.17,4,0.0,,
Beijing,2008,400.0,Individual medley,0,Men,ITA,Luca Marin,252.47,4,0.0,,
London,2012,400.0,Individual medley,0,Men,ITA,Luca Marin,254.89,4,1.0,252.47,252.47
Seoul,1988,400.0,Individual medley,0,Men,ITA,Luca Sacchi,263.23,4,0.0,,
Barcelona,1992,400.0,Individual medley,0,Men,ITA,Luca Sacchi,256.339999,3,1.0,263.23,263.23
Atlanta,1996,400.0,Individual medley,0,Men,ITA,Luca Sacchi,258.31,4,2.0,256.339999,259.7849995
Paris,1924,200.0,Breaststroke,0,Women,GBR,Lucille Morton,213.2,1,0.0,,
Helsinki,1952,200.0,Breaststroke,0,Men,TCH,Ludevit Komadel,160.1,4,0.0,,
Antwerp,1920,400.0,Freestyle,0,Men,USA,Ludy Langer,329.0,3,0.0,,
City,1968,100.0,Freestyle,0,Men,ARG,Luis Alberto Nicolao Yanuzzi,53.9,4,0.0,,
Antwerp,1920,400.0,Breaststroke,0,Men,ESP,Luis Balcells,,0,0.0,,
Tokyo,2020,100.0,Butterfly,0,Men,GUA,Luis Martinez,51.09,4,0.0,,
Tokyo,2020,200.0,Backstroke,0,Men,GBR,Luke Greenbank,114.72,3,0.0,,
Sydney,2000,200.0,Freestyle,0,Women,CHN,Luna Wang,119.55,4,0.0,,
City,1968,100.0,Butterfly,0,Men,FRG,Lutz Stocklasa,58.9,4,0.0,,
Munich,1972,100.0,Backstroke,0,Men,GDR,Lutz Wanja,59.8,4,0.0,,
Montreal,1976,100.0,Backstroke,0,Men,GDR,Lutz Wanja,57.49,4,1.0,59.8,59.8
Tokyo,2020,100.0,Breaststroke,0,Women,USA,Lydia Jacoby,64.95,1,0.0,,
Beijing,2008,100.0,Freestyle,0,Men,RSA,Lyndon Ferns,48.04,4,0.0,,
Tokyo,1964,100.0,Freestyle,0,Women,AUS,Lynette Bell,62.7,4,0.0,,
City,1968,200.0,Freestyle,0,Women,AUS,Lynette Bell,135.1,4,0.0,,
City,1968,100.0,Butterfly,0,Women,AUS,Lynette Mcclements,65.5,1,0.0,,
City,1968,100.0,Backstroke,0,Women,AUS,Lynette Watson,69.1,4,0.0,,
City,1968,200.0,Backstroke,0,Women,AUS,Lynette Watson,149.5,4,0.0,,
Munich,1972,200.0,Butterfly,0,Women,USA,Lynn Ann Colella,136.34,2,0.0,,
Rome,1960,100.0,Backstroke,0,Women,USA,Lynn Edythe Burke,69.3,1,0.0,,
Munich,1972,200.0,Individual medley,0,Women,USA,Lynn Marie Vidali,144.06,3,0.0,,
City,1968,400.0,Individual medley,0,Women,USA,Lynn Marie Vidali,322.2,2,0.0,,
Munich,1972,400.0,Individual medley,0,Women,USA,Lynn Marie Vidali,313.06,4,1.0,322.2,322.2
Montreal,1976,100.0,Breaststroke,0,Women,URS,Lyubov Rusanova,73.039999,2,0.0,,
Montreal,1976,200.0,Breaststroke,0,Women,URS,Lyubov Rusanova,156.22,3,0.0,,
Munich,1972,200.0,Breaststroke,0,Women,URS,Lyudmila Porubaiko,164.48,4,0.0,,
Paris,1924,400.0,Freestyle,0,Women,DEN,M. Hansen,,0,0.0,,
Rio,2016,400.0,Freestyle,0,Men,AUS,Mack Horton,221.55,1,0.0,,
Rio,2016,1500.0,Freestyle,0,Men,AUS,Mack Horton,889.54,4,0.0,,
Sydney,2000,400.0,Individual medley,0,Women,USA,Maddy Crippen,284.63,4,0.0,,
Tokyo,2020,1500.0,Freestyle,0,Women,AUS,Maddy Gough,965.81,4,0.0,,
Rio,2016,200.0,Backstroke,0,Women,USA,Madeline Dirado,125.99,1,0.0,,
Rio,2016,200.0,Individual medley,0,Women,USA,Madeline Dirado,128.789999,3,0.0,,
Rio,2016,400.0,Individual medley,0,Women,USA,Madeline Dirado,271.149999,2,0.0,,
Rio,2016,200.0,Butterfly,0,Women,AUS,Madeline Groves,124.88,2,0.0,,
Rio,2016,100.0,Backstroke,0,Women,AUS,Madison Wilson,59.23,4,0.0,,
Tokyo,2020,200.0,Freestyle,0,Women,AUS,Madison Wilson,116.39,4,0.0,,
Moscow,1980,400.0,Individual medley,0,Women,POL,Magdalena Bialas,293.3,4,0.0,,
Munich,1972,100.0,Freestyle,0,Women,HUN,Magdolna Patoh,60.02,1,0.0,,
Atlanta,1996,100.0,Backstroke,0,Women,JPN,Mai Nakamura,62.33,4,0.0,,
Sydney,2000,100.0,Backstroke,0,Women,JPN,Mai Nakamura,60.55,2,1.0,62.33,62.33
Sydney,2000,200.0,Butterfly,0,Women,JPN,Maki Mita,130.72,4,0.0,,
Rome,1960,400.0,Freestyle,0,Men,JPN,Makoto Fukui,269.6,4,0.0,,
Stockholm,1912,1500.0,Freestyle,0,Men,ANZ,Malcolm Champion,,0,0.0,,
Athens,2004,50.0,Freestyle,0,Women,FRA,Malia Metella,24.89,2,0.0,,
Athens,2004,100.0,Freestyle,0,Women,FRA,Malia Metella,54.5,4,0.0,,
Barcelona,1992,400.0,Freestyle,0,Women,SWE,Malin Nilsson,254.1,4,0.0,,
Rome,1960,100.0,Freestyle,0,Men,BRA,Manuel Dos Santos Filho,55.4,3,0.0,,
Melbourne,1956,200.0,Breaststroke,0,Men,CUB,Manuel Sanguily Betancourt,162.0,4,0.0,,
Moscow,1980,100.0,Backstroke,0,Women,ITA,Manuela Carosi,65.099999,4,0.0,,
Barcelona,1992,100.0,Breaststroke,0,Women,ITA,Manuela Dalla Valle,70.39,4,0.0,,
Seoul,1988,200.0,Breaststroke,0,Women,ITA,Manuela Dalla Valle,149.86,4,0.0,,
Barcelona,1992,200.0,Breaststroke,0,Women,ITA,Manuela Dalla Valle,151.21,4,1.0,149.86,149.86
Angeles,1984,200.0,Individual medley,0,Women,ITA,Manuela Dalla Valle,139.69,4,0.0,,
Seoul,1988,100.0,Freestyle,0,Women,GDR,Manuela Stellmach,55.52,4,0.0,,
Seoul,1988,200.0,Freestyle,0,Women,GDR,Manuela Stellmach,119.009999,3,0.0,,
Angeles,1932,100.0,Freestyle,0,Men,USA,Manuella Kalili,59.2,4,0.0,,
Barcelona,1992,100.0,Butterfly,0,Men,CAN,Marcel Gery,54.18,4,0.0,,
Angeles,1932,100.0,Backstroke,0,Men,FRA,Marcel Noual,,0,0.0,,
Atlanta,1996,200.0,Individual medley,0,Men,NED,Marcel Wouda,121.45,4,0.0,,
Sydney,2000,200.0,Individual medley,0,Men,NED,Marcel Wouda,121.48,4,1.0,121.45,121.45
Atlanta,1996,400.0,Individual medley,0,Men,NED,Marcel Wouda,257.709999,4,0.0,,
Montreal,1976,100.0,Freestyle,0,Men,ITA,Marcello Guarducci,51.7,4,0.0,,
Rio,2016,100.0,Freestyle,0,Men,BRA,Marcelo Chierighini,48.41,4,0.0,,
Atlanta,1996,400.0,Individual medley,0,Men,POL,Marcin Malinski,260.5,4,0.0,,
Angeles,1984,200.0,Breaststroke,0,Men,ITA,Marco Del Prete,,5,0.0,,
Angeles,1984,200.0,Freestyle,0,Men,ITA,Marco Dell'Uomo,112.2,4,0.0,,
Angeles,1984,400.0,Freestyle,0,Men,ITA,Marco Dell'Uomo,235.44,4,0.0,,
Athens,2004,100.0,Backstroke,0,Men,GER,Marco Di Carli,55.27,4,0.0,,
Rio,2016,200.0,Breaststroke,0,Men,GER,Marco Koch,128.0,4,0.0,,
Rio,2016,200.0,Breaststroke,0,Men,GER,Marco Koch,128.0,4,1.0,128.0,128.0
Angeles,1984,100.0,Freestyle,0,Men,AUS,Marcus Stockwell,50.24,2,0.0,,
Munich,1972,1500.0,Freestyle,0,Men,NZL,Marcus Treffers,978.84,4,0.0,,
Atlanta,1996,200.0,Breaststroke,0,Men,POL,Marek Krawczyk,134.84,4,0.0,,
Melbourne,1956,100.0,Backstroke,0,Women,GBR,Margaret Edwards,73.1,3,0.0,,
Helsinki,1952,100.0,Backstroke,0,Women,GBR,Margaret Gibson Mcdowell,78.4,4,0.0,,
Beijing,2008,100.0,Backstroke,0,Women,USA,Margaret Hoelzer,59.34,4,0.0,,
Athens,2004,200.0,Backstroke,0,Women,USA,Margaret Hoelzer,130.699999,4,0.0,,
Beijing,2008,200.0,Backstroke,0,Women,USA,Margaret Hoelzer,126.23,2,1.0,130.699999,130.699999
Amsterdam,1928,200.0,Breaststroke,0,Women,USA,Margaret Hoffman,199.2,4,0.0,,
Angeles,1932,200.0,Breaststroke,0,Women,USA,Margaret Hoffman,191.8,4,1.0,199.2,199.2
Amsterdam,1928,100.0,Backstroke,0,Women,GBR,Margaret Joyce Cooper,82.8,3,0.0,,
Angeles,1932,100.0,Backstroke,0,Women,GBR,Margaret Joyce Cooper,83.4,4,1.0,82.8,82.8
Amsterdam,1928,100.0,Freestyle,0,Women,GBR,Margaret Joyce Cooper,73.6,3,0.0,,
Angeles,1932,400.0,Freestyle,0,Women,GBR,Margaret Joyce Cooper,349.7,4,0.0,,
Montreal,1976,100.0,Breaststroke,0,Women,GBR,Margaret Kelly-Hohmann,74.2,4,0.0,,
Moscow,1980,100.0,Breaststroke,0,Women,GBR,Margaret Kelly-Hohmann,71.48,4,1.0,74.2,74.2
Montreal,1976,200.0,Breaststroke,0,Women,GBR,Margaret Kelly-Hohmann,158.37,4,0.0,,
City,1968,200.0,Butterfly,0,Women,GBR,Margaret M. Auton,153.2,4,0.0,,
Tokyo,2020,100.0,Butterfly,0,Women,CAN,Margaret Mac Neil,55.59,1,0.0,,
Angeles,1932,200.0,Breaststroke,0,Women,GBR,Margery Hinton,191.7,4,0.0,,
Rome,1960,200.0,Breaststroke,0,Women,NED,Margretta (Gretta) Kok,174.6,4,0.0,,
Amsterdam,1928,400.0,Freestyle,0,Women,IRL,Marguerite Dockrell,,0,0.0,,
Rome,1960,100.0,Backstroke,0,Women,NED,Maria (Ria) Martina Van Velsen,72.1,4,0.0,,
Angeles,1932,100.0,Backstroke,0,Women,BRA,Maria Emma Lenk-Zigler,,0,0.0,,
Amsterdam,1928,100.0,Backstroke,0,Women,NED,Maria Johanna Philipsen-Braun,82.0,1,0.0,,
Amsterdam,1928,400.0,Freestyle,0,Women,NED,Maria Johanna Philipsen-Braun,357.8,2,0.0,,
City,1968,200.0,Backstroke,0,Women,ESP,Maria Paz Corominas Guerin,153.9,4,0.0,,
City,1968,400.0,Freestyle,0,Women,MEX,Maria Teresa Ramirez,282.2,4,0.0,,
City,1968,800.0,Freestyle,0,Women,MEX,Maria Teresa Ramirez,578.5,3,0.0,,
Moscow,1980,100.0,Butterfly,0,Women,CRC,Mariam Paris,62.89,4,0.0,,
Atlanta,1996,100.0,Backstroke,0,Women,RSA,Marianne Kriel,62.12,3,0.0,,
Barcelona,1992,200.0,Individual medley,0,Women,CAN,Marianne Luise Limpert,137.09,4,0.0,,
Atlanta,1996,200.0,Individual medley,0,Women,CAN,Marianne Luise Limpert,134.35,2,1.0,137.09,137.09
Sydney,2000,200.0,Individual medley,0,Women,CAN,Marianne Luise Limpert,133.44,4,2.0,134.35,135.72
Seoul,1988,200.0,Individual medley,0,Women,NED,Marianne Muis,136.4,4,0.0,,
City,1968,200.0,Individual medley,0,Women,GDR,Marianne Seydel,153.7,4,0.0,,
City,1968,400.0,Individual medley,0,Women,GDR,Marianne Seydel,332.0,4,0.0,,
Rome,1960,100.0,Butterfly,0,Women,NED,Marianne Yvonne Heemskerk,70.4,2,0.0,,
Tokyo,2020,100.0,Butterfly,0,Women,FRA,Marie Wattel,56.27,4,0.0,,
London,1948,100.0,Freestyle,0,Women,NED,Marie-Louise Jean Linssen-Vaessen,67.599999,3,0.0,,
Paris,1924,100.0,Freestyle,0,Women,USA,Mariechen Wehselau,72.8,2,0.0,,
London,1948,1500.0,Freestyle,0,Men,YUG,Marijan Stipetić,1210.7,4,0.0,,
Tokyo,1964,400.0,Freestyle,0,Women,USA,Marilyn Ramenofsky,284.6,2,0.0,,
Montreal,1976,100.0,Breaststroke,0,Women,URS,Marina Koshevaya,73.3,3,0.0,,
Montreal,1976,200.0,Breaststroke,0,Women,URS,Marina Koshevaya,153.35,1,0.0,,
London,1948,100.0,Backstroke,0,Men,ARG,Mario Chavez,69.0,4,0.0,,
Stockholm,1912,100.0,Freestyle,0,Men,ITA,Mario Massa,,0,0.0,,
Stockholm,1912,400.0,Freestyle,0,Men,ITA,Mario Massa,,0,0.0,,
Seoul,1988,100.0,Backstroke,0,Women,FRG,Marion Aizpors,64.19,4,0.0,,
Tokyo,1964,100.0,Freestyle,0,Women,CAN,Marion Beverly Lay,62.2,3,0.0,,
City,1968,100.0,Freestyle,0,Women,CAN,Marion Beverly Lay,60.5,4,1.0,62.2,62.2
Amsterdam,1928,100.0,Backstroke,0,Women,USA,Marion Ulmer Gilman,84.2,4,0.0,,
Seoul,1988,400.0,Freestyle,0,Men,POL,Mariusz Podkoscielny,228.59,4,0.0,,
Seoul,1988,1500.0,Freestyle,0,Men,POL,Mariusz Podkoscielny,914.76,4,0.0,,
Helsinki,1952,200.0,Breaststroke,0,Women,URS,Mariya Havrysh,178.9,4,0.0,,
Barcelona,1992,50.0,Freestyle,0,Men,GBR,Mark Andrew Foster,22.52,4,0.0,,
Sydney,2000,50.0,Freestyle,0,Men,GBR,Mark Andrew Foster,22.41,4,1.0,22.52,22.52
Athens,2004,100.0,Breaststroke,0,Men,USA,Mark Gangloff,61.17,4,0.0,,
Beijing,2008,100.0,Breaststroke,0,Men,USA,Mark Gangloff,60.24,2,1.0,61.17,61.17
Montreal,1976,100.0,Backstroke,0,Men,AUS,Mark Kerry,57.94,4,0.0,,
Angeles,1984,100.0,Backstroke,0,Men,AUS,Mark Kerry,57.18,4,1.0,57.94,57.94
Montreal,1976,200.0,Backstroke,0,Men,AUS,Mark Kerry,124.07,4,0.0,,
Moscow,1980,200.0,Backstroke,0,Men,AUS,Mark Kerry,123.14,3,1.0,124.07,124.07
City,1968,100.0,Butterfly,0,Men,USA,Mark Spitz,56.4,2,0.0,,
Munich,1972,100.0,Butterfly,0,Men,USA,Mark Spitz,54.27,1,1.0,56.4,56.4
City,1968,100.0,Freestyle,0,Men,USA,Mark Spitz,53.0,3,0.0,,
Munich,1972,100.0,Freestyle,0,Men,USA,Mark Spitz,51.22,1,1.0,53.0,53.0
City,1968,200.0,Butterfly,0,Men,USA,Mark Spitz,133.5,4,0.0,,
Munich,1972,200.0,Butterfly,0,Men,USA,Mark Spitz,120.7,1,1.0,133.5,133.5
Munich,1972,200.0,Freestyle,0,Men,USA,Mark Spitz,112.78,1,0.0,,
Seoul,1988,100.0,Backstroke,0,Men,CAN,Mark Tewksbury,56.09,4,0.0,,
Barcelona,1992,100.0,Backstroke,0,Men,CAN,Mark Tewksbury,53.98,1,1.0,56.09,56.09
Montreal,1976,100.0,Backstroke,0,Men,AUS,Mark Tonelli,58.42,4,0.0,,
Moscow,1980,100.0,Backstroke,0,Men,AUS,Mark Tonelli,57.98,4,1.0,58.42,58.42
Montreal,1976,200.0,Backstroke,0,Men,AUS,Mark Tonelli,123.17,4,0.0,,
Atlanta,1996,100.0,Breaststroke,0,Men,GER,Mark Warnecke,61.33,3,0.0,,
Munich,1972,100.0,Breaststroke,0,Men,USA,Mark Webster Chatfield,66.01,4,0.0,,
London,2012,200.0,Individual medley,0,Men,GER,Markus Deibler,119.1,4,0.0,,
Athens,2004,100.0,Backstroke,0,Men,AUT,Markus Rogan,54.35,2,0.0,,
Athens,2004,200.0,Backstroke,0,Men,AUT,Markus Rogan,117.35,2,0.0,,
Beijing,2008,200.0,Backstroke,0,Men,AUT,Markus Rogan,115.49,4,1.0,117.35,117.35
Beijing,2008,50.0,Freestyle,0,Women,NED,Marleen Veldhuis,24.26,4,0.0,,
London,2012,50.0,Freestyle,0,Women,NED,Marleen Veldhuis,24.39,3,1.0,24.26,24.26
Beijing,2008,100.0,Freestyle,0,Women,NED,Marleen Veldhuis,54.21,4,0.0,,
Melbourne,1956,400.0,Freestyle,0,Women,USA,Marley Lynn Shriver,312.9,4,0.0,,
Melbourne,1956,100.0,Freestyle,0,Women,NZL,Marrion Roe,65.599999,4,0.0,,
Tokyo,1964,400.0,Individual medley,0,Women,HUN,Marta Egervary,338.4,4,0.0,,
Berlin,1936,200.0,Breaststroke,0,Women,GER,Martha Genenger,184.2,2,0.0,,
Tokyo,1964,400.0,Individual medley,0,Women,USA,Martha Irene Randall,324.2,3,0.0,,
London,2012,200.0,Breaststroke,0,Women,CAN,Martha Mccabe,143.16,4,0.0,,
Paris,1924,400.0,Freestyle,0,Women,USA,Martha Norelius,362.2,1,0.0,,
Amsterdam,1928,400.0,Freestyle,0,Women,USA,Martha Norelius,342.8,1,1.0,362.2,362.2
Barcelona,1992,100.0,Backstroke,0,Men,ESP,Martin Lopez Zubero,54.96,4,0.0,,
Atlanta,1996,100.0,Backstroke,0,Men,ESP,Martin Lopez Zubero,55.22,4,1.0,54.96,54.96
Barcelona,1992,100.0,Butterfly,0,Men,ESP,Martin Lopez Zubero,54.19,4,0.0,,
Barcelona,1992,200.0,Backstroke,0,Men,ESP,Martin Lopez Zubero,118.47,1,0.0,,
Atlanta,1996,200.0,Backstroke,0,Men,ESP,Martin Lopez Zubero,120.74,4,1.0,118.47,118.47
Tokyo,2020,200.0,Freestyle,0,Men,ROC,Martin Malyutin,105.009999,4,0.0,,
Barcelona,1992,200.0,Butterfly,0,Men,AUS,Martin Wade Roberts,119.64,4,0.0,,
Tokyo,2020,100.0,Breaststroke,0,Women,ITA,Martina Carraro,66.19,4,0.0,,
City,1968,100.0,Freestyle,0,Women,GDR,Martina Grunert,61.0,4,0.0,,
Sydney,2000,50.0,Freestyle,0,Women,SVK,Martina Moravcova,25.24,4,0.0,,
Sydney,2000,100.0,Butterfly,0,Women,SVK,Martina Moravcova,57.97,2,0.0,,
Athens,2004,100.0,Butterfly,0,Women,SVK,Martina Moravcova,58.96,4,1.0,57.97,57.97
Sydney,2000,100.0,Freestyle,0,Women,SVK,Martina Moravcova,54.72,4,0.0,,
Athens,2004,100.0,Freestyle,0,Women,SVK,Martina Moravcova,55.12,4,1.0,54.72,54.72
Sydney,2000,200.0,Freestyle,0,Women,SVK,Martina Moravcova,118.32,2,0.0,,
City,1968,200.0,Butterfly,0,Men,GBR,Martyn John Woodroffe,129.0,2,0.0,,
Angeles,1984,200.0,Freestyle,0,Women,USA,Mary Alice Wayte,119.229999,1,0.0,,
Seoul,1988,200.0,Freestyle,0,Women,USA,Mary Alice Wayte,119.039999,4,1.0,119.229999,119.229999
Munich,1972,400.0,Individual medley,0,Women,USA,Mary Coulter Montgomery,309.98,4,0.0,,
Melbourne,1956,100.0,Butterfly,0,Women,USA,Mary Jane Sears,74.4,3,0.0,,
Melbourne,1956,200.0,Breaststroke,0,Women,USA,Mary Jane Sears,177.2,4,0.0,,
Berlin,1936,400.0,Freestyle,0,Women,USA,Mary Lou Petty,332.2,4,0.0,,
Helsinki,1952,100.0,Freestyle,0,Women,USA,Mary Louise Stepan,68.0,4,0.0,,
Berlin,1936,100.0,Freestyle,0,Women,USA,Mary Olive Mckean,68.4,4,0.0,,
Tokyo,1964,100.0,Butterfly,0,Women,CAN,Mary Pauline Stewart,70.0,4,0.0,,
Rome,1960,100.0,Freestyle,0,Women,CAN,Mary Pauline Stewart,65.5,4,0.0,,
Angeles,1984,100.0,Butterfly,0,Women,USA,Mary T. Meagher,59.26,4,0.0,,
Seoul,1988,100.0,Butterfly,0,Women,USA,Mary T. Meagher,60.97,3,1.0,59.26,59.26
Angeles,1984,200.0,Butterfly,0,Women,USA,Mary T. Meagher,126.9,1,0.0,,
Seoul,1988,200.0,Butterfly,0,Women,USA,Mary T. Meagher,130.8,3,1.0,126.9,126.9
Montreal,1976,100.0,Breaststroke,0,Women,URS,Maryna Yurchenia,74.17,4,0.0,,
Montreal,1976,200.0,Breaststroke,0,Women,URS,Maryna Yurchenia,156.079999,2,0.0,,
Berlin,1936,100.0,Freestyle,0,Men,JPN,Masaharu Taguchi,58.1,4,0.0,,
Melbourne,1956,200.0,Breaststroke,0,Men,JPN,Masahiro Yoshimura,156.7,2,0.0,,
Angeles,1932,100.0,Backstroke,0,Men,JPN,Masaji Kiyokawa,68.599999,1,0.0,,
Berlin,1936,100.0,Backstroke,0,Men,JPN,Masaji Kiyokawa,68.4,3,1.0,68.599999,68.599999
Sydney,2000,100.0,Breaststroke,0,Women,JPN,Masami Tanaka,68.37,4,0.0,,
Atlanta,1996,200.0,Breaststroke,0,Women,JPN,Masami Tanaka,148.05,4,0.0,,
Sydney,2000,200.0,Breaststroke,0,Women,JPN,Masami Tanaka,146.98,4,1.0,148.05,148.05
Athens,2004,200.0,Breaststroke,0,Women,JPN,Masami Tanaka,145.87,4,2.0,146.98,147.515
Berlin,1936,100.0,Freestyle,0,Men,JPN,Masanori Yusa,57.9,2,0.0,,
Antwerp,1920,1500.0,Freestyle,0,Men,JPN,Masaren Uchida,,0,0.0,,
Melbourne,1956,200.0,Breaststroke,0,Men,JPN,Masaru Furukawa,154.7,1,0.0,,
Atlanta,1996,1500.0,Freestyle,0,Men,JPN,Masato Hirano,917.28,4,0.0,,
Rio,2016,200.0,Butterfly,0,Men,JPN,Masato Sakai,113.4,2,0.0,,
Atlanta,1996,200.0,Freestyle,0,Men,ITA,Massimiliano Rosolino,108.5,4,0.0,,
Sydney,2000,200.0,Freestyle,0,Men,ITA,Massimiliano Rosolino,106.65,3,1.0,108.5,108.5
Sydney,2000,200.0,Individual medley,0,Men,ITA,Massimiliano Rosolino,118.979999,1,0.0,,
Atlanta,1996,400.0,Freestyle,0,Men,ITA,Massimiliano Rosolino,231.04,4,0.0,,
Sydney,2000,400.0,Freestyle,0,Men,ITA,Massimiliano Rosolino,223.4,2,1.0,231.04,231.04
Athens,2004,400.0,Freestyle,0,Men,ITA,Massimiliano Rosolino,226.25,4,2.0,223.4,227.22
London,2012,1500.0,Freestyle,0,Men,POL,Mateusz Sawrymowicz,894.32,4,0.0,,
Beijing,2008,100.0,Backstroke,0,Men,USA,Matt Grevers,53.11,2,0.0,,
London,2012,100.0,Backstroke,0,Men,USA,Matt Grevers,52.16,1,1.0,53.11,53.11
Beijing,2008,100.0,Freestyle,0,Men,AUS,Matt Targett,48.2,4,0.0,,
Seoul,1988,50.0,Freestyle,0,Men,USA,Matthew Biondi,22.14,1,0.0,,
Barcelona,1992,50.0,Freestyle,0,Men,USA,Matthew Biondi,22.09,2,1.0,22.14,22.14
Seoul,1988,100.0,Butterfly,0,Men,USA,Matthew Biondi,53.01,2,0.0,,
Seoul,1988,100.0,Freestyle,0,Men,USA,Matthew Biondi,48.63,1,0.0,,
Barcelona,1992,100.0,Freestyle,0,Men,USA,Matthew Biondi,49.53,4,1.0,48.63,48.63
Seoul,1988,200.0,Freestyle,0,Men,USA,Matthew Biondi,107.99,3,0.0,,
Montreal,1976,100.0,Butterfly,0,Men,USA,Matthew Haynes Vogel,54.35,1,0.0,,
Seoul,1988,400.0,Freestyle,0,Men,USA,Matthew J. Cetlinski,228.09,4,0.0,,
Seoul,1988,1500.0,Freestyle,0,Men,USA,Matthew J. Cetlinski,906.42,4,0.0,,
Barcelona,1992,200.0,Individual medley,0,Men,AUS,Matthew Stephen Dunn,122.79,4,0.0,,
Atlanta,1996,200.0,Individual medley,0,Men,AUS,Matthew Stephen Dunn,121.57,4,1.0,122.79,122.79
Atlanta,1996,400.0,Individual medley,0,Men,AUS,Matthew Stephen Dunn,256.66,4,0.0,,
Tokyo,2020,100.0,Butterfly,0,Men,AUS,Matthew Temple,50.92,4,0.0,,
Sydney,2000,100.0,Backstroke,0,Men,AUS,Matthew Welsh,54.07,2,0.0,,
Athens,2004,100.0,Backstroke,0,Men,AUS,Matthew Welsh,54.52,4,1.0,54.07,54.07
Sydney,2000,200.0,Backstroke,0,Men,AUS,Matthew Welsh,117.59,3,0.0,,
Tokyo,2020,200.0,Breaststroke,0,Men,FIN,Matti Mattsson,127.13,3,0.0,,
Melbourne,1956,100.0,Backstroke,0,Women,USA,Maureen Elizabeth Murphy,74.1,4,0.0,,
Helsinki,1952,200.0,Breaststroke,0,Men,FRA,Maurice Lusien,159.8,4,0.0,,
Angeles,1984,400.0,Individual medley,0,Men,ITA,Maurizio Divano,262.76,4,0.0,,
Rio,2016,400.0,Individual medley,0,Men,GBR,Max Litchfield,251.62,4,0.0,,
Tokyo,2020,400.0,Individual medley,0,Men,GBR,Max Litchfield,250.59,4,1.0,251.62,251.62
Tokyo,2020,100.0,Freestyle,0,Men,FRA,Maxime Grousset,47.72,4,0.0,,
Moscow,1980,400.0,Freestyle,0,Men,AUS,Maxwell Metzker,236.87,4,0.0,,
Montreal,1976,1500.0,Freestyle,0,Men,AUS,Maxwell Metzker,931.53,4,0.0,,
Moscow,1980,1500.0,Freestyle,0,Men,AUS,Maxwell Metzker,914.49,3,1.0,931.53,931.53
Munich,1972,100.0,Butterfly,0,Women,JPN,Mayumi Aoki,63.34,1,0.0,,
Munich,1972,200.0,Butterfly,0,Women,JPN,Mayumi Aoki,142.84,4,0.0,,
Beijing,2008,200.0,Backstroke,0,Women,AUS,Meagen Nay,128.84,4,0.0,,
London,2012,200.0,Backstroke,0,Women,AUS,Meagen Nay,127.43,4,1.0,128.84,128.84
Sydney,2000,100.0,Breaststroke,0,Women,USA,Megan Quann,67.05,1,0.0,,
Beijing,2008,100.0,Breaststroke,0,Women,USA,Megan Quann,67.62,4,1.0,67.05,67.05
Beijing,2008,200.0,Breaststroke,0,Women,JPN,Megumi Taneda,145.23,4,0.0,,
Rio,2016,100.0,Butterfly,0,Men,FRA,Mehdy Metella,51.58,4,0.0,,
Rio,2016,200.0,Individual medley,0,Women,USA,Melanie Margalis,129.21,4,0.0,,
London,2012,100.0,Freestyle,0,Women,AUS,Melanie Schlanger,53.47,4,0.0,,
Munich,1972,100.0,Backstroke,0,Women,USA,Melissa Louise Belote,65.78,1,0.0,,
Munich,1972,200.0,Backstroke,0,Women,USA,Melissa Louise Belote,139.19,1,0.0,,
Montreal,1976,200.0,Backstroke,0,Women,USA,Melissa Louise Belote,137.27,4,1.0,139.19,139.19
Barcelona,1992,100.0,Butterfly,0,Men,USA,Melvin Stewart,54.04,4,0.0,,
Seoul,1988,200.0,Butterfly,0,Men,USA,Melvin Stewart,119.19,4,0.0,,
Barcelona,1992,200.0,Butterfly,0,Men,USA,Melvin Stewart,116.259999,1,1.0,119.19,119.19
Atlanta,1996,100.0,Butterfly,0,Women,DEN,Mette Jacobsen,60.76,4,0.0,,
Atlanta,1996,100.0,Freestyle,0,Women,DEN,Mette Jacobsen,56.01,4,0.0,,
Barcelona,1992,200.0,Butterfly,0,Women,DEN,Mette Jacobsen,131.87,4,0.0,,
Sydney,2000,200.0,Butterfly,0,Women,DEN,Mette Jacobsen,128.24,4,1.0,131.87,131.87
Athens,2004,200.0,Butterfly,0,Women,DEN,Mette Jacobsen,130.009999,4,2.0,128.24,130.055
London,2012,200.0,Breaststroke,0,Women,USA,Micah Lawrence,143.27,4,0.0,,
Tokyo,2020,50.0,Freestyle,0,Men,USA,Michael Andrew,21.6,4,0.0,,
Tokyo,2020,100.0,Breaststroke,0,Men,USA,Michael Andrew,58.84,4,0.0,,
Tokyo,2020,200.0,Individual medley,0,Men,USA,Michael Andrew,117.31,4,0.0,,
Munich,1972,100.0,Backstroke,0,Men,USA,Michael Eugene Stamm,57.7,3,0.0,,
Munich,1972,200.0,Backstroke,0,Men,USA,Michael Eugene Stamm,124.09,2,0.0,,
Rome,1960,200.0,Butterfly,0,Men,USA,Michael Francis Troy,132.8,1,0.0,,
Angeles,1984,100.0,Butterfly,0,Men,FRG,Michael Gross,53.08,1,0.0,,
Seoul,1988,100.0,Butterfly,0,Men,FRG,Michael Gross,53.44,4,1.0,53.08,53.08
Angeles,1984,200.0,Butterfly,0,Men,FRG,Michael Gross,117.4,2,0.0,,
Seoul,1988,200.0,Butterfly,0,Men,FRG,Michael Gross,116.94,1,1.0,117.4,117.4
Angeles,1984,200.0,Freestyle,0,Men,FRG,Michael Gross,107.44,1,0.0,,
Seoul,1988,200.0,Freestyle,0,Men,FRG,Michael Gross,108.59,4,1.0,107.44,107.44
City,1968,200.0,Individual medley,0,Men,FRG,Michael Holthaus,136.8,4,0.0,,
City,1968,400.0,Individual medley,0,Men,FRG,Michael Holthaus,291.4,3,0.0,,
London,2012,200.0,Breaststroke,0,Men,GBR,Michael Jamieson,127.43,2,0.0,,
Angeles,1984,1500.0,Freestyle,0,Men,USA,Michael Jon O'Brien,905.2,1,0.0,,
Atlanta,1996,100.0,Butterfly,0,Men,AUS,Michael Klim,53.3,4,0.0,,
Sydney,2000,100.0,Butterfly,0,Men,AUS,Michael Klim,52.18,2,1.0,53.3,53.3
Sydney,2000,100.0,Freestyle,0,Men,AUS,Michael Klim,48.74,4,0.0,,
Montreal,1976,200.0,Butterfly,0,Men,FRG,Michael Kraus,120.46,4,0.0,,
Tokyo,1964,100.0,Freestyle,0,Men,USA,Michael Mackay Austin,54.5,4,0.0,,
Sydney,2000,100.0,Butterfly,0,Men,CAN,Michael Mintenko,52.58,4,0.0,,
Athens,2004,100.0,Butterfly,0,Men,USA,Michael Phelps,51.25,1,0.0,,
Beijing,2008,100.0,Butterfly,0,Men,USA,Michael Phelps,50.58,1,1.0,51.25,51.25
London,2012,100.0,Butterfly,0,Men,USA,Michael Phelps,51.21,1,2.0,50.58,50.915
Rio,2016,100.0,Butterfly,0,Men,USA,Michael Phelps,51.14,2,3.0,50.58,51.01333333333333
Sydney,2000,200.0,Butterfly,0,Men,USA,Michael Phelps,116.5,4,0.0,,
Athens,2004,200.0,Butterfly,0,Men,USA,Michael Phelps,114.039999,1,1.0,116.5,116.5
Beijing,2008,200.0,Butterfly,0,Men,USA,Michael Phelps,112.03,1,2.0,114.039999,115.2699995
London,2012,200.0,Butterfly,0,Men,USA,Michael Phelps,113.009999,2,3.0,112.03,114.18999966666667
Rio,2016,200.0,Butterfly,0,Men,USA,Michael Phelps,113.36,1,4.0,112.03,113.8949995
Athens,2004,200.0,Freestyle,0,Men,USA,Michael Phelps,105.32,3,0.0,,
Beijing,2008,200.0,Freestyle,0,Men,USA,Michael Phelps,102.96,1,1.0,105.32,105.32
Athens,2004,200.0,Individual medley,0,Men,USA,Michael Phelps,117.14,1,0.0,,
Beijing,2008,200.0,Individual medley,0,Men,USA,Michael Phelps,114.229999,1,1.0,117.14,117.14
London,2012,200.0,Individual medley,0,Men,USA,Michael Phelps,114.27,1,2.0,114.229999,115.6849995
Rio,2016,200.0,Individual medley,0,Men,USA,Michael Phelps,114.66,1,3.0,114.229999,115.21333299999999
Athens,2004,400.0,Individual medley,0,Men,USA,Michael Phelps,248.26,1,0.0,,
Beijing,2008,400.0,Individual medley,0,Men,USA,Michael Phelps,243.84,1,1.0,248.26,248.26
London,2012,400.0,Individual medley,0,Men,USA,Michael Phelps,249.28,4,2.0,243.84,246.05
Moscow,1980,200.0,Backstroke,0,Men,SWE,Michael Soderlund,124.1,4,0.0,,
Angeles,1984,100.0,Freestyle,0,Men,USA,Michael Steward Heath,50.41,4,0.0,,
Angeles,1984,200.0,Freestyle,0,Men,USA,Michael Steward Heath,109.1,2,0.0,,
City,1968,100.0,Freestyle,0,Men,AUS,Michael Vincent Wenden,52.2,1,0.0,,
Munich,1972,100.0,Freestyle,0,Men,AUS,Michael Vincent Wenden,52.41,4,1.0,52.2,52.2
City,1968,200.0,Freestyle,0,Men,AUS,Michael Vincent Wenden,115.2,1,0.0,,
Munich,1972,200.0,Freestyle,0,Men,AUS,Michael Vincent Wenden,114.4,4,1.0,115.2,115.2
Angeles,1984,100.0,Backstroke,0,Men,CAN,Michael West,56.49,3,0.0,,
Munich,1972,100.0,Freestyle,0,Men,FRA,Michel Rousseau,52.9,4,0.0,,
Angeles,1984,800.0,Freestyle,0,Women,USA,Michele Richardson,510.73,2,0.0,,
Rio,2016,200.0,Freestyle,0,Women,SWE,Michelle Coleman,116.27,4,0.0,,
Athens,2004,50.0,Freestyle,0,Women,AUS,Michelle Engelsman,25.06,4,0.0,,
Moscow,1980,200.0,Butterfly,0,Women,AUS,Michelle Ford,131.66,3,0.0,,
Moscow,1980,400.0,Freestyle,0,Women,AUS,Michelle Ford,251.65,4,0.0,,
Moscow,1980,800.0,Freestyle,0,Women,AUS,Michelle Ford,508.9,1,0.0,,
Angeles,1984,100.0,Butterfly,0,Women,CAN,Michelle Mac Pherson,61.58,4,0.0,,
Atlanta,1996,200.0,Butterfly,0,Women,IRL,Michelle Marie Smith,129.91,3,0.0,,
Atlanta,1996,200.0,Individual medley,0,Women,IRL,Michelle Marie Smith,133.93,1,0.0,,
Atlanta,1996,400.0,Freestyle,0,Women,IRL,Michelle Marie Smith,247.25,1,0.0,,
Atlanta,1996,400.0,Individual medley,0,Women,IRL,Michelle Marie Smith,279.18,1,0.0,,
Angeles,1984,100.0,Freestyle,0,Women,AUS,Michelle Pearson,56.83,4,0.0,,
Angeles,1984,200.0,Freestyle,0,Women,AUS,Michelle Pearson,119.789999,4,0.0,,
Angeles,1984,200.0,Individual medley,0,Women,AUS,Michelle Pearson,135.919999,3,0.0,,
Rio,2016,100.0,Backstroke,0,Women,DEN,Mie Nielsen,58.8,4,0.0,,
Paris,1924,100.0,Freestyle,0,Women,NED,Mietje Baron,,0,0.0,,
Paris,1924,200.0,Breaststroke,0,Women,NED,Mietje Baron,,0,0.0,,
Amsterdam,1928,200.0,Breaststroke,0,Women,NED,Mietje Baron,195.2,2,1.0,,
Barcelona,1992,200.0,Butterfly,0,Women,JPN,Mika Haruna,129.88,4,0.0,,
Atlanta,1996,200.0,Butterfly,0,Women,JPN,Mika Haruna,131.93,4,1.0,129.88,129.88
Seoul,1988,200.0,Breaststroke,0,Men,USA,Mike Barrowman,135.449999,4,0.0,,
Barcelona,1992,200.0,Breaststroke,0,Men,USA,Mike Barrowman,130.16,1,1.0,135.449999,135.449999
Athens,2004,200.0,Breaststroke,0,Men,CAN,Mike Brown,131.94,4,0.0,,
Beijing,2008,200.0,Breaststroke,0,Men,CAN,Mike Brown,129.03,4,1.0,131.94,131.94
Montreal,1976,200.0,Butterfly,0,Men,USA,Mike Bruner,119.229999,1,0.0,,
City,1968,400.0,Freestyle,0,Men,USA,Mike Burton,249.0,1,0.0,,
City,1968,1500.0,Freestyle,0,Men,USA,Mike Burton,998.9,1,0.0,,
Munich,1972,1500.0,Freestyle,0,Men,USA,Mike Burton,952.58,1,1.0,998.9,998.9
Stockholm,1912,200.0,Breaststroke,0,Men,USA,Mike Mcdermott,,0,0.0,,
Moscow,1980,200.0,Butterfly,0,Men,URS,Mikhail Gorelik,122.44,4,0.0,,
Munich,1972,200.0,Individual medley,0,Men,URS,Mikhail Sukharev,131.78,4,0.0,,
Seoul,1988,200.0,Individual medley,0,Men,URS,Mikhail Zubkov,122.92,4,0.0,,
Atlanta,1996,100.0,Backstroke,0,Women,JPN,Miki Nakao,62.78,4,0.0,,
Atlanta,1996,200.0,Backstroke,0,Women,JPN,Miki Nakao,133.57,4,0.0,,
Sydney,2000,200.0,Backstroke,0,Women,JPN,Miki Nakao,131.05,3,1.0,133.57,133.57
Beijing,2008,100.0,Butterfly,0,Men,SRB,Milorad Cavic,50.59,2,0.0,,
London,2012,100.0,Butterfly,0,Men,SRB,Milorad Cavic,51.81,4,1.0,50.59,50.59
Moscow,1980,100.0,Backstroke,0,Men,TCH,Miloslav Rolko,57.74,4,0.0,,
Montreal,1976,200.0,Backstroke,0,Men,TCH,Miloslav Rolko,125.81,4,0.0,,
Moscow,1980,400.0,Individual medley,0,Men,TCH,Miloslav Rolko,266.99,4,0.0,,
Stockholm,1912,100.0,Freestyle,0,Women,ANZ,Mina Wylie,85.4,2,0.0,,
Atlanta,1996,200.0,Individual medley,0,Women,NED,Minouche Smit,136.729999,4,0.0,,
London,2012,200.0,Butterfly,0,Women,ESP,Mireia Belmonte,125.25,2,0.0,,
Rio,2016,200.0,Butterfly,0,Women,ESP,Mireia Belmonte,124.85,1,1.0,125.25,125.25
London,2012,400.0,Individual medley,0,Women,ESP,Mireia Belmonte,275.62,4,0.0,,
Rio,2016,400.0,Individual medley,0,Women,ESP,Mireia Belmonte,272.39,3,1.0,275.62,275.62
London,2012,800.0,Freestyle,0,Women,ESP,Mireia Belmonte,498.76,2,0.0,,
Rio,2016,800.0,Freestyle,0,Women,ESP,Mireia Belmonte,498.55,4,1.0,498.76,498.76
City,1968,100.0,Freestyle,0,Women,YUG,Mirjana Šegrt,61.5,4,0.0,,
City,1968,200.0,Freestyle,0,Women,YUG,Mirjana Šegrt,133.3,4,0.0,,
Atlanta,1996,200.0,Backstroke,0,Men,ITA,Mirko Mazzari,121.27,4,0.0,,
Beijing,2008,100.0,Breaststroke,0,Women,AUT,Mirna Jukic,67.34,3,0.0,,
Athens,2004,200.0,Breaststroke,0,Women,AUT,Mirna Jukic,146.36,4,0.0,,
Beijing,2008,200.0,Breaststroke,0,Women,AUT,Mirna Jukic,143.24,4,1.0,146.36,146.36
London,2012,100.0,Backstroke,0,Women,USA,Missy Franklin,58.33,2,0.0,,
London,2012,100.0,Freestyle,0,Women,USA,Missy Franklin,53.64,4,0.0,,
London,2012,200.0,Backstroke,0,Women,USA,Missy Franklin,124.06,1,0.0,,
London,2012,200.0,Freestyle,0,Women,USA,Missy Franklin,115.82,4,0.0,,
Sydney,2000,200.0,Butterfly,0,Women,USA,Misty Hyman,125.88,1,0.0,,
Munich,1972,100.0,Backstroke,0,Men,USA,Mitchell Ivey,58.48,4,0.0,,
City,1968,200.0,Backstroke,0,Men,USA,Mitchell Ivey,130.6,2,0.0,,
Munich,1972,200.0,Backstroke,0,Men,USA,Mitchell Ivey,124.33,3,1.0,130.6,130.6
Rio,2016,100.0,Backstroke,0,Men,AUS,Mitchell Larkin,52.43,4,0.0,,
Tokyo,2020,100.0,Backstroke,0,Men,AUS,Mitchell Larkin,52.79,4,1.0,52.43,52.43
London,2012,200.0,Backstroke,0,Men,AUS,Mitchell Larkin,118.02,4,0.0,,
Rio,2016,200.0,Backstroke,0,Men,AUS,Mitchell Larkin,113.96,2,1.0,118.02,118.02
Seoul,1988,200.0,Freestyle,0,Women,USA,Mitzi Patricia Kremer,120.23,4,0.0,,
Tokyo,2020,200.0,Breaststroke,0,Women,GBR,Molly Renshaw,142.65,4,0.0,,
Tokyo,2020,100.0,Breaststroke,0,Women,IRL,Mona Mc Sharry,66.94,4,0.0,,
Moscow,1980,100.0,Breaststroke,0,Women,ITA,Monica Bonon,72.51,4,0.0,,
Angeles,1984,800.0,Freestyle,0,Women,ITA,Monica Olmi,527.32,4,0.0,,
Moscow,1980,100.0,Backstroke,0,Women,NED,Monique Bosga,64.47,4,0.0,,
Montreal,1976,400.0,Individual medley,0,Women,NZL,Monique Rodahl,300.21,4,0.0,,
Sydney,2000,100.0,Breaststroke,0,Men,CAN,Morgan Knabe,61.58,4,0.0,,
Beijing,2008,200.0,Butterfly,0,Men,NZL,Moss Burmester,114.35,4,0.0,,
Tokyo,2020,400.0,Freestyle,0,Women,CHN,Muhan Tang,244.1,4,0.0,,
Tokyo,2020,400.0,Freestyle,0,Women,CHN,Muhan Tang,244.1,4,1.0,244.1,244.1
London,1948,100.0,Backstroke,0,Women,USA,Muriel Jane Mellon,79.0,4,0.0,,
Melbourne,1956,1500.0,Freestyle,0,Men,AUS,Murray Garretty,1106.5,4,0.0,,
Rome,1960,400.0,Freestyle,0,Men,RSA,Murray Mclachlan,266.3,4,0.0,,
Rome,1960,1500.0,Freestyle,0,Men,RSA,Murray Mclachlan,1064.9,4,0.0,,
Melbourne,1956,400.0,Freestyle,0,Men,AUS,Murray Rose,267.3,1,0.0,,
Rome,1960,400.0,Freestyle,0,Men,AUS,Murray Rose,258.3,1,1.0,267.3,267.3
Melbourne,1956,1500.0,Freestyle,0,Men,AUS,Murray Rose,1078.9,1,0.0,,
Rome,1960,1500.0,Freestyle,0,Men,AUS,Murray Rose,1041.7,2,1.0,1078.9,1078.9
Tokyo,2020,800.0,Freestyle,0,Men,UKR,Mykhailo Romanchuk,462.33,3,0.0,,
Tokyo,2020,1500.0,Freestyle,0,Men,UKR,Mykhailo Romanchuk,880.66,2,0.0,,
Melbourne,1956,100.0,Butterfly,0,Women,HUN,Mária Littomeritzky,74.9,4,0.0,,
Sydney,2000,200.0,Freestyle,0,Women,RUS,Nadezhda Chemezova,118.86,4,0.0,,
Sydney,2000,400.0,Freestyle,0,Women,RUS,Nadezhda Chemezova,250.37,4,0.0,,
Montreal,1976,100.0,Backstroke,0,Women,URS,Nadezhda Stavko,65.19,4,0.0,,
Montreal,1976,200.0,Backstroke,0,Women,URS,Nadezhda Stavko,136.28,4,0.0,,
Rome,1960,100.0,Backstroke,0,Women,FRA,Nadine Delache,72.4,4,0.0,,
Atlanta,1996,200.0,Breaststroke,0,Women,AUS,Nadine Neumann,148.34,4,0.0,,
Montreal,1976,100.0,Backstroke,0,Women,CAN,Nancy Ellen Garapick,63.71,3,0.0,,
Montreal,1976,200.0,Backstroke,0,Women,CAN,Nancy Ellen Garapick,135.6,3,0.0,,
Melbourne,1956,100.0,Butterfly,0,Women,USA,Nancy Jane Ramey,71.9,2,0.0,,
Angeles,1984,100.0,Freestyle,0,Women,USA,Nancy Lynn Hogshead,55.92,1,0.0,,
Angeles,1984,200.0,Butterfly,0,Women,USA,Nancy Lynn Hogshead,131.979999,4,0.0,,
Angeles,1984,200.0,Individual medley,0,Women,USA,Nancy Lynn Hogshead,135.169999,2,0.0,,
London,1948,400.0,Freestyle,0,Women,USA,Nancy Merki Lees,332.9,4,0.0,,
Rome,1960,400.0,Freestyle,0,Women,GBR,Nancy Rae,299.7,4,0.0,,
Barcelona,1992,200.0,Individual medley,0,Women,CAN,Nancy Sweetnam,137.13,4,0.0,,
Tokyo,2020,100.0,Freestyle,0,Men,HUN,Nandor Nemeth,48.1,4,0.0,,
Angeles,1984,200.0,Butterfly,0,Women,JPN,Naoko Kume,132.57,4,0.0,,
Munich,1972,800.0,Freestyle,0,Women,AUS,Narelle Moras,559.06,4,0.0,,
Sydney,2000,200.0,Freestyle,0,Women,BLR,Natalia Baranovskaya-Khatziloizou,119.28,4,0.0,,
Barcelona,1992,50.0,Freestyle,0,Women,EUN,Natalia Meshcheryakova,25.47,4,0.0,,
Atlanta,1996,50.0,Freestyle,0,Women,RUS,Natalia Meshcheryakova,25.88,4,1.0,25.47,25.47
Moscow,1980,100.0,Freestyle,0,Women,URS,Natalia Strunnikova,57.83,4,0.0,,
Moscow,1980,200.0,Freestyle,0,Women,URS,Natalia Strunnikova,123.74,4,0.0,,
Rome,1960,100.0,Backstroke,0,Women,GBR,Natalie Alwyne Steward,70.8,2,0.0,,
Rome,1960,100.0,Freestyle,0,Women,GBR,Natalie Alwyne Steward,63.1,3,0.0,,
Melbourne,1956,100.0,Freestyle,0,Women,RSA,Natalie Ann Myburgh,65.8,4,0.0,,
Athens,2004,100.0,Backstroke,0,Women,USA,Natalie Coughlin,60.37,1,0.0,,
Beijing,2008,100.0,Backstroke,0,Women,USA,Natalie Coughlin,58.96,3,1.0,60.37,60.37
Athens,2004,100.0,Freestyle,0,Women,USA,Natalie Coughlin,54.4,3,0.0,,
Beijing,2008,100.0,Freestyle,0,Women,USA,Natalie Coughlin,53.39,3,1.0,54.4,54.4
Beijing,2008,200.0,Individual medley,0,Women,USA,Natalie Coughlin,130.34,3,0.0,,
Montreal,1976,200.0,Butterfly,0,Women,URS,Natalya Popova,134.5,4,0.0,,
Seoul,1988,200.0,Freestyle,0,Women,URS,Natalya Trefilova,119.24,4,0.0,,
Seoul,1988,400.0,Freestyle,0,Women,URS,Natalya Trefilova,253.92,4,0.0,,
Barcelona,1992,200.0,Breaststroke,0,Women,CAN,Nathalie Giguere,150.11,4,0.0,,
Angeles,1984,400.0,Individual medley,0,Women,CAN,Nathalie Gingras,290.55,4,0.0,,
Rio,2016,50.0,Freestyle,0,Men,USA,Nathan Adrian,21.49,3,0.0,,
London,2012,100.0,Freestyle,0,Men,USA,Nathan Adrian,47.52,1,0.0,,
Rio,2016,100.0,Freestyle,0,Men,USA,Nathan Adrian,47.85,3,1.0,47.52,47.52
London,2012,200.0,Butterfly,0,Women,JPN,Natsumi Hoshi,125.48,3,0.0,,
Rio,2016,200.0,Butterfly,0,Women,JPN,Natsumi Hoshi,125.2,3,1.0,125.48,125.48
Angeles,1984,200.0,Individual medley,0,Men,GBR,Neil Cochran,124.38,3,0.0,,
Munich,1972,100.0,Butterfly,0,Men,AUS,Neil Rogers,57.9,4,0.0,,
Montreal,1976,100.0,Butterfly,0,Men,AUS,Neil Rogers,56.57,4,1.0,57.9,57.9
Sydney,2000,100.0,Backstroke,0,Men,USA,Neil Walker,55.14,4,0.0,,
Sydney,2000,100.0,Freestyle,0,Men,USA,Neil Walker,49.09,4,0.0,,
Atlanta,1996,100.0,Backstroke,0,Men,CUB,Neisser Bent,55.02,3,0.0,,
Barcelona,1992,100.0,Breaststroke,0,Men,USA,Nelson Diebel,61.5,1,0.0,,
Athens,2004,100.0,Freestyle,0,Women,GRE,Nery Mantey Niangkouara,54.81,4,0.0,,
Angeles,1932,100.0,Freestyle,0,Women,AUS,Neville Frances Bult,69.9,4,0.0,,
Rome,1960,200.0,Butterfly,0,Men,AUS,Neville Hayes,134.6,2,0.0,,
Tokyo,2020,200.0,Breaststroke,0,Men,USA,Nic Fink,127.93,4,0.0,,
Barcelona,1992,100.0,Breaststroke,0,Men,GBR,Nick Gillingham,62.32,4,0.0,,
Seoul,1988,200.0,Breaststroke,0,Men,GBR,Nick Gillingham,134.12,2,0.0,,
Barcelona,1992,200.0,Breaststroke,0,Men,GBR,Nick Gillingham,131.289999,3,1.0,134.12,134.12
Atlanta,1996,200.0,Breaststroke,0,Men,GBR,Nick Gillingham,134.37,4,2.0,131.289999,132.70499949999999
London,2012,100.0,Backstroke,0,Men,USA,Nick Thoman,52.92,2,0.0,,
Helsinki,1952,100.0,Backstroke,0,Men,RSA,Nicolaas Lingen Meiring,68.3,4,0.0,,
Angeles,1984,200.0,Backstroke,0,Men,FRG,Nicolai Klapkarek,123.95,4,0.0,,
Angeles,1984,200.0,Individual medley,0,Men,FRG,Nicolai Klapkarek,125.88,4,0.0,,
Tokyo,2020,200.0,Backstroke,0,Men,ESP,Nicolas Garcia Saiz,119.06,4,0.0,,
Sydney,2000,400.0,Individual medley,0,Women,GER,Nicole Hetzer,283.56,4,0.0,,
Athens,2004,400.0,Individual medley,0,Women,GER,Nicole Hetzer,280.2,4,1.0,283.56,283.56
Montreal,1976,800.0,Freestyle,0,Women,USA,Nicole Kramer,527.33,4,0.0,,
Barcelona,1992,100.0,Freestyle,0,Women,USA,Nicole Lee Haislett,55.19,4,0.0,,
Barcelona,1992,200.0,Freestyle,0,Women,USA,Nicole Lee Haislett,117.9,1,0.0,,
Seoul,1988,100.0,Backstroke,0,Women,AUS,Nicole Livingstone,64.15,4,0.0,,
Barcelona,1992,100.0,Backstroke,0,Women,AUS,Nicole Livingstone,61.78,4,1.0,64.15,64.15
Atlanta,1996,100.0,Backstroke,0,Women,AUS,Nicole Livingstone,62.7,4,2.0,61.78,62.965
Seoul,1988,200.0,Backstroke,0,Women,AUS,Nicole Livingstone,133.43,4,0.0,,
Barcelona,1992,200.0,Backstroke,0,Women,AUS,Nicole Livingstone,130.199999,3,1.0,133.43,133.43
Tokyo,2020,100.0,Breaststroke,0,Men,ITA,Nicolo Martinenghi,58.33,3,0.0,,
London,2012,100.0,Freestyle,0,Men,RUS,Nikita Lobintsev,48.44,4,0.0,,
Beijing,2008,400.0,Freestyle,0,Men,RUS,Nikita Lobintsev,228.29,4,0.0,,
City,1968,100.0,Breaststroke,0,Men,URS,Nikolai Pankin,68.0,2,0.0,,
Munich,1972,100.0,Breaststroke,0,Men,URS,Nikolai Pankin,66.36,4,1.0,68.0,68.0
City,1968,200.0,Breaststroke,0,Men,URS,Nikolai Pankin,150.3,4,0.0,,
Montreal,1976,200.0,Breaststroke,0,Men,URS,Nikolai Pankin,142.21,4,1.0,150.3,150.3
Athens,2004,200.0,Butterfly,0,Men,RUS,Nikolay Skvortsov,117.14,4,0.0,,
Beijing,2008,200.0,Butterfly,0,Men,RUS,Nikolay Skvortsov,115.14,4,1.0,117.14,117.14
Barcelona,1992,50.0,Freestyle,0,Men,GER,Nils Rudolph,22.73,4,0.0,,
Tokyo,1964,100.0,Backstroke,0,Women,USA,Nina Adams Harmer,69.4,4,0.0,,
Barcelona,1992,100.0,Backstroke,0,Women,EUN,Nina Alexandrovna Zhivanevskaya,62.36,4,0.0,,
Sydney,2000,100.0,Backstroke,0,Women,ESP,Nina Alexandrovna Zhivanevskaya,60.89,3,1.0,62.36,62.36
Athens,2004,100.0,Backstroke,0,Women,ESP,Nina Alexandrovna Zhivanevskaya,61.12,4,2.0,60.89,61.625
Atlanta,1996,200.0,Backstroke,0,Women,RUS,Nina Alexandrovna Zhivanevskaya,134.59,4,0.0,,
Sydney,2000,200.0,Backstroke,0,Women,ESP,Nina Alexandrovna Zhivanevskaya,132.75,4,1.0,134.59,134.59
Munich,1972,400.0,Individual medley,0,Women,URS,Nina Petrova,315.68,4,0.0,,
Angeles,1932,400.0,Freestyle,0,Men,JPN,Noboru Sugimoto,296.1,4,0.0,,
Berlin,1936,1500.0,Freestyle,0,Men,JPN,Noboru Terada,1153.7,1,0.0,,
Munich,1972,100.0,Breaststroke,0,Men,JPN,Nobutaka Taguchi,64.94,1,0.0,,
Munich,1972,200.0,Breaststroke,0,Men,JPN,Nobutaka Taguchi,143.88,3,0.0,,
Helsinki,1952,200.0,Breaststroke,0,Men,JPN,Nobuyasu Hirayama,157.4,4,0.0,,
Tokyo,2020,100.0,Butterfly,0,Men,SUI,Noe Ponti,50.74,3,0.0,,
Angeles,1932,1500.0,Freestyle,0,Men,AUS,Noel Philip Ryan,1185.1,4,0.0,,
Seoul,1988,200.0,Individual medley,0,Women,ROU,Noemi Ildiko Lung,134.85,3,0.0,,
Seoul,1988,400.0,Individual medley,0,Women,ROU,Noemi Ildiko Lung,279.46,2,0.0,,
Barcelona,1992,100.0,Breaststroke,0,Men,HUN,Norbert Rozsa,61.68,2,0.0,,
Barcelona,1992,200.0,Breaststroke,0,Men,HUN,Norbert Rozsa,131.229999,2,0.0,,
Atlanta,1996,200.0,Breaststroke,0,Men,HUN,Norbert Rozsa,132.57,1,1.0,131.229999,131.229999
Angeles,1932,400.0,Freestyle,0,Women,USA,Norene Forbes,366.0,4,0.0,,
Munich,1972,100.0,Butterfly,0,Women,JPN,Noriko Asano,64.25,4,0.0,,
Munich,1972,200.0,Butterfly,0,Women,JPN,Noriko Asano,139.5,4,0.0,,
Sydney,2000,100.0,Backstroke,0,Women,JPN,Noriko Inada,61.14,4,0.0,,
Antwerp,1920,100.0,Freestyle,0,Men,USA,Norman Ross,,0,0.0,,
Antwerp,1920,400.0,Freestyle,0,Men,USA,Norman Ross,326.8,2,0.0,,
Antwerp,1920,1500.0,Freestyle,0,Men,USA,Norman Ross,1343.2,1,0.0,,
Munich,1972,400.0,Freestyle,0,Women,ITA,Novella Calligaris,262.44,2,0.0,,
Munich,1972,400.0,Individual medley,0,Women,ITA,Novella Calligaris,303.99,3,0.0,,
Munich,1972,800.0,Freestyle,0,Women,ITA,Novella Calligaris,537.46,3,0.0,,
Moscow,1980,800.0,Freestyle,0,Women,URS,Oksana Komissarova,522.039999,4,0.0,,
Athens,2004,100.0,Breaststroke,0,Men,UKR,Oleh Lisohor,62.42,4,0.0,,
Montreal,1976,200.0,Butterfly,0,Men,URS,Oleksandr Manachynskiy,124.61,4,0.0,,
Sydney,2000,50.0,Freestyle,0,Men,UKR,Oleksandr Volynets,22.51,4,0.0,,
Athens,2004,50.0,Freestyle,0,Men,UKR,Oleksandr Volynets,22.26,4,1.0,22.51,22.51
Sydney,2000,200.0,Breaststroke,0,Women,RUS,Olga Bakaldina,145.47,4,0.0,,
Barcelona,1992,200.0,Freestyle,0,Women,EUN,Olga Kirichenko,120.9,4,0.0,,
Moscow,1980,100.0,Freestyle,0,Women,URS,Olga Klevakina,57.4,4,0.0,,
Moscow,1980,200.0,Freestyle,0,Women,URS,Olga Klevakina,122.29,4,0.0,,
Moscow,1980,400.0,Freestyle,0,Women,URS,Olga Klevakina,259.18,4,0.0,,
Moscow,1980,400.0,Individual medley,0,Women,URS,Olga Klevakina,290.909999,4,0.0,,
Barcelona,1992,800.0,Freestyle,0,Women,TCH,Olga Splichalova,517.659999,4,0.0,,
Rio,2016,100.0,Backstroke,0,Women,USA,Olivia Smoliga,58.95,4,0.0,,
Beijing,2008,200.0,Freestyle,0,Women,FRA,Ophelie-Cyrielle Etienne,117.83,4,0.0,,
Sydney,2000,200.0,Backstroke,0,Men,ISL,Orn Arnarson,119.0,4,0.0,,
Tokyo,1964,200.0,Breaststroke,0,Men,JPN,Osamu Tsurumine,153.6,4,0.0,,
City,1968,200.0,Breaststroke,0,Men,JPN,Osamu Tsurumine,154.9,4,1.0,153.6,153.6
Stockholm,1912,100.0,Backstroke,0,Men,BEL,Oscar Gregoire,,0,0.0,,
Stockholm,1912,100.0,Backstroke,0,Men,GER,Oscar Schiele,,0,0.0,,
Stockholm,1912,100.0,Backstroke,0,Men,GER,Otto Fahr,82.4,2,0.0,,
Stockholm,1912,100.0,Backstroke,0,Men,GER,Otto Gross,85.8,4,0.0,,
Athens,2004,100.0,Butterfly,0,Women,POL,Otylia Jedrzejczak,57.84,2,0.0,,
Sydney,2000,200.0,Butterfly,0,Women,POL,Otylia Jedrzejczak,128.479999,4,0.0,,
Athens,2004,200.0,Butterfly,0,Women,POL,Otylia Jedrzejczak,126.05,1,1.0,128.479999,128.479999
Beijing,2008,200.0,Butterfly,0,Women,POL,Otylia Jedrzejczak,127.02,4,2.0,126.05,127.26499949999999
Athens,2004,400.0,Freestyle,0,Women,POL,Otylia Jedrzejczak,245.84,2,0.0,,
Beijing,2008,400.0,Freestyle,0,Men,TUN,Oussama Mellouli,223.45,4,0.0,,
Athens,2004,400.0,Individual medley,0,Men,TUN,Oussama Mellouli,254.49,4,0.0,,
Beijing,2008,1500.0,Freestyle,0,Men,TUN,Oussama Mellouli,880.84,1,0.0,,
London,2012,1500.0,Freestyle,0,Men,TUN,Oussama Mellouli,880.31,3,1.0,880.84,880.84
Sydney,2000,200.0,Individual medley,0,Women,RUS,Oxana Verevka,133.88,4,0.0,,
City,1968,200.0,Freestyle,0,Women,TCH,Oľga Kozičová,136.0,4,0.0,,
Angeles,1984,100.0,Butterfly,0,Men,USA,Pablo Morales,53.23,2,0.0,,
Barcelona,1992,100.0,Butterfly,0,Men,USA,Pablo Morales,53.32,1,1.0,53.23,53.23
Angeles,1984,200.0,Butterfly,0,Men,USA,Pablo Morales,117.75,4,0.0,,
Angeles,1984,200.0,Individual medley,0,Men,USA,Pablo Morales,123.05,2,0.0,,
Moscow,1980,100.0,Breaststroke,0,Men,COL,Pablo Restrepo,65.91,4,0.0,,
Angeles,1984,200.0,Breaststroke,0,Men,COL,Pablo Restrepo,138.96,4,0.0,,
Tokyo,2020,400.0,Freestyle,0,Women,USA,Paige Madden,246.81,4,0.0,,
Tokyo,2020,400.0,Freestyle,0,Women,USA,Paige Madden,246.81,4,1.0,246.81,246.81
City,1968,400.0,Freestyle,0,Women,USA,Pamela Jean Kruse,277.2,4,0.0,,
City,1968,800.0,Freestyle,0,Women,USA,Pamela Jean Kruse,575.7,2,0.0,,
Athens,2004,200.0,Butterfly,0,Women,ITA,Paola Cavallino,130.139999,4,0.0,,
Athens,2004,200.0,Breaststroke,0,Men,ITA,Paolo Bossini,131.199999,4,0.0,,
Beijing,2008,200.0,Breaststroke,0,Men,ITA,Paolo Bossini,131.479999,4,1.0,131.199999,131.199999
Moscow,1980,200.0,Freestyle,0,Men,ITA,Paolo Revelli,112.759999,4,0.0,,
Moscow,1980,800.0,Freestyle,0,Women,BEL,Pascale Verbauwen,524.84,4,0.0,,
City,1968,800.0,Freestyle,0,Women,USA,Patricia Caretto,591.3,4,0.0,,
Rome,1960,200.0,Breaststroke,0,Women,USA,Patricia Kempner,175.5,4,0.0,,
Angeles,1984,200.0,Butterfly,0,Men,USA,Patrick Kennedy,121.03,4,0.0,,
Seoul,1988,200.0,Individual medley,0,Men,GDR,Patrick Kuhl,121.61,2,0.0,,
Seoul,1988,400.0,Individual medley,0,Men,GDR,Patrick Kuhl,258.44,4,0.0,,
Barcelona,1992,400.0,Individual medley,0,Men,GER,Patrick Kuhl,259.66,4,1.0,258.44,258.44
Beijing,2008,200.0,Freestyle,0,Men,GER,Paul Biedermann,106.0,4,0.0,,
London,2012,200.0,Freestyle,0,Men,GER,Paul Biedermann,105.53,4,1.0,106.0,106.0
Rio,2016,200.0,Freestyle,0,Men,GER,Paul Biedermann,105.84,4,2.0,105.53,105.765
Stockholm,1912,100.0,Backstroke,0,Men,GER,Paul Kellner,84.0,3,0.0,,
Seoul,1988,200.0,Backstroke,0,Men,NZL,Paul Kingsman,120.48,3,0.0,,
Montreal,1976,1500.0,Freestyle,0,Men,USA,Paul Michael Hartloff,932.08,4,0.0,,
Moscow,1980,200.0,Backstroke,0,Men,AUS,Paul Moorfoot,126.15,4,0.0,,
Amsterdam,1928,400.0,Freestyle,0,Men,GBR,Paul Radmilovic,,0,0.0,,
Atlanta,1996,200.0,Freestyle,0,Men,GBR,Paul Rory Palmer,109.39,4,0.0,,
Sydney,2000,200.0,Freestyle,0,Men,GBR,Paul Rory Palmer,107.95,4,1.0,109.39,109.39
Atlanta,1996,400.0,Freestyle,0,Men,GBR,Paul Rory Palmer,229.0,2,0.0,,
Rome,1960,200.0,Breaststroke,0,Men,USA,Paul William Hait,161.4,4,0.0,,
Paris,1924,100.0,Backstroke,0,Men,USA,Paul Wyatt,75.4,2,0.0,,
Amsterdam,1928,100.0,Backstroke,0,Men,USA,Paul Wyatt,72.0,3,1.0,75.4,75.4
Athens,2004,200.0,Freestyle,0,Women,POL,Paulina Barzycka,118.62,4,0.0,,
Stockholm,1912,400.0,Freestyle,0,Men,RUS,Pavel Avksentyev,,0,0.0,,
Barcelona,1992,100.0,Butterfly,0,Men,EUN,Pavlo Khnykin,53.81,4,0.0,,
Atlanta,1996,100.0,Butterfly,0,Men,UKR,Pavlo Khnykin,53.58,4,1.0,53.81,53.81
Atlanta,1996,100.0,Freestyle,0,Men,UKR,Pavlo Khnykin,49.65,4,0.0,,
Athens,2004,200.0,Butterfly,0,Men,POL,Pawel Korzeniowski,116.0,4,0.0,,
Beijing,2008,200.0,Butterfly,0,Men,POL,Pawel Korzeniowski,114.6,4,1.0,116.0,116.0
London,2012,200.0,Butterfly,0,Men,POL,Pawel Korzeniowski,115.08,4,2.0,114.6,115.3
Helsinki,1952,100.0,Backstroke,0,Men,ARG,Pedro Galvao,67.7,4,0.0,,
Atlanta,1996,100.0,Breaststroke,0,Women,RSA,Penelope Heyns,67.73,1,0.0,,
Sydney,2000,100.0,Breaststroke,0,Women,RSA,Penelope Heyns,67.55,3,1.0,67.73,67.73
Atlanta,1996,200.0,Breaststroke,0,Women,RSA,Penelope Heyns,145.41,1,0.0,,
Athens,2004,200.0,Butterfly,0,Men,CHN,Peng Wu,116.28,4,0.0,,
Beijing,2008,200.0,Butterfly,0,Men,CHN,Peng Wu,114.35,4,1.0,116.28,116.28
Rio,2016,100.0,Butterfly,0,Women,CAN,Penny Oleksiak,56.46,3,0.0,,
Rio,2016,100.0,Freestyle,0,Women,CAN,Penny Oleksiak,52.7,1,0.0,,
Tokyo,2020,100.0,Freestyle,0,Women,CAN,Penny Oleksiak,52.59,4,1.0,52.7,52.7
Tokyo,2020,200.0,Freestyle,0,Women,CAN,Penny Oleksiak,114.7,3,0.0,,
Antwerp,1920,200.0,Breaststroke,0,Men,SWE,Per Cederblom,,0,0.0,,
Antwerp,1920,200.0,Breaststroke,0,Men,SWE,Per Cederblom,,0,1.0,,
Antwerp,1920,400.0,Breaststroke,0,Men,SWE,Per Cederblom,,5,0.0,,
Moscow,1980,100.0,Freestyle,0,Men,SWE,Per Holmertz,50.91,2,0.0,,
Moscow,1980,100.0,Freestyle,0,Men,SWE,Per Johansson,51.29,3,0.0,,
Angeles,1984,100.0,Freestyle,0,Men,SWE,Per Johansson,50.31,3,1.0,51.29,51.29
Seoul,1988,100.0,Freestyle,0,Men,SWE,Per Johansson,50.35,4,2.0,50.31,50.8
Rome,1960,100.0,Freestyle,0,Men,SWE,Per-Ola Lindberg,57.1,4,0.0,,
London,1948,100.0,Freestyle,0,Men,SWE,Per-Olof Olsson,59.3,4,0.0,,
Helsinki,1952,400.0,Freestyle,0,Men,SWE,Per-Olof Östrand,275.2,3,0.0,,
Berlin,1936,100.0,Backstroke,0,Men,AUS,Percival Cole Oliver,70.7,4,0.0,,
Stockholm,1912,200.0,Breaststroke,0,Men,GBR,Percy Courtman,188.8,4,0.0,,
Stockholm,1912,400.0,Breaststroke,0,Men,GBR,Percy Courtman,396.4,3,0.0,,
Rio,2016,50.0,Freestyle,0,Women,DEN,Pernille Blume,24.07,1,0.0,,
Tokyo,2020,50.0,Freestyle,0,Women,DEN,Pernille Blume,24.21,3,1.0,24.07,24.07
Antwerp,1920,100.0,Backstroke,0,Men,USA,Perry Mcgillivray,79.4,4,0.0,,
Tokyo,1964,200.0,Backstroke,0,Men,AUS,Peter Askin Reynolds,136.6,4,0.0,,
Moscow,1980,100.0,Breaststroke,0,Men,SWE,Peter Berggren,,5,0.0,,
Moscow,1980,200.0,Breaststroke,0,Men,SWE,Peter Berggren,141.65,4,0.0,,
Seoul,1988,200.0,Individual medley,0,Men,FRG,Peter Bermel,123.81,4,0.0,,
Seoul,1988,400.0,Individual medley,0,Men,FRG,Peter Bermel,264.019999,4,0.0,,
Angeles,1984,200.0,Freestyle,0,Men,AUS,Peter Dale,113.84,4,0.0,,
Montreal,1976,100.0,Backstroke,0,Men,USA,Peter Drake Rocca,56.34,2,0.0,,
Montreal,1976,200.0,Backstroke,0,Men,USA,Peter Drake Rocca,120.55,2,0.0,,
Moscow,1980,100.0,Breaststroke,0,Men,AUS,Peter Evans,63.96,4,0.0,,
Angeles,1984,100.0,Breaststroke,0,Men,AUS,Peter Evans,62.97,3,1.0,63.96,63.96
Atlanta,1996,200.0,Butterfly,0,Men,HUN,Peter Horvath,119.12,4,0.0,,
Helsinki,1952,400.0,Freestyle,0,Men,RSA,Peter John Duncan,277.9,4,0.0,,
Helsinki,1952,1500.0,Freestyle,0,Men,RSA,Peter John Duncan,1152.1,4,0.0,,
Berlin,1936,100.0,Freestyle,0,Men,USA,Peter Joseph Fick,59.7,4,0.0,,
City,1968,200.0,Individual medley,0,Men,HUN,Peter Lazar,138.3,4,0.0,,
Moscow,1980,200.0,Butterfly,0,Men,GBR,Peter Morris,122.27,4,0.0,,
Montreal,1976,100.0,Freestyle,0,Men,FRG,Peter Nocke,51.31,3,0.0,,
Montreal,1976,200.0,Freestyle,0,Men,FRG,Peter Nocke,111.71,4,0.0,,
Barcelona,1992,50.0,Freestyle,0,Men,RSA,Peter Rowan Williams,22.5,4,0.0,,
Seoul,1988,200.0,Breaststroke,0,Men,HUN,Peter Szabo,137.12,4,0.0,,
Beijing,2008,200.0,Freestyle,0,Men,USA,Peter Vanderkaay,105.14,3,0.0,,
Beijing,2008,400.0,Freestyle,0,Men,USA,Peter Vanderkaay,223.11,4,0.0,,
London,2012,400.0,Freestyle,0,Men,USA,Peter Vanderkaay,224.69,3,1.0,223.11,223.11
Angeles,1984,200.0,Butterfly,0,Men,CAN,Peter Ward,120.39,4,0.0,,
Munich,1972,200.0,Breaststroke,0,Women,FRG,Petra Nows,163.38,4,0.0,,
Montreal,1976,100.0,Freestyle,0,Women,GDR,Petra Priemer,56.49,2,0.0,,
Moscow,1980,100.0,Backstroke,0,Women,GDR,Petra Riedel,62.64,3,0.0,,
Moscow,1980,400.0,Freestyle,0,Women,GDR,Petra Schneider,249.16,2,0.0,,
Moscow,1980,400.0,Individual medley,0,Women,GDR,Petra Schneider,276.29,1,0.0,,
Montreal,1976,400.0,Freestyle,0,Women,GDR,Petra Thümer,249.89,1,0.0,,
Montreal,1976,800.0,Freestyle,0,Women,GDR,Petra Thümer,517.14,1,0.0,,
Angeles,1984,100.0,Breaststroke,0,Women,NED,Petra Van Staveren,69.88,1,0.0,,
Angeles,1984,200.0,Individual medley,0,Women,FRG,Petra Zindler,139.86,4,0.0,,
Angeles,1984,400.0,Individual medley,0,Women,FRG,Petra Zindler,288.57,3,0.0,,
Sydney,2000,100.0,Butterfly,0,Women,AUS,Petria Thomas,58.49,4,0.0,,
Athens,2004,100.0,Butterfly,0,Women,AUS,Petria Thomas,57.72,1,1.0,58.49,58.49
Atlanta,1996,200.0,Butterfly,0,Women,AUS,Petria Thomas,129.82,2,0.0,,
Sydney,2000,200.0,Butterfly,0,Women,AUS,Petria Thomas,127.12,3,1.0,129.82,129.82
Athens,2004,200.0,Butterfly,0,Women,AUS,Petria Thomas,126.36,2,2.0,127.12,128.47
London,1948,200.0,Breaststroke,0,Women,NED,Petronella (Nel) Van Vliet,177.2,1,0.0,,
Helsinki,1952,200.0,Breaststroke,0,Women,NED,Petronella Fredrika Garritsen,182.1,4,0.0,,
City,1968,200.0,Breaststroke,0,Men,USA,Philip Edward Long,153.6,4,0.0,,
Rio,2016,200.0,Individual medley,0,Men,GER,Philip Heintz,117.479999,4,0.0,,
Moscow,1980,200.0,Butterfly,0,Men,GBR,Philip Hubble,121.2,2,0.0,,
Tokyo,1964,200.0,Butterfly,0,Men,USA,Philip Iii Riker,131.0,4,0.0,,
Barcelona,1992,100.0,Breaststroke,0,Men,AUS,Philip John Rogers,61.76,3,0.0,,
Atlanta,1996,100.0,Breaststroke,0,Men,AUS,Philip John Rogers,61.64,4,1.0,61.76,61.76
Barcelona,1992,200.0,Breaststroke,0,Men,AUS,Philip John Rogers,133.59,4,0.0,,
Atlanta,1996,200.0,Breaststroke,0,Men,AUS,Philip John Rogers,134.789999,4,1.0,133.59,133.59
Barcelona,1992,800.0,Freestyle,0,Women,NZL,Philippa Maree Langrell,515.57,4,0.0,,
Tokyo,2020,200.0,Backstroke,0,Women,USA,Phoebe Bacon,126.4,4,0.0,,
Paris,1924,100.0,Backstroke,0,Women,GBR,Phyllis Harding,87.4,2,0.0,,
Angeles,1932,100.0,Backstroke,0,Women,GBR,Phyllis Harding,82.6,4,1.0,87.4,87.4
Berlin,1936,100.0,Backstroke,0,Women,GBR,Phyllis Harding,81.5,4,2.0,82.6,85.0
Berlin,1936,400.0,Freestyle,0,Women,BRA,Piedade De Azevedo Coutinho,335.2,4,0.0,,
London,1948,400.0,Freestyle,0,Women,BRA,Piedade De Azevedo Coutinho,329.4,4,1.0,335.2,335.2
Rio,2016,100.0,Freestyle,0,Men,BEL,Pieter Timmers,47.8,2,0.0,,
Sydney,2000,50.0,Freestyle,0,Men,NED,Pieter Van Den Hoogenband,22.03,3,0.0,,
Atlanta,1996,100.0,Freestyle,0,Men,NED,Pieter Van Den Hoogenband,49.13,4,0.0,,
Sydney,2000,100.0,Freestyle,0,Men,NED,Pieter Van Den Hoogenband,48.3,1,1.0,49.13,49.13
Athens,2004,100.0,Freestyle,0,Men,NED,Pieter Van Den Hoogenband,48.17,1,2.0,48.3,48.715
Beijing,2008,100.0,Freestyle,0,Men,NED,Pieter Van Den Hoogenband,47.75,4,3.0,48.17,48.53333333333333
Atlanta,1996,200.0,Freestyle,0,Men,NED,Pieter Van Den Hoogenband,108.36,4,0.0,,
Sydney,2000,200.0,Freestyle,0,Men,NED,Pieter Van Den Hoogenband,105.35,1,1.0,108.36,108.36
Athens,2004,200.0,Freestyle,0,Men,NED,Pieter Van Den Hoogenband,105.229999,2,2.0,105.35,106.85499999999999
Stockholm,1912,200.0,Breaststroke,0,Men,SWE,Pontus Hansson,,0,0.0,,
Antwerp,1920,100.0,Freestyle,0,Men,USA,Pua Kela Kealoha,62.6,2,0.0,,
Moscow,1980,100.0,Butterfly,0,Men,SWE,Pär Arvidsson,54.92,1,0.0,,
Moscow,1980,200.0,Butterfly,0,Men,SWE,Pär Arvidsson,122.61,4,0.0,,
Atlanta,1996,100.0,Breaststroke,0,Men,CHN,Qiliang Zeng,62.01,4,0.0,,
Tokyo,2020,50.0,Freestyle,0,Women,CHN,Qingfeng Wu,24.32,4,0.0,,
Rio,2016,100.0,Breaststroke,0,Women,CAN,Rachel Nicol,66.68,4,0.0,,
London,2012,200.0,Backstroke,0,Men,POL,Radoslaw Kawecki,115.59,4,0.0,,
Tokyo,2020,200.0,Backstroke,0,Men,POL,Radoslaw Kawecki,116.39,4,1.0,115.59,115.59
Angeles,1984,100.0,Butterfly,0,Men,VEN,Rafael Antonio Vidal Castro,54.27,4,0.0,,
Angeles,1984,200.0,Butterfly,0,Men,VEN,Rafael Antonio Vidal Castro,117.509999,3,0.0,,
Moscow,1980,1500.0,Freestyle,0,Men,ESP,Rafael Escalas,921.88,4,0.0,,
City,1968,400.0,Individual medley,0,Men,MEX,Rafael Hernandez Rojas,304.3,4,0.0,,
Barcelona,1992,100.0,Butterfly,0,Men,POL,Rafal Szukala,53.35,2,0.0,,
Atlanta,1996,100.0,Butterfly,0,Men,POL,Rafal Szukala,53.29,4,1.0,53.35,53.35
Barcelona,1992,200.0,Butterfly,0,Men,POL,Rafal Szukala,118.89,4,0.0,,
Angeles,1984,100.0,Breaststroke,0,Men,ITA,Raffaele Avagnano,64.11,4,0.0,,
Moscow,1980,100.0,Freestyle,0,Men,ITA,Raffaele Franceschi,51.69,4,0.0,,
Berlin,1936,400.0,Freestyle,0,Women,DEN,Ragnild Tove Hveger,327.5,2,0.0,,
Helsinki,1952,400.0,Freestyle,0,Women,DEN,Ragnild Tove Hveger,316.9,4,1.0,327.5,327.5
Seoul,1988,200.0,Individual medley,0,Men,GDR,Raik Hannemann,124.82,4,0.0,,
Angeles,1984,1500.0,Freestyle,0,Men,FRG,Rainer Henkel,920.03,4,0.0,,
Seoul,1988,1500.0,Freestyle,0,Men,FRG,Rainer Henkel,918.19,4,1.0,920.03,920.03
Moscow,1980,1500.0,Freestyle,0,Men,GDR,Rainer Strohbach,915.29,4,0.0,,
Atlanta,1996,100.0,Backstroke,0,Men,GER,Ralf Braun,55.56,4,0.0,,
Angeles,1984,200.0,Individual medley,0,Men,FRG,Ralf Diegel,126.66,4,0.0,,
Berlin,1936,400.0,Freestyle,0,Men,USA,Ralph Drew Flanagan,292.7,4,0.0,,
Berlin,1936,1500.0,Freestyle,0,Men,USA,Ralph Drew Flanagan,1194.8,4,0.0,,
Tokyo,1964,200.0,Backstroke,0,Men,CAN,Ralph Hutton,135.9,4,0.0,,
City,1968,200.0,Freestyle,0,Men,CAN,Ralph Hutton,118.6,4,0.0,,
Munich,1972,200.0,Freestyle,0,Men,CAN,Ralph Hutton,117.56,4,1.0,118.6,118.6
City,1968,400.0,Freestyle,0,Men,CAN,Ralph Hutton,251.7,2,0.0,,
City,1968,1500.0,Freestyle,0,Men,CAN,Ralph Hutton,1035.599999,4,0.0,,
London,2012,50.0,Freestyle,0,Women,NED,Ranomi Kromowidjojo,24.05,1,0.0,,
Rio,2016,50.0,Freestyle,0,Women,NED,Ranomi Kromowidjojo,24.19,4,1.0,24.05,24.05
Tokyo,2020,50.0,Freestyle,0,Women,NED,Ranomi Kromowidjojo,24.3,4,2.0,24.05,24.12
London,2012,100.0,Freestyle,0,Women,NED,Ranomi Kromowidjojo,53.0,1,0.0,,
Rio,2016,100.0,Freestyle,0,Women,NED,Ranomi Kromowidjojo,53.08,4,1.0,53.0,53.0
Antwerp,1920,100.0,Backstroke,0,Men,USA,Raymond Kegeris,76.8,3,0.0,,
Amsterdam,1928,400.0,Freestyle,0,Men,USA,Raymond Maurice Ruddy,325.0,4,0.0,,
Amsterdam,1928,1500.0,Freestyle,0,Men,USA,Raymond Maurice Ruddy,1265.0,4,0.0,,
Angeles,1932,100.0,Freestyle,0,Men,USA,Raymond Webb Jr. Thompson,59.5,4,0.0,,
Sydney,2000,200.0,Backstroke,0,Men,ROU,Razvan Ionut Florea,119.05,4,0.0,,
Athens,2004,200.0,Backstroke,0,Men,ROU,Razvan Ionut Florea,117.56,3,1.0,119.05,119.05
Beijing,2008,200.0,Backstroke,0,Men,ROU,Razvan Ionut Florea,116.52,4,2.0,117.56,118.305
Beijing,2008,400.0,Freestyle,0,Women,GBR,Rebecca Adlington,243.22,1,0.0,,
London,2012,400.0,Freestyle,0,Women,GBR,Rebecca Adlington,243.01,3,1.0,243.22,243.22
Beijing,2008,800.0,Freestyle,0,Women,GBR,Rebecca Adlington,494.1,1,0.0,,
London,2012,800.0,Freestyle,0,Women,GBR,Rebecca Adlington,500.32,3,1.0,494.1,494.1
Athens,2004,400.0,Freestyle,0,Women,GBR,Rebecca Cooke,251.35,4,0.0,,
Athens,2004,800.0,Freestyle,0,Women,GBR,Rebecca Cooke,509.37,4,0.0,,
Montreal,1976,400.0,Freestyle,0,Women,NZL,Rebecca Perrott,254.76,4,0.0,,
Beijing,2008,100.0,Breaststroke,0,Women,USA,Rebecca Soni,66.73,2,0.0,,
London,2012,100.0,Breaststroke,0,Women,USA,Rebecca Soni,65.55,2,1.0,66.73,66.73
Beijing,2008,200.0,Breaststroke,0,Women,USA,Rebecca Soni,140.22,1,0.0,,
London,2012,200.0,Breaststroke,0,Women,USA,Rebecca Soni,139.59,1,1.0,140.22,140.22
Sydney,2000,200.0,Breaststroke,0,Men,AUS,Regan Harrison,132.88,4,0.0,,
Tokyo,2020,100.0,Backstroke,0,Women,USA,Regan Smith,58.05,3,0.0,,
Tokyo,2020,200.0,Butterfly,0,Women,USA,Regan Smith,125.3,2,0.0,,
Moscow,1980,200.0,Freestyle,0,Women,NED,Reggie De Jong,122.76,4,0.0,,
Moscow,1980,400.0,Freestyle,0,Women,NED,Reggie De Jong,255.95,4,0.0,,
Montreal,1976,800.0,Freestyle,0,Women,GDR,Regina Jäger,530.4,4,0.0,,
Athens,2004,100.0,Backstroke,0,Women,JPN,Reiko Nakamura,61.05,4,0.0,,
Beijing,2008,100.0,Backstroke,0,Women,JPN,Reiko Nakamura,59.72,4,1.0,61.05,61.05
Athens,2004,200.0,Backstroke,0,Women,JPN,Reiko Nakamura,129.88,3,0.0,,
Beijing,2008,200.0,Backstroke,0,Women,JPN,Reiko Nakamura,127.13,3,1.0,129.88,129.88
City,1968,100.0,Backstroke,0,Men,FRG,Reinhard Blechert,61.9,4,0.0,,
City,1968,400.0,Individual medley,0,Men,FRG,Reinhard Merkel,299.8,4,0.0,,
Angeles,1932,200.0,Breaststroke,0,Men,JPN,Reizo Koike,166.6,2,0.0,,
Berlin,1936,200.0,Breaststroke,0,Men,JPN,Reizo Koike,164.2,3,1.0,166.6,166.6
Sydney,2000,100.0,Breaststroke,0,Men,SUI,Remo Luetolf,61.88,4,0.0,,
Paris,1924,400.0,Freestyle,0,Men,ITA,Renato Bacigalupo,,0,0.0,,
Moscow,1980,100.0,Freestyle,0,Men,FRA,Rene Ecuyer,52.01,4,0.0,,
Antwerp,1920,1500.0,Freestyle,0,Men,SUI,René Ricolfi-Doria,,0,0.0,,
Helsinki,1952,100.0,Freestyle,0,Men,AUS,Rex Aubrey,58.7,4,0.0,,
Tokyo,2020,100.0,Backstroke,0,Women,USA,Rhyan Elizabeth White,58.43,4,0.0,,
Tokyo,2020,200.0,Backstroke,0,Women,USA,Rhyan Elizabeth White,126.39,4,0.0,,
Moscow,1980,100.0,Backstroke,0,Women,GDR,Rica Reinisch,60.86,1,0.0,,
Moscow,1980,200.0,Backstroke,0,Women,GDR,Rica Reinisch,131.77,1,0.0,,
Angeles,1984,200.0,Backstroke,0,Men,ESP,Ricardo Aldabe Moreno,124.53,4,0.0,,
Atlanta,1996,50.0,Freestyle,0,Men,PUR,Ricardo Busquets Healy,22.73,4,0.0,,
Atlanta,1996,100.0,Freestyle,0,Men,PUR,Ricardo Busquets Healy,49.68,4,0.0,,
Angeles,1984,200.0,Backstroke,0,Men,BRA,Ricardo Prado,123.05,4,0.0,,
Angeles,1984,400.0,Individual medley,0,Men,BRA,Ricardo Prado,258.45,2,0.0,,
Seoul,1988,100.0,Breaststroke,0,Men,USA,Richard Alan Schroeder,62.55,4,0.0,,
Angeles,1984,200.0,Breaststroke,0,Men,USA,Richard Alan Schroeder,138.03,4,0.0,,
Rome,1960,100.0,Freestyle,0,Men,USA,Richard Bruce Hunter,55.6,4,0.0,,
Rome,1960,1500.0,Freestyle,0,Men,GBR,Richard Campion,1102.7,4,0.0,,
Melbourne,1956,100.0,Freestyle,0,Men,USA,Richard Dennis Hanley,57.6,4,0.0,,
Angeles,1984,100.0,Backstroke,0,Men,USA,Richard John Carey,55.79,1,0.0,,
Angeles,1984,200.0,Backstroke,0,Men,USA,Richard John Carey,120.23,1,0.0,,
Munich,1972,200.0,Breaststroke,0,Men,USA,Richard Phillip Jr. Colella,144.28,4,0.0,,
Montreal,1976,200.0,Breaststroke,0,Men,USA,Richard Phillip Jr. Colella,139.2,3,1.0,144.28,144.28
Rome,1960,100.0,Freestyle,0,Men,CAN,Richard W. Pound,56.3,4,0.0,,
Tokyo,1964,400.0,Individual medley,0,Men,USA,Richard William Roth,285.4,1,0.0,,
Munich,1972,400.0,Freestyle,0,Men,USA,Rick Demont,,0,0.0,,
Sydney,2000,200.0,Freestyle,0,Men,CAN,Rick Say,108.759999,4,0.0,,
Athens,2004,200.0,Freestyle,0,Men,CAN,Rick Say,107.55,4,1.0,108.759999,108.759999
Beijing,2008,200.0,Breaststroke,0,Women,JPN,Rie Kaneto,145.14,4,0.0,,
Barcelona,1992,100.0,Butterfly,0,Women,JPN,Rie Shito,61.16,2,0.0,,
Barcelona,1992,200.0,Butterfly,0,Women,JPN,Rie Shito,130.24,4,0.0,,
Paris,1924,100.0,Backstroke,0,Women,DEN,Rigmor Olsen,,0,0.0,,
Rio,2016,100.0,Butterfly,0,Women,JPN,Rikako Ikee,56.86,4,0.0,,
London,2012,100.0,Breaststroke,0,Women,DEN,Rikke Moller Pedersen,67.55,4,0.0,,
London,2012,200.0,Breaststroke,0,Women,DEN,Rikke Moller Pedersen,141.65,4,0.0,,
Beijing,2008,200.0,Freestyle,0,Men,GBR,Robbie Renwick,107.47,4,0.0,,
London,2012,200.0,Freestyle,0,Men,GBR,Robbie Renwick,106.53,4,1.0,107.47,107.47
City,1968,100.0,Backstroke,0,Men,NED,Robert (Bob) Schoutsen,61.8,4,0.0,,
Tokyo,1964,100.0,Freestyle,0,Men,GBR,Robert Bilsland Mcgregor,53.5,2,0.0,,
City,1968,100.0,Freestyle,0,Men,GBR,Robert Bilsland Mcgregor,53.5,4,1.0,53.5,53.5
Seoul,1988,200.0,Individual medley,0,Men,AUS,Robert Bruce,124.34,4,0.0,,
Melbourne,1956,100.0,Backstroke,0,Men,FRA,Robert Christophe,64.9,4,0.0,,
Rome,1960,100.0,Backstroke,0,Men,FRA,Robert Christophe,63.2,4,1.0,64.9,64.9
City,1968,100.0,Butterfly,0,Men,AUS,Robert Cusack,59.8,4,0.0,,
Angeles,1932,100.0,Backstroke,0,Men,USA,Robert Daniel Zehr,70.9,4,0.0,,
Barcelona,1992,200.0,Butterfly,0,Men,ROU,Robert Doru Pinter,119.34,4,0.0,,
Rome,1960,100.0,Backstroke,0,Men,USA,Robert Earl Bennett,62.3,3,0.0,,
Tokyo,1964,200.0,Backstroke,0,Men,USA,Robert Earl Bennett,133.1,3,0.0,,
London,1948,100.0,Backstroke,0,Men,USA,Robert Elmer Cowell,66.5,2,0.0,,
Tokyo,2020,800.0,Freestyle,0,Men,USA,Robert Finke,461.87,1,0.0,,
Tokyo,2020,1500.0,Freestyle,0,Men,USA,Robert Finke,879.65,1,0.0,,
City,1968,200.0,Freestyle,0,Men,AUS,Robert George Windle,120.9,4,0.0,,
Tokyo,1964,1500.0,Freestyle,0,Men,AUS,Robert George Windle,1021.7,1,0.0,,
Rio,2016,100.0,Backstroke,0,Men,ROU,Robert Glinta,53.5,4,0.0,,
Tokyo,2020,100.0,Backstroke,0,Men,ROU,Robert Glinta,52.95,4,1.0,53.5,53.5
Berlin,1936,400.0,Freestyle,0,Men,GBR,Robert Hanford Joachim Leivers,300.9,4,0.0,,
Berlin,1936,1500.0,Freestyle,0,Men,GBR,Robert Hanford Joachim Leivers,1197.4,4,0.0,,
London,1948,200.0,Breaststroke,0,Men,USA,Robert Raymond Sohl,163.9,4,0.0,,
Montreal,1976,200.0,Backstroke,0,Men,HUN,Robert Rudolf,127.3,4,0.0,,
Montreal,1976,100.0,Backstroke,0,Men,USA,Robert Scott Jackson,57.69,4,0.0,,
Paris,1924,200.0,Breaststroke,0,Men,USA,Robert Skelton,176.6,1,0.0,,
Munich,1972,200.0,Freestyle,0,Men,USA,Robert Steven Genter,113.729999,2,0.0,,
Munich,1972,400.0,Freestyle,0,Men,USA,Robert Steven Genter,241.94,2,0.0,,
Montreal,1976,1500.0,Freestyle,0,Men,USA,Robert William Hackett,903.91,2,0.0,,
Angeles,1932,100.0,Backstroke,0,Men,USA,Robert William Kerber,72.8,4,0.0,,
Angeles,1984,400.0,Individual medley,0,Men,AUS,Robert Woodhouse,260.5,3,0.0,,
Paris,1924,200.0,Breaststroke,0,Men,SUI,Robert Wyss,185.6,4,0.0,,
Moscow,1980,200.0,Breaststroke,0,Men,URS,Robertas Žulpa,135.85,1,0.0,,
Angeles,1932,100.0,Backstroke,0,Men,ARG,Roberto Guillermo Peper,,0,0.0,,
Rome,1960,200.0,Breaststroke,0,Men,ITA,Roberto Lazzari,160.1,4,0.0,,
Angeles,1984,200.0,Individual medley,0,Men,GBR,Robin Brew,124.52,4,0.0,,
Munich,1972,200.0,Butterfly,0,Men,USA,Robin James Backhaus,123.23,3,0.0,,
Montreal,1976,400.0,Individual medley,0,Men,USA,Rodney Strachan,263.68,1,0.0,,
Barcelona,1992,100.0,Backstroke,0,Men,CUB,Rodolfo Falcon Cabrera,55.76,4,0.0,,
Atlanta,1996,100.0,Backstroke,0,Men,CUB,Rodolfo Falcon Cabrera,54.98,2,1.0,55.76,55.76
Atlanta,1996,200.0,Backstroke,0,Men,CUB,Rodolfo Falcon Cabrera,128.139999,4,0.0,,
Montreal,1976,100.0,Butterfly,0,Men,GDR,Roger Pyttel,55.09,4,0.0,,
Moscow,1980,100.0,Butterfly,0,Men,GDR,Roger Pyttel,54.94,2,1.0,55.09,55.09
Montreal,1976,200.0,Butterfly,0,Men,GDR,Roger Pyttel,120.02,4,0.0,,
Moscow,1980,200.0,Butterfly,0,Men,GDR,Roger Pyttel,121.39,3,1.0,120.02,120.02
Seoul,1988,200.0,Backstroke,0,Men,BRA,Rogerio Romero,122.28,4,0.0,,
Sydney,2000,200.0,Backstroke,0,Men,BRA,Rogerio Romero,119.27,4,1.0,122.28,122.28
City,1968,100.0,Backstroke,0,Men,GDR,Roland Matthes,58.7,4,0.0,,
Munich,1972,100.0,Backstroke,0,Men,GDR,Roland Matthes,56.58,2,1.0,58.7,58.7
Montreal,1976,100.0,Backstroke,0,Men,GDR,Roland Matthes,57.22,3,2.0,56.58,57.64
Munich,1972,100.0,Butterfly,0,Men,GDR,Roland Matthes,55.87,4,0.0,,
Montreal,1976,100.0,Butterfly,0,Men,GDR,Roland Matthes,55.11,4,1.0,55.87,55.87
City,1968,200.0,Backstroke,0,Men,GDR,Roland Matthes,129.6,1,0.0,,
Munich,1972,200.0,Backstroke,0,Men,GDR,Roland Matthes,122.82,1,1.0,129.6,129.6
Athens,2004,50.0,Freestyle,0,Men,RSA,Roland Schoeman,22.02,3,0.0,,
Beijing,2008,50.0,Freestyle,0,Men,RSA,Roland Schoeman,21.67,4,1.0,22.02,22.02
London,2012,50.0,Freestyle,0,Men,RSA,Roland Schoeman,21.8,4,2.0,21.67,21.845
Athens,2004,100.0,Freestyle,0,Men,RSA,Roland Schoeman,48.23,2,0.0,,
Sydney,2000,100.0,Breaststroke,0,Men,RUS,Roman Sloudnov,60.91,3,0.0,,
Beijing,2008,100.0,Breaststroke,0,Men,RUS,Roman Sloudnov,59.87,4,1.0,60.91,60.91
Barcelona,1992,200.0,Individual medley,0,Men,USA,Ron Karnaugh,122.18,4,0.0,,
Moscow,1980,200.0,Freestyle,0,Men,AUS,Ron Mckeon,112.6,4,0.0,,
Moscow,1980,400.0,Freestyle,0,Men,AUS,Ron Mckeon,237.0,4,0.0,,
Angeles,1984,400.0,Freestyle,0,Men,AUS,Ron Mckeon,235.48,4,1.0,237.0,237.0
Helsinki,1952,100.0,Freestyle,0,Men,USA,Ronald Francis Gora,58.8,4,0.0,,
City,1968,100.0,Backstroke,0,Men,USA,Ronald P. Mills,60.5,2,0.0,,
Rome,1960,100.0,Backstroke,0,Women,FRA,Rose Piacentini,71.4,3,0.0,,
Montreal,1976,100.0,Butterfly,0,Women,GDR,Rosemarie Kother-Gabriel,61.56,4,0.0,,
Munich,1972,200.0,Butterfly,0,Women,GDR,Rosemarie Kother-Gabriel,137.11,4,0.0,,
Montreal,1976,200.0,Butterfly,0,Women,GDR,Rosemarie Kother-Gabriel,132.86,3,1.0,137.11,137.11
Montreal,1976,800.0,Freestyle,0,Women,AUS,Rosemary Milgate,527.21,4,0.0,,
City,1968,100.0,Butterfly,0,Men,USA,Ross Elliott Wales,57.2,3,0.0,,
Munich,1972,100.0,Butterfly,0,Women,GDR,Roswitha Beier,63.61,2,0.0,,
Sydney,2000,100.0,Backstroke,0,Women,FRA,Roxana Maracineanu,61.1,4,0.0,,
Sydney,2000,200.0,Backstroke,0,Women,FRA,Roxana Maracineanu,130.25,2,0.0,,
Tokyo,1964,400.0,Freestyle,0,Men,USA,Roy Allen Saari,256.7,4,0.0,,
Tokyo,1964,400.0,Individual medley,0,Men,USA,Roy Allen Saari,287.1,2,0.0,,
Tokyo,1964,1500.0,Freestyle,0,Men,USA,Roy Allen Saari,1049.2,4,0.0,,
Tokyo,1964,400.0,Freestyle,0,Men,AUS,Russell Phegan,260.2,4,0.0,,
Tokyo,1964,1500.0,Freestyle,0,Men,AUS,Russell Phegan,1042.4,4,0.0,,
London,2012,100.0,Breaststroke,0,Women,LTU,Ruta Meilutyte,65.47,1,0.0,,
Rio,2016,100.0,Breaststroke,0,Women,LTU,Ruta Meilutyte,67.319999,4,1.0,65.47,65.47
Beijing,2008,1500.0,Freestyle,0,Men,CAN,Ryan Cochrane,882.69,3,0.0,,
London,2012,1500.0,Freestyle,0,Men,CAN,Ryan Cochrane,879.63,2,1.0,882.69,882.69
Rio,2016,1500.0,Freestyle,0,Men,CAN,Ryan Cochrane,889.61,4,2.0,879.63,881.1600000000001
Beijing,2008,200.0,Backstroke,0,Men,USA,Ryan Lochte,113.94,1,0.0,,
London,2012,200.0,Backstroke,0,Men,USA,Ryan Lochte,113.94,3,1.0,113.94,113.94
London,2012,200.0,Freestyle,0,Men,USA,Ryan Lochte,105.039999,4,0.0,,
Athens,2004,200.0,Individual medley,0,Men,USA,Ryan Lochte,118.78,2,0.0,,
Beijing,2008,200.0,Individual medley,0,Men,USA,Ryan Lochte,116.53,3,1.0,118.78,118.78
London,2012,200.0,Individual medley,0,Men,USA,Ryan Lochte,114.9,2,2.0,116.53,117.655
Rio,2016,200.0,Individual medley,0,Men,USA,Ryan Lochte,117.47,4,3.0,114.9,116.73666666666668
Beijing,2008,400.0,Individual medley,0,Men,USA,Ryan Lochte,248.09,3,0.0,,
London,2012,400.0,Individual medley,0,Men,USA,Ryan Lochte,245.18,1,1.0,248.09,248.09
Sydney,2000,200.0,Breaststroke,0,Men,AUS,Ryan Mitchell,134.0,4,0.0,,
Rio,2016,100.0,Backstroke,0,Men,USA,Ryan Murphy,51.97,1,0.0,,
Tokyo,2020,100.0,Backstroke,0,Men,USA,Ryan Murphy,52.19,3,1.0,51.97,51.97
Rio,2016,200.0,Backstroke,0,Men,USA,Ryan Murphy,113.62,1,0.0,,
Tokyo,2020,200.0,Backstroke,0,Men,USA,Ryan Murphy,114.15,2,1.0,113.62,113.62
London,2012,400.0,Freestyle,0,Men,AUS,Ryan Napoleon,229.25,4,0.0,,
Beijing,2008,100.0,Butterfly,0,Men,PNG,Ryan Pini,51.86,4,0.0,,
Athens,2004,100.0,Freestyle,0,Men,RSA,Ryk Neethling,48.63,4,0.0,,
Sydney,2000,400.0,Freestyle,0,Men,RSA,Ryk Neethling,228.52,4,0.0,,
Atlanta,1996,1500.0,Freestyle,0,Men,RSA,Ryk Neethling,914.63,4,0.0,,
Sydney,2000,1500.0,Freestyle,0,Men,RSA,Ryk Neethling,900.48,4,1.0,914.63,914.63
London,2012,200.0,Breaststroke,0,Men,JPN,Ryo Tateishi,128.289999,3,0.0,,
London,2012,100.0,Backstroke,0,Men,JPN,Ryosuke Irie,52.97,3,0.0,,
Rio,2016,100.0,Backstroke,0,Men,JPN,Ryosuke Irie,53.42,4,1.0,52.97,52.97
Beijing,2008,200.0,Backstroke,0,Men,JPN,Ryosuke Irie,115.72,4,0.0,,
London,2012,200.0,Backstroke,0,Men,JPN,Ryosuke Irie,113.78,2,1.0,115.72,115.72
Rio,2016,200.0,Backstroke,0,Men,JPN,Ryosuke Irie,116.36,4,2.0,113.78,114.75
Tokyo,2020,200.0,Backstroke,0,Men,JPN,Ryosuke Irie,117.32,4,3.0,113.78,115.28666666666668
Melbourne,1956,400.0,Freestyle,0,Women,HUN,Rypszima Szekely,314.2,4,0.0,,
Tokyo,2020,200.0,Breaststroke,0,Men,JPN,Ryuya Mura,128.419999,4,0.0,,
Atlanta,1996,400.0,Individual medley,0,Women,GER,Sabine Herbst,283.78,4,0.0,,
Montreal,1976,400.0,Freestyle,0,Women,GDR,Sabine Kahle,260.42,4,0.0,,
Montreal,1976,400.0,Individual medley,0,Women,GDR,Sabine Kahle,293.5,4,0.0,,
City,1968,200.0,Individual medley,0,Women,GDR,Sabine Steinbach,151.4,3,0.0,,
City,1968,400.0,Individual medley,0,Women,GDR,Sabine Steinbach,325.3,3,0.0,,
Berlin,1936,200.0,Breaststroke,0,Men,JPN,Saburo Ito,167.6,4,0.0,,
Athens,2004,400.0,Freestyle,0,Women,JPN,Sachiko Yamada,250.91,4,0.0,,
Sydney,2000,800.0,Freestyle,0,Women,JPN,Sachiko Yamada,517.39,4,0.0,,
Rio,2016,400.0,Individual medley,0,Women,JPN,Sakiko Shimizu,278.06,4,0.0,,
Athens,2004,50.0,Freestyle,0,Men,ALG,Salim Iles,22.37,4,0.0,,
Athens,2004,100.0,Freestyle,0,Men,ALG,Salim Iles,49.3,4,0.0,,
London,2012,200.0,Breaststroke,0,Women,AUS,Sally Foster,146.0,4,0.0,,
Paris,1924,100.0,Freestyle,0,Men,USA,Sam Kahanamoku,61.8,2,0.0,,
Barcelona,1992,100.0,Breaststroke,0,Women,AUS,Samantha Linette Riley,69.25,3,0.0,,
Atlanta,1996,100.0,Breaststroke,0,Women,AUS,Samantha Linette Riley,69.18,3,1.0,69.25,69.25
Atlanta,1996,200.0,Breaststroke,0,Women,AUS,Samantha Linette Riley,147.91,4,0.0,,
Angeles,1984,200.0,Butterfly,0,Women,GBR,Samantha Paula Purvis,132.33,4,0.0,,
Montreal,1976,400.0,Freestyle,0,Men,HUN,Sandor Nagy,237.81,4,0.0,,
Moscow,1980,400.0,Freestyle,0,Men,HUN,Sandor Nagy,236.829999,4,1.0,237.81,237.81
Moscow,1980,100.0,Backstroke,0,Men,HUN,Sandor Wladar,57.84,4,0.0,,
Moscow,1980,200.0,Backstroke,0,Men,HUN,Sandor Wladar,121.93,1,0.0,,
Melbourne,1956,400.0,Freestyle,0,Women,AUS,Sandra Anne Morgan,314.3,4,0.0,,
Atlanta,1996,50.0,Freestyle,0,Women,GER,Sandra Voelker,25.14,3,0.0,,
Sydney,2000,50.0,Freestyle,0,Women,GER,Sandra Voelker,25.27,4,1.0,25.14,25.14
Atlanta,1996,100.0,Freestyle,0,Women,GER,Sandra Voelker,54.88,2,0.0,,
Amsterdam,1928,100.0,Backstroke,0,Men,ITA,Sante Omero,,0,0.0,,
City,1968,200.0,Backstroke,0,Men,ESP,Santiago Esteva Escoda,132.9,4,0.0,,
Rio,2016,100.0,Freestyle,0,Men,CAN,Santo Condorelli,47.88,4,0.0,,
Melbourne,1956,100.0,Backstroke,0,Women,CAN,Sara Barber-Jenkins,74.3,4,0.0,,
Melbourne,1956,100.0,Butterfly,0,Women,CAN,Sara Barber-Jenkins,78.4,4,0.0,,
Beijing,2008,200.0,Freestyle,0,Women,SLO,Sara Isakovic,114.97,2,0.0,,
Beijing,2008,200.0,Breaststroke,0,Women,NOR,Sara Nordenstam,143.02,3,0.0,,
Amsterdam,1928,400.0,Freestyle,0,Women,GBR,Sarah Gillow Marshal Stewart,367.0,4,0.0,,
Angeles,1984,400.0,Freestyle,0,Women,GBR,Sarah Hardcastle,250.27,2,0.0,,
Angeles,1984,800.0,Freestyle,0,Women,GBR,Sarah Hardcastle,512.6,3,0.0,,
Atlanta,1996,800.0,Freestyle,0,Women,GBR,Sarah Hardcastle,521.75,4,1.0,512.6,512.6
Rio,2016,800.0,Freestyle,0,Women,GER,Sarah Kohler,507.75,4,0.0,,
Tokyo,2020,800.0,Freestyle,0,Women,GER,Sarah Kohler,504.56,4,1.0,507.75,507.75
Tokyo,2020,1500.0,Freestyle,0,Women,GER,Sarah Kohler,942.91,3,0.0,,
Sydney,2000,100.0,Breaststroke,0,Women,RSA,Sarah Poewe,67.849999,4,0.0,,
Athens,2004,100.0,Breaststroke,0,Women,GER,Sarah Poewe,67.53,4,1.0,67.849999,67.849999
Sydney,2000,200.0,Breaststroke,0,Women,RSA,Sarah Poewe,145.72,4,0.0,,
Atlanta,1996,100.0,Freestyle,0,Women,AUS,Sarah Ryan,55.85,4,0.0,,
Tokyo,2020,50.0,Freestyle,0,Women,SWE,Sarah Sjoestroem,24.07,2,0.0,,
Tokyo,2020,100.0,Butterfly,0,Women,SWE,Sarah Sjoestroem,56.91,4,0.0,,
Tokyo,2020,100.0,Freestyle,0,Women,SWE,Sarah Sjoestroem,52.68,4,0.0,,
London,2012,100.0,Butterfly,0,Women,SWE,Sarah Sjostrom,57.17,4,0.0,,
Rio,2016,100.0,Butterfly,0,Women,SWE,Sarah Sjostrom,55.48,2,1.0,57.17,57.17
Rio,2016,100.0,Freestyle,0,Women,SWE,Sarah Sjostrom,52.99,3,0.0,,
Rio,2016,200.0,Freestyle,0,Women,SWE,Sarah Sjostrom,114.08,2,0.0,,
Amsterdam,1928,100.0,Freestyle,0,Women,HUN,Sarolta Stieber,,0,0.0,,
Rome,1960,100.0,Backstroke,0,Women,JPN,Satoko Tanaka,71.4,3,0.0,,
Tokyo,1964,100.0,Backstroke,0,Women,JPN,Satoko Tanaka,68.599999,4,1.0,71.4,71.4
London,2012,100.0,Breaststroke,0,Women,JPN,Satomi Suzuki,66.459999,3,0.0,,
London,2012,200.0,Breaststroke,0,Women,JPN,Satomi Suzuki,140.72,2,0.0,,
City,1968,100.0,Butterfly,0,Men,JPN,Satoshi Maruya,58.6,4,0.0,,
Atlanta,1996,200.0,Butterfly,0,Men,AUS,Scott Goodman,117.479999,3,0.0,,
Atlanta,1996,100.0,Butterfly,0,Men,AUS,Scott Miller,52.53,2,0.0,,
Atlanta,1996,200.0,Butterfly,0,Men,AUS,Scott Miller,118.28,4,0.0,,
Beijing,2008,200.0,Breaststroke,0,Men,USA,Scott Spann,129.759999,4,0.0,,
Athens,2004,200.0,Breaststroke,0,Men,USA,Scott Usher,131.949999,4,0.0,,
London,2012,200.0,Breaststroke,0,Men,USA,Scott Weltz,129.02,4,0.0,,
Seoul,1988,100.0,Backstroke,0,Men,CAN,Sean Murphy,56.32,4,0.0,,
London,2012,100.0,Freestyle,0,Men,NED,Sebastiaan Verschuren,47.88,4,0.0,,
Barcelona,1992,400.0,Freestyle,0,Men,GER,Sebastian Wiese,229.06,4,0.0,,
City,1968,200.0,Freestyle,0,Men,URS,Semyon Belits-Geiman,121.5,4,0.0,,
Tokyo,1964,400.0,Freestyle,0,Men,URS,Semyon Belits-Geiman,261.399999,4,0.0,,
Moscow,1980,200.0,Butterfly,0,Men,URS,Sergei Fesenko,119.759999,1,0.0,,
Moscow,1980,400.0,Individual medley,0,Men,URS,Sergei Fesenko,263.43,2,0.0,,
Moscow,1980,100.0,Freestyle,0,Men,URS,Sergei Koplyakov,51.34,4,0.0,,
Moscow,1980,200.0,Freestyle,0,Men,URS,Sergei Koplyakov,109.81,1,0.0,,
Moscow,1980,100.0,Freestyle,0,Men,URS,Sergei Krasiuk,51.8,4,0.0,,
Seoul,1988,100.0,Backstroke,0,Men,URS,Sergei Zabolotnov,55.37,4,0.0,,
Seoul,1988,200.0,Backstroke,0,Men,URS,Sergei Zabolotnov,120.52,4,0.0,,
Barcelona,1992,400.0,Individual medley,0,Men,EUN,Serghei Mariniuc,262.93,4,0.0,,
Atlanta,1996,400.0,Individual medley,0,Men,MDA,Serghei Mariniuc,261.149999,4,1.0,262.93,262.93
Seoul,1988,200.0,Breaststroke,0,Men,ESP,Sergio Lopez Miro,135.21,3,0.0,,
Barcelona,1992,200.0,Breaststroke,0,Men,ESP,Sergio Lopez Miro,133.289999,4,1.0,135.21,135.21
Tokyo,2020,800.0,Freestyle,0,Men,UKR,Serhii Frolov,465.11,4,0.0,,
Tokyo,2020,1500.0,Freestyle,0,Men,UKR,Serhii Frolov,904.26,4,0.0,,
London,1948,400.0,Freestyle,0,Men,ARG,Severo Alfredo Yantorno,298.7,4,0.0,,
Munich,1972,100.0,Freestyle,0,Women,AUS,Shane Gould,59.06,4,0.0,,
Munich,1972,200.0,Freestyle,0,Women,AUS,Shane Gould,123.56,1,0.0,,
Munich,1972,200.0,Individual medley,0,Women,AUS,Shane Gould,143.07,1,0.0,,
Munich,1972,400.0,Freestyle,0,Women,AUS,Shane Gould,259.04,1,0.0,,
Munich,1972,800.0,Freestyle,0,Women,AUS,Shane Gould,536.39,2,0.0,,
Montreal,1976,400.0,Freestyle,0,Women,CAN,Shannon Smith,254.6,3,0.0,,
Montreal,1976,800.0,Freestyle,0,Women,CAN,Shannon Smith,528.15,4,0.0,,
Tokyo,1964,400.0,Individual medley,0,Women,USA,Sharon Evans Finneran,324.1,2,0.0,,
Angeles,1984,200.0,Breaststroke,0,Women,AUS,Sharon Kellett,153.6,4,0.0,,
City,1968,100.0,Breaststroke,0,Women,USA,Sharon Lynn Wichman,76.1,3,0.0,,
City,1968,200.0,Breaststroke,0,Women,USA,Sharon Lynn Wichman,164.4,1,0.0,,
Tokyo,1964,100.0,Butterfly,0,Women,USA,Sharon Marie Stouder,64.7,1,0.0,,
Tokyo,1964,100.0,Freestyle,0,Women,USA,Sharon Marie Stouder,59.9,4,0.0,,
Moscow,1980,400.0,Individual medley,0,Women,GBR,Sharron Elizabeth Davies,286.83,2,0.0,,
Rome,1960,100.0,Butterfly,0,Women,GBR,Sheila Watt,73.3,4,0.0,,
City,1968,200.0,Individual medley,0,Women,GBR,Shelagh Hudson Ratcliffe,,0,0.0,,
City,1968,400.0,Individual medley,0,Women,GBR,Shelagh Hudson Ratcliffe,330.5,4,0.0,,
Melbourne,1956,100.0,Butterfly,0,Women,USA,Shelley Isabel Mann,71.0,1,0.0,,
Melbourne,1956,100.0,Freestyle,0,Women,USA,Shelley Isabel Mann,65.599999,4,0.0,,
Berlin,1936,100.0,Freestyle,0,Men,JPN,Shigeo Arai,58.0,3,0.0,,
Tokyo,1964,200.0,Backstroke,0,Men,JPN,Shigeo Fukushima,133.199999,4,0.0,,
Angeles,1932,200.0,Breaststroke,0,Men,JPN,Shigeo Nakagawa,172.8,4,0.0,,
Sydney,2000,400.0,Individual medley,0,Men,JPN,Shinya Taniguchi,260.93,4,0.0,,
Munich,1972,100.0,Freestyle,0,Women,USA,Shirley Farber Babashoff,59.02,4,0.0,,
Montreal,1976,100.0,Freestyle,0,Women,USA,Shirley Farber Babashoff,56.95,4,1.0,59.02,59.02
Munich,1972,200.0,Freestyle,0,Women,USA,Shirley Farber Babashoff,124.33,2,0.0,,
Montreal,1976,200.0,Freestyle,0,Women,USA,Shirley Farber Babashoff,121.22,2,1.0,124.33,124.33
Munich,1972,400.0,Freestyle,0,Women,USA,Shirley Farber Babashoff,263.589999,4,0.0,,
Montreal,1976,400.0,Freestyle,0,Women,USA,Shirley Farber Babashoff,250.46,2,1.0,263.589999,263.589999
Montreal,1976,800.0,Freestyle,0,Women,USA,Shirley Farber Babashoff,517.59,2,0.0,,
Helsinki,1952,1500.0,Freestyle,0,Men,JPN,Shiro Hashizume,1121.4,2,0.0,,
London,2012,200.0,Individual medley,0,Women,CHN,Shiwen Ye,127.57,1,0.0,,
Rio,2016,200.0,Individual medley,0,Women,CHN,Shiwen Ye,133.56,4,1.0,127.57,127.57
London,2012,400.0,Individual medley,0,Women,CHN,Shiwen Ye,268.43,1,0.0,,
Berlin,1936,400.0,Freestyle,0,Men,JPN,Shozo Makino,288.1,3,0.0,,
Angeles,1932,1500.0,Freestyle,0,Men,JPN,Shozo Makino,1154.1,2,0.0,,
Rio,2016,200.0,Individual medley,0,Men,CHN,Shun Wang,117.05,3,0.0,,
Tokyo,2020,200.0,Individual medley,0,Men,CHN,Shun Wang,115.0,1,1.0,117.05,117.05
Berlin,1936,400.0,Freestyle,0,Men,JPN,Shunpei Uto,285.6,2,0.0,,
Berlin,1936,1500.0,Freestyle,0,Men,JPN,Shunpei Uto,1174.5,3,0.0,,
Seoul,1988,100.0,Breaststroke,0,Women,GDR,Silke Hörner,68.83,3,0.0,,
Seoul,1988,200.0,Breaststroke,0,Women,GDR,Silke Hörner,146.71,1,0.0,,
Munich,1972,100.0,Backstroke,0,Women,FRG,Silke Pielen,67.36,4,0.0,,
Seoul,1988,100.0,Backstroke,0,Women,CRC,Silvia Poll Ahrens,63.34,4,0.0,,
Seoul,1988,100.0,Freestyle,0,Women,CRC,Silvia Poll Ahrens,55.9,4,0.0,,
Barcelona,1992,200.0,Backstroke,0,Women,CRC,Silvia Poll Ahrens,132.97,4,0.0,,
Seoul,1988,200.0,Freestyle,0,Women,CRC,Silvia Poll Ahrens,118.67,2,0.0,,
Moscow,1980,200.0,Breaststroke,0,Women,GDR,Silvia Rinka,155.38,4,0.0,,
Athens,2004,200.0,Freestyle,0,Men,GBR,Simon Burnett,108.02,4,0.0,,
Athens,2004,200.0,Backstroke,0,Men,FRA,Simon Dufour,118.49,4,0.0,,
Athens,2004,800.0,Freestyle,0,Women,ROU,Simona Paduraru,517.02,4,0.0,,
Tokyo,2020,800.0,Freestyle,0,Women,ITA,Simona Quadarella,498.35,3,0.0,,
Tokyo,2020,1500.0,Freestyle,0,Women,ITA,Simona Quadarella,953.97,4,0.0,,
Rio,2016,50.0,Freestyle,0,Men,LTU,Simonas Bilis,22.08,4,0.0,,
Rio,2016,50.0,Freestyle,0,Women,USA,Simone Manuel,24.09,2,0.0,,
Rio,2016,100.0,Freestyle,0,Women,USA,Simone Manuel,52.7,1,0.0,,
Barcelona,1992,50.0,Freestyle,0,Women,GER,Simone Osygus,25.74,4,0.0,,
Barcelona,1992,100.0,Freestyle,0,Women,GER,Simone Osygus,55.93,4,0.0,,
London,2012,200.0,Backstroke,0,Women,CAN,Sinead Russell,129.86,4,0.0,,
Tokyo,2020,100.0,Freestyle,0,Women,HKG,Siobhan Bernadette Haughey,52.27,2,0.0,,
Tokyo,2020,200.0,Freestyle,0,Women,HKG,Siobhan Bernadette Haughey,113.92,2,0.0,,
Rio,2016,200.0,Individual medley,0,Women,GBR,Siobhan-Marie Oconnor,126.88,2,0.0,,
Athens,2004,200.0,Freestyle,0,Women,FRA,Solenne Figues,118.45,3,0.0,,
Moscow,1980,400.0,Individual medley,0,Women,BUL,Sonia Dangalakova,289.25,4,0.0,,
Angeles,1984,200.0,Butterfly,0,Women,AUT,Sonja Hausladen,135.38,4,0.0,,
Tokyo,2020,100.0,Breaststroke,0,Women,SWE,Sophie Hansson,66.069999,4,0.0,,
Athens,2004,400.0,Freestyle,0,Men,GRE,Spyridon Gianniotis,228.77,4,0.0,,
Athens,2004,1500.0,Freestyle,0,Men,GRE,Spyridon Gianniotis,903.69,4,0.0,,
Atlanta,1996,100.0,Breaststroke,0,Men,RUS,Stanislav Lopukhov,62.13,4,0.0,,
Athens,2004,200.0,Backstroke,0,Women,RUS,Stanislava Komarova,129.72,2,0.0,,
Barcelona,1992,200.0,Backstroke,0,Men,BEL,Stefaan Maene,120.91,4,0.0,,
Athens,2004,50.0,Freestyle,0,Men,SWE,Stefan Nystrand,22.08,4,0.0,,
Beijing,2008,50.0,Freestyle,0,Men,SWE,Stefan Nystrand,21.72,4,1.0,22.08,22.08
Beijing,2008,100.0,Freestyle,0,Men,SWE,Stefan Nystrand,48.33,4,0.0,,
Angeles,1984,400.0,Freestyle,0,Men,FRG,Stefan Pfeiffer,232.91,4,0.0,,
Seoul,1988,400.0,Freestyle,0,Men,FRG,Stefan Pfeiffer,229.96,4,1.0,232.91,232.91
Barcelona,1992,400.0,Freestyle,0,Men,GER,Stefan Pfeiffer,229.75,4,2.0,229.96,231.435
Angeles,1984,1500.0,Freestyle,0,Men,FRG,Stefan Pfeiffer,912.11,3,0.0,,
Seoul,1988,1500.0,Freestyle,0,Men,FRG,Stefan Pfeiffer,902.69,2,1.0,912.11,912.11
Barcelona,1992,1500.0,Freestyle,0,Men,GER,Stefan Pfeiffer,904.28,4,2.0,902.69,907.4000000000001
Seoul,1988,50.0,Freestyle,0,Men,SUI,Stefan Volery,22.84,4,0.0,,
Barcelona,1992,200.0,Backstroke,0,Men,ITA,Stefano Battistelli,119.4,3,0.0,,
Seoul,1988,400.0,Individual medley,0,Men,ITA,Stefano Battistelli,258.01,3,0.0,,
Angeles,1984,1500.0,Freestyle,0,Men,ITA,Stefano Grandi,928.58,4,0.0,,
London,2012,100.0,Butterfly,0,Men,GER,Steffen Deibler,51.81,4,0.0,,
Sydney,2000,100.0,Backstroke,0,Men,GER,Steffen Driesen,55.27,4,0.0,,
Athens,2004,100.0,Backstroke,0,Men,GER,Steffen Driesen,54.63,4,1.0,55.27,55.27
Seoul,1988,200.0,Freestyle,0,Men,GDR,Steffen Zesner,108.77,4,0.0,,
Barcelona,1992,200.0,Freestyle,0,Men,GER,Steffen Zesner,108.84,4,1.0,108.77,108.77
Seoul,1988,200.0,Butterfly,0,Women,ROU,Stela Marion Pura,131.28,4,0.0,,
Tokyo,1964,200.0,Breaststroke,0,Women,GBR,Stella Marian M. Mitchell,169.0,4,0.0,,
Angeles,1984,100.0,Freestyle,0,Men,FRA,Stephan Caron,50.7,4,0.0,,
Seoul,1988,100.0,Freestyle,0,Men,FRA,Stephan Caron,49.62,3,1.0,50.7,50.7
Barcelona,1992,100.0,Freestyle,0,Men,FRA,Stephan Caron,49.5,3,2.0,49.62,50.16
Seoul,1988,200.0,Freestyle,0,Women,FRG,Stephanie Ortwig,120.73,4,0.0,,
Seoul,1988,400.0,Freestyle,0,Women,FRG,Stephanie Ortwig,253.05,4,0.0,,
Beijing,2008,200.0,Individual medley,0,Women,AUS,Stephanie Rice,128.449999,1,0.0,,
London,2012,200.0,Individual medley,0,Women,AUS,Stephanie Rice,129.55,4,1.0,128.449999,128.449999
Beijing,2008,400.0,Individual medley,0,Women,AUS,Stephanie Rice,269.45,1,0.0,,
London,2012,400.0,Individual medley,0,Women,AUS,Stephanie Rice,275.49,4,1.0,269.45,269.45
Montreal,1976,400.0,Freestyle,0,Men,CAN,Stephen Badger,260.829999,4,0.0,,
Atlanta,1996,100.0,Butterfly,0,Men,CAN,Stephen Clarke,53.33,4,0.0,,
Montreal,1976,400.0,Freestyle,0,Men,AUS,Stephen Holland,237.59,4,0.0,,
Montreal,1976,1500.0,Freestyle,0,Men,AUS,Stephen Holland,904.66,3,0.0,,
Moscow,1980,200.0,Butterfly,0,Men,GBR,Stephen Poulter,122.93,4,0.0,,
Angeles,1984,400.0,Individual medley,0,Men,GBR,Stephen Poulter,265.8,4,0.0,,
Sydney,2000,100.0,Backstroke,0,Men,GER,Stev Theloke,54.82,3,0.0,,
Sydney,2000,200.0,Butterfly,0,Men,GBR,Steve Parry,117.009999,4,0.0,,
Athens,2004,200.0,Butterfly,0,Men,GBR,Steve Parry,115.52,3,1.0,117.009999,117.009999
Munich,1972,200.0,Individual medley,0,Men,USA,Steven Charles Furniss,128.449999,3,0.0,,
Munich,1972,400.0,Individual medley,0,Men,USA,Steven Charles Furniss,275.44,4,0.0,,
Montreal,1976,400.0,Individual medley,0,Men,USA,Steven Charles Furniss,269.23,4,1.0,275.44,275.44
Montreal,1976,200.0,Butterfly,0,Men,USA,Steven Garrett Gregg,119.539999,2,0.0,,
Angeles,1984,100.0,Breaststroke,0,Men,USA,Steven K. Lundquist,61.65,1,0.0,,
Angeles,1984,200.0,Individual medley,0,Men,USA,Steven K. Lundquist,124.91,4,0.0,,
Antwerp,1920,100.0,Backstroke,0,Men,USA,Stubby Kruger,,5,0.0,,
Tokyo,1964,1500.0,Freestyle,0,Men,JPN,Sueaki Sasaki,1045.3,4,0.0,,
Sydney,2000,50.0,Freestyle,0,Women,JPN,Sumika Minamoto,25.65,4,0.0,,
Sydney,2000,100.0,Freestyle,0,Women,JPN,Sumika Minamoto,55.53,4,0.0,,
Tokyo,2020,400.0,Freestyle,0,Women,CAN,Summer Mcintosh,242.42,4,0.0,,
Tokyo,2020,400.0,Freestyle,0,Women,CAN,Summer Mcintosh,242.42,4,1.0,242.42,242.42
Barcelona,1992,100.0,Butterfly,0,Women,USA,Summer Sanders,59.82,4,0.0,,
Barcelona,1992,200.0,Butterfly,0,Women,USA,Summer Sanders,128.669999,1,0.0,,
Barcelona,1992,200.0,Individual medley,0,Women,USA,Summer Sanders,131.91,2,0.0,,
Barcelona,1992,400.0,Individual medley,0,Women,USA,Summer Sanders,277.58,3,0.0,,
Berlin,1936,1500.0,Freestyle,0,Men,JPN,Sunao Ishiharada,1188.5,4,0.0,,
Tokyo,2020,100.0,Freestyle,0,Men,KOR,Sunwoo Hwang,47.82,4,0.0,,
Tokyo,2020,200.0,Freestyle,0,Men,KOR,Sunwoo Hwang,105.259999,4,0.0,,
Angeles,1984,100.0,Breaststroke,0,Women,USA,Susan Gerard Rapp,71.45,4,0.0,,
Angeles,1984,200.0,Breaststroke,0,Women,USA,Susan Gerard Rapp,151.15,2,0.0,,
Angeles,1984,400.0,Individual medley,0,Women,USA,Susan Heon,289.409999,4,0.0,,
City,1968,100.0,Freestyle,0,Women,USA,Susan Jane Pedersen,60.3,2,0.0,,
City,1968,200.0,Individual medley,0,Women,USA,Susan Jane Pedersen,148.8,2,0.0,,
City,1968,400.0,Individual medley,0,Women,USA,Susan Jane Pedersen,325.8,4,0.0,,
Barcelona,1992,100.0,Butterfly,0,Women,AUS,Susan O'Neill,59.69,4,0.0,,
Atlanta,1996,100.0,Butterfly,0,Women,AUS,Susan O'Neill,60.17,2,1.0,59.69,59.69
Sydney,2000,100.0,Butterfly,0,Women,AUS,Susan O'Neill,59.27,4,2.0,59.69,59.93
Barcelona,1992,200.0,Butterfly,0,Women,AUS,Susan O'Neill,129.03,3,0.0,,
Atlanta,1996,200.0,Butterfly,0,Women,AUS,Susan O'Neill,127.76,1,1.0,129.03,129.03
Sydney,2000,200.0,Butterfly,0,Women,AUS,Susan O'Neill,126.58,2,2.0,127.76,128.395
Atlanta,1996,200.0,Freestyle,0,Women,AUS,Susan O'Neill,119.87,4,0.0,,
Sydney,2000,200.0,Freestyle,0,Women,AUS,Susan O'Neill,118.24,1,1.0,119.87,119.87
Moscow,1980,100.0,Breaststroke,0,Women,GBR,Susannah Brownsdon,72.11,4,0.0,,
Angeles,1984,200.0,Breaststroke,0,Women,GBR,Susannah Brownsdon,155.07,4,0.0,,
Amsterdam,1928,100.0,Freestyle,0,Women,USA,Susanne E. Laird,74.6,4,0.0,,
Munich,1972,100.0,Backstroke,0,Women,USA,Susanne Jean Atwood,66.34,3,0.0,,
Munich,1972,200.0,Backstroke,0,Women,USA,Susanne Jean Atwood,140.38,2,0.0,,
City,1968,100.0,Butterfly,0,Women,USA,Susanne Marie Shields,66.2,3,0.0,,
Moscow,1980,100.0,Breaststroke,0,Women,DEN,Susanne Schultz Nielsson,71.16,3,0.0,,
Moscow,1980,200.0,Breaststroke,0,Women,DEN,Susanne Schultz Nielsson,152.75,4,0.0,,
Angeles,1984,100.0,Freestyle,0,Women,FRG,Susanne Schuster,57.11,4,0.0,,
London,2012,200.0,Breaststroke,0,Women,RSA,Suzaan Van Biljon,143.72,4,0.0,,
Angeles,1984,400.0,Individual medley,0,Women,AUS,Suzanne Landells,288.3,2,0.0,,
London,1948,100.0,Backstroke,0,Women,USA,Suzanne Winona Zimmerman,76.0,2,0.0,,
Barcelona,1992,200.0,Freestyle,0,Women,JPN,Suzu Chiba,120.64,4,0.0,,
Barcelona,1992,400.0,Freestyle,0,Women,JPN,Suzu Chiba,255.71,4,0.0,,
Angeles,1984,100.0,Backstroke,0,Women,FRG,Svenja Schlicht,63.46,4,0.0,,
Angeles,1984,200.0,Backstroke,0,Women,FRG,Svenja Schlicht,135.93,4,0.0,,
Seoul,1988,200.0,Backstroke,0,Women,FRG,Svenja Schlicht,135.94,4,1.0,135.93,135.93
City,1968,100.0,Breaststroke,0,Women,URS,Svetlana Babanina,77.2,4,0.0,,
Tokyo,1964,200.0,Breaststroke,0,Women,URS,Svetlana Babanina,168.6,3,0.0,,
City,1968,200.0,Breaststroke,0,Women,URS,Svetlana Babanina,168.4,4,1.0,168.6,168.6
Tokyo,2020,200.0,Butterfly,0,Women,ROC,Svetlana Chimrova,127.7,4,0.0,,
Moscow,1980,200.0,Breaststroke,0,Women,URS,Svetlana Varganova,149.61,2,0.0,,
Atlanta,1996,100.0,Breaststroke,0,Women,UKR,Svitlana Bondarenko,69.21,4,0.0,,
Athens,2004,100.0,Breaststroke,0,Women,UKR,Svitlana Bondarenko,68.19,4,1.0,69.21,69.21
Paris,1924,100.0,Backstroke,0,Women,USA,Sybil Bauer,83.2,1,0.0,,
Moscow,1980,200.0,Butterfly,0,Women,GDR,Sybille Schönrock,130.449999,2,0.0,,
Antwerp,1920,400.0,Breaststroke,0,Men,CAN,Sydney Gooday,,0,0.0,,
Rio,2016,200.0,Individual medley,0,Women,CAN,Sydney Pickrem,131.22,4,0.0,,
Tokyo,2020,200.0,Individual medley,0,Women,CAN,Sydney Pickrem,130.05,4,1.0,131.22,131.22
Rome,1960,100.0,Backstroke,0,Women,GBR,Sylvia Anne Lewis,71.8,4,0.0,,
Melbourne,1956,400.0,Freestyle,0,Women,USA,Sylvia Eliina Ruuska,307.1,3,0.0,,
Sydney,2000,100.0,Breaststroke,0,Women,GER,Sylvia Gerasch,69.86,4,0.0,,
City,1968,100.0,Backstroke,0,Women,FRA,Sylvie Canet-Le Noach,69.3,4,0.0,,
Munich,1972,100.0,Backstroke,0,Men,JPN,Tadashi Honda,60.41,1,0.0,,
Beijing,2008,200.0,Freestyle,0,Men,KOR,Tae-Hwan Park,104.85,2,0.0,,
London,2012,200.0,Freestyle,0,Men,KOR,Tae-Hwan Park,104.93,2,1.0,104.85,104.85
Beijing,2008,400.0,Freestyle,0,Men,KOR,Tae-Hwan Park,221.86,1,0.0,,
London,2012,400.0,Freestyle,0,Men,KOR,Tae-Hwan Park,222.06,2,1.0,221.86,221.86
London,2012,1500.0,Freestyle,0,Men,KOR,Tae-Hwan Park,890.61,4,0.0,,
London,1948,100.0,Freestyle,0,Men,EGY,Taha Yussuf El Gamal,60.5,1,0.0,,
Barcelona,1992,400.0,Individual medley,0,Men,JPN,Takahiro Fujimoto,263.86,4,0.0,,
Athens,2004,200.0,Individual medley,0,Men,JPN,Takahiro Mori,120.6,4,0.0,,
Amsterdam,1928,1500.0,Freestyle,0,Men,JPN,Takaji Takebayashi,,0,0.0,,
Melbourne,1956,200.0,Butterfly,0,Men,JPN,Takashi Ishimoto,143.8,2,0.0,,
Sydney,2000,100.0,Butterfly,0,Men,JPN,Takashi Yamamoto,52.58,4,0.0,,
Athens,2004,200.0,Butterfly,0,Men,JPN,Takashi Yamamoto,114.56,2,0.0,,
Angeles,1932,400.0,Freestyle,0,Men,JPN,Takashi Yokoyama,292.5,4,0.0,,
Helsinki,1952,200.0,Breaststroke,0,Men,JPN,Takayoshi Kajikawa,158.6,4,0.0,,
Beijing,2008,200.0,Butterfly,0,Men,JPN,Takeshi Matsuda,112.97,3,0.0,,
London,2012,200.0,Butterfly,0,Men,JPN,Takeshi Matsuda,113.21,3,1.0,112.97,112.97
Athens,2004,400.0,Freestyle,0,Men,JPN,Takeshi Matsuda,228.96,4,0.0,,
Beijing,2008,100.0,Butterfly,0,Men,JPN,Takuro Fujii,51.5,4,0.0,,
Seoul,1988,50.0,Freestyle,0,Women,ROU,Tamara Costache,25.8,4,0.0,,
Montreal,1976,100.0,Butterfly,0,Women,URS,Tamara Shelofastova,62.74,4,0.0,,
Montreal,1976,200.0,Butterfly,0,Women,URS,Tamara Shelofastova,134.259999,4,0.0,,
Seoul,1988,200.0,Individual medley,0,Men,HUN,Tamas Darnyi,120.17,1,0.0,,
Barcelona,1992,200.0,Individual medley,0,Men,HUN,Tamas Darnyi,120.76,1,1.0,120.17,120.17
Seoul,1988,400.0,Individual medley,0,Men,HUN,Tamas Darnyi,254.75,1,0.0,,
Barcelona,1992,400.0,Individual medley,0,Men,HUN,Tamas Darnyi,254.23,1,1.0,254.75,254.75
Seoul,1988,100.0,Breaststroke,0,Men,HUN,Tamas Debnar,62.5,4,0.0,,
Barcelona,1992,200.0,Backstroke,0,Men,HUN,Tamas Deutsch,120.06,4,0.0,,
Rio,2016,200.0,Butterfly,0,Men,HUN,Tamas Kenderesi,113.62,3,0.0,,
Tokyo,2020,200.0,Butterfly,0,Men,HUN,Tamas Kenderesi,114.52,4,1.0,113.62,113.62
Seoul,1988,400.0,Freestyle,0,Women,USA,Tami Lee Bruce,248.16,4,0.0,,
Seoul,1988,800.0,Freestyle,0,Women,USA,Tami Lee Bruce,510.86,4,0.0,,
Rio,2016,400.0,Freestyle,0,Women,AUS,Tamsin Cook,245.3,4,0.0,,
Seoul,1988,100.0,Breaststroke,0,Women,BUL,Tania Bogomilova-Dangalakova,67.95,1,0.0,,
Seoul,1988,200.0,Breaststroke,0,Women,BUL,Tania Bogomilova-Dangalakova,148.43,4,0.0,,
Athens,2004,100.0,Breaststroke,0,Women,USA,Tara Kirk,67.59,4,0.0,,
Sydney,2000,100.0,Breaststroke,0,Women,AUS,Tarnee White,69.09,4,0.0,,
Beijing,2008,100.0,Breaststroke,0,Women,AUS,Tarnee White,67.629999,4,1.0,69.09,69.09
Tokyo,2020,100.0,Breaststroke,0,Women,RSA,Tatjana Schoenmaker,65.22,2,0.0,,
Tokyo,2020,200.0,Breaststroke,0,Women,RSA,Tatjana Schoenmaker,138.95,1,0.0,,
Angeles,1932,100.0,Freestyle,0,Men,JPN,Tatsugo Kawaishi,58.6,2,0.0,,
Berlin,1936,100.0,Backstroke,0,Men,USA,Taylor Drysdale,69.4,4,0.0,,
Tokyo,2020,200.0,Backstroke,0,Women,CAN,Taylor Madison Ruck,128.24,4,0.0,,
Amsterdam,1928,200.0,Breaststroke,0,Men,PHI,Teofilo Yldefonso,176.4,3,0.0,,
Angeles,1932,200.0,Breaststroke,0,Men,PHI,Teofilo Yldefonso,167.1,3,1.0,176.4,176.4
Berlin,1936,200.0,Breaststroke,0,Men,PHI,Teofilo Yldefonso,171.1,4,2.0,167.1,171.75
Melbourne,1956,200.0,Breaststroke,0,Men,AUS,Terence Gathercole,158.7,4,0.0,,
Rome,1960,200.0,Breaststroke,0,Men,AUS,Terence Gathercole,160.2,4,1.0,158.7,158.7
Sydney,2000,200.0,Breaststroke,0,Men,RSA,Terence Parkin,132.5,2,0.0,,
Sydney,2000,400.0,Individual medley,0,Men,RSA,Terence Parkin,256.92,4,0.0,,
Athens,2004,200.0,Individual medley,0,Women,GER,Teresa Rohmann,133.699999,4,0.0,,
Tokyo,1964,400.0,Individual medley,0,Men,AUS,Terry Buck,303.0,4,0.0,,
Berlin,1936,200.0,Breaststroke,0,Men,JPN,Tetsuo Hamuro,161.5,1,0.0,,
Helsinki,1952,1500.0,Freestyle,0,Men,BRA,Tetsuo Okamoto,1131.3,3,0.0,,
Stockholm,1912,400.0,Freestyle,0,Men,ANZ,Theo Tartakover,,0,0.0,,
Angeles,1984,100.0,Backstroke,0,Women,USA,Theresa Andrews,62.55,1,0.0,,
Sydney,2000,50.0,Freestyle,0,Women,SWE,Therese Alshammar,24.51,2,0.0,,
Athens,2004,50.0,Freestyle,0,Women,SWE,Therese Alshammar,24.93,4,1.0,24.51,24.51
London,2012,50.0,Freestyle,0,Women,SWE,Therese Alshammar,24.61,4,2.0,24.51,24.72
Sydney,2000,100.0,Freestyle,0,Women,SWE,Therese Alshammar,54.33,2,0.0,,
Tokyo,1964,400.0,Freestyle,0,Women,USA,Therese Lee Stickles,287.2,3,0.0,,
Athens,2004,200.0,Individual medley,0,Men,BRA,Thiago Pereira,120.11,4,0.0,,
Beijing,2008,200.0,Individual medley,0,Men,BRA,Thiago Pereira,118.14,4,1.0,120.11,120.11
London,2012,200.0,Individual medley,0,Men,BRA,Thiago Pereira,116.74,4,2.0,118.14,119.125
Rio,2016,200.0,Individual medley,0,Men,BRA,Thiago Pereira,118.02,4,3.0,116.74,118.33
Beijing,2008,400.0,Individual medley,0,Men,BRA,Thiago Pereira,255.4,4,0.0,,
London,2012,400.0,Individual medley,0,Men,BRA,Thiago Pereira,248.86,2,1.0,255.4,255.4
Tokyo,2020,50.0,Freestyle,0,Men,NED,Thom De Boer,21.79,4,0.0,,
Tokyo,2020,100.0,Backstroke,0,Men,ITA,Thomas Ceccon,52.3,4,0.0,,
Munich,1972,100.0,Breaststroke,0,Men,USA,Thomas Edwin Bruce,65.43,2,0.0,,
Angeles,1984,200.0,Freestyle,0,Men,FRG,Thomas Fahrner,109.69,3,0.0,,
Seoul,1988,200.0,Freestyle,0,Men,FRG,Thomas Fahrner,109.19,4,1.0,109.69,109.69
London,2012,200.0,Freestyle,0,Men,AUS,Thomas Fraser-Holmes,106.93,4,0.0,,
London,2012,400.0,Individual medley,0,Men,AUS,Thomas Fraser-Holmes,253.49,4,0.0,,
Rio,2016,400.0,Individual medley,0,Men,AUS,Thomas Fraser-Holmes,251.9,4,1.0,253.49,253.49
Moscow,1980,200.0,Freestyle,0,Men,SWE,Thomas Lejdstrom,112.94,4,0.0,,
Seoul,1988,50.0,Freestyle,0,Men,USA,Thomas Michael Jager,22.36,2,0.0,,
Barcelona,1992,50.0,Freestyle,0,Men,USA,Thomas Michael Jager,22.3,3,1.0,22.36,22.36
Seoul,1988,100.0,Butterfly,0,Men,CAN,Thomas Ponting,54.09,4,0.0,,
Angeles,1984,200.0,Butterfly,0,Men,CAN,Thomas Ponting,119.37,4,0.0,,
Seoul,1988,200.0,Butterfly,0,Men,CAN,Thomas Ponting,118.91,4,1.0,119.37,119.37
Sydney,2000,100.0,Butterfly,0,Men,GER,Thomas Rupprath,53.13,4,0.0,,
Athens,2004,100.0,Butterfly,0,Men,GER,Thomas Rupprath,52.27,4,1.0,53.13,53.13
Munich,1972,400.0,Freestyle,0,Men,USA,Thomas Sean Mcbreen,242.64,3,0.0,,
Angeles,1984,400.0,Freestyle,0,Women,USA,Tiffany Lisa Cohen,247.1,1,0.0,,
Angeles,1984,800.0,Freestyle,0,Women,USA,Tiffany Lisa Cohen,504.95,1,0.0,,
Montreal,1976,400.0,Freestyle,0,Men,USA,Timothy Andrew Shaw,232.54,2,0.0,,
Barcelona,1992,200.0,Backstroke,0,Men,GER,Tino Weber,119.78,4,0.0,,
Tokyo,2020,200.0,Freestyle,0,Men,GBR,Tom Dean,104.22,1,0.0,,
Atlanta,1996,200.0,Individual medley,0,Men,USA,Tom Dolan,123.89,4,0.0,,
Sydney,2000,200.0,Individual medley,0,Men,USA,Tom Dolan,119.77,2,1.0,123.89,123.89
Atlanta,1996,400.0,Individual medley,0,Men,USA,Tom Dolan,254.9,1,0.0,,
Sydney,2000,400.0,Individual medley,0,Men,USA,Tom Dolan,251.76,1,1.0,254.9,254.9
Atlanta,1996,200.0,Butterfly,0,Men,USA,Tom Malchow,117.44,2,0.0,,
Sydney,2000,200.0,Butterfly,0,Men,USA,Tom Malchow,115.35,1,1.0,117.44,117.44
Athens,2004,200.0,Butterfly,0,Men,USA,Tom Malchow,117.479999,4,2.0,115.35,116.395
Rio,2016,100.0,Butterfly,0,Men,USA,Tom Shields,51.73,4,0.0,,
Sydney,2000,200.0,Individual medley,0,Men,USA,Tom Wilkens,120.87,3,0.0,,
Seoul,1988,100.0,Freestyle,0,Men,SWE,Tommy Werner,50.54,4,0.0,,
Barcelona,1992,100.0,Freestyle,0,Men,SWE,Tommy Werner,49.63,4,1.0,50.54,50.54
Sydney,2000,200.0,Backstroke,0,Women,JPN,Tomoko Hagiwara,131.21,4,0.0,,
Sydney,2000,200.0,Individual medley,0,Women,JPN,Tomoko Hagiwara,135.639999,4,0.0,,
Athens,2004,100.0,Backstroke,0,Men,JPN,Tomomi Morita,54.36,3,0.0,,
Athens,2004,200.0,Backstroke,0,Men,JPN,Tomomi Morita,118.4,4,0.0,,
Tokyo,2020,200.0,Butterfly,0,Men,JPN,Tomoru Honda,113.729999,2,0.0,,
Stockholm,1912,200.0,Breaststroke,0,Men,SWE,Tor Henning,,0,0.0,,
Antwerp,1920,200.0,Breaststroke,0,Men,SWE,Tor Henning,189.2,4,1.0,,
Antwerp,1920,200.0,Breaststroke,0,Men,SWE,Tor Henning,189.2,4,2.0,189.2,189.2
Stockholm,1912,400.0,Breaststroke,0,Men,SWE,Tor Henning,395.6,2,0.0,,
Antwerp,1920,400.0,Breaststroke,0,Men,SWE,Tor Henning,405.2,3,1.0,395.6,395.6
Tokyo,2020,100.0,Butterfly,0,Women,USA,Torri Huske,55.73,4,0.0,,
Angeles,1984,200.0,Backstroke,0,Women,USA,Torri Leigh Trees,135.729999,4,0.0,,
Helsinki,1952,100.0,Freestyle,0,Men,JPN,Toru Goto,58.5,4,0.0,,
Amsterdam,1928,100.0,Backstroke,0,Men,JPN,Toshio Iriye,73.6,4,0.0,,
Angeles,1932,100.0,Backstroke,0,Men,JPN,Toshio Iriye,69.8,2,1.0,73.6,73.6
Berlin,1936,100.0,Backstroke,0,Women,DEN,Tove Brunnstrom Madsen,80.4,4,0.0,,
Rio,2016,200.0,Freestyle,0,Men,USA,Townley Haas,105.58,4,0.0,,
Seoul,1988,100.0,Breaststroke,0,Women,USA,Tracey Mcfarlane,69.6,4,0.0,,
Angeles,1984,100.0,Breaststroke,0,Women,USA,Tracy Anne Caulkins,70.88,4,0.0,,
Angeles,1984,200.0,Individual medley,0,Women,USA,Tracy Anne Caulkins,132.639999,1,0.0,,
Angeles,1984,400.0,Individual medley,0,Women,USA,Tracy Anne Caulkins,279.24,1,0.0,,
Rio,2016,400.0,Individual medley,0,Men,AUS,Travis Mahoney,255.48,4,0.0,,
Athens,2004,400.0,Individual medley,0,Men,AUS,Travis Nederpelt,260.079999,4,0.0,,
Seoul,1988,200.0,Butterfly,0,Women,USA,Trina D. Radke,131.55,4,0.0,,
Atlanta,1996,200.0,Butterfly,0,Women,USA,Trina Jackson,131.96,4,0.0,,
Atlanta,1996,200.0,Freestyle,0,Women,USA,Trina Jackson,119.57,4,0.0,,
Atlanta,1996,100.0,Backstroke,0,Men,USA,Tripp Schwenk,55.3,4,0.0,,
Barcelona,1992,200.0,Backstroke,0,Men,USA,Tripp Schwenk,119.729999,4,0.0,,
Atlanta,1996,200.0,Backstroke,0,Men,USA,Tripp Schwenk,118.99,2,1.0,119.729999,119.729999
Seoul,1988,200.0,Freestyle,0,Men,USA,Troy Dalbey,108.86,4,0.0,,
Angeles,1932,400.0,Freestyle,0,Men,JPN,Tsutomi Oyokota,292.3,3,0.0,,
Melbourne,1956,400.0,Freestyle,0,Men,JPN,Tsuyoshi Yamanaka,270.399999,2,0.0,,
Rome,1960,400.0,Freestyle,0,Men,JPN,Tsuyoshi Yamanaka,261.399999,2,1.0,270.399999,270.399999
Tokyo,1964,400.0,Freestyle,0,Men,JPN,Tsuyoshi Yamanaka,259.1,4,2.0,261.399999,265.899999
Melbourne,1956,1500.0,Freestyle,0,Men,JPN,Tsuyoshi Yamanaka,1080.3,2,0.0,,
Rome,1960,1500.0,Freestyle,0,Men,JPN,Tsuyoshi Yamanaka,1054.7,4,1.0,1080.3,1080.3
Barcelona,1992,100.0,Backstroke,0,Women,HUN,Tunde Szabo,61.14,2,0.0,,
Barcelona,1992,200.0,Backstroke,0,Women,HUN,Tunde Szabo,132.94,4,0.0,,
London,2012,200.0,Backstroke,0,Men,USA,Tyler Clary,113.41,1,0.0,,
London,2012,200.0,Butterfly,0,Men,USA,Tyler Clary,115.06,4,0.0,,
London,2012,100.0,Butterfly,0,Men,USA,Tyler Mcgill,51.88,4,0.0,,
Helsinki,1952,200.0,Breaststroke,0,Women,SWE,Ulla-Britt Eklund,181.8,4,0.0,,
Montreal,1976,100.0,Backstroke,0,Women,GDR,Ulrike Richter,61.83,1,0.0,,
Montreal,1976,200.0,Backstroke,0,Women,GDR,Ulrike Richter,133.43,1,0.0,,
Montreal,1976,200.0,Butterfly,0,Women,GDR,Ulrike Tauber,132.5,2,0.0,,
Montreal,1976,400.0,Individual medley,0,Women,GDR,Ulrike Tauber,282.77,1,0.0,,
Moscow,1980,400.0,Individual medley,0,Women,GDR,Ulrike Tauber,289.18,4,1.0,282.77,282.77
Melbourne,1956,200.0,Breaststroke,0,Women,GER,Ursula Happe-Krey,173.1,1,0.0,,
Tokyo,1964,200.0,Breaststroke,0,Women,GER,Ursula Küper,173.9,4,0.0,,
City,1968,100.0,Breaststroke,0,Women,FRG,Uta Frommater,76.2,4,0.0,,
Moscow,1980,100.0,Breaststroke,0,Women,GDR,Ute Geweniger,70.22,1,0.0,,
Moscow,1980,200.0,Breaststroke,0,Women,GDR,Ute Geweniger,154.34,4,0.0,,
Angeles,1984,200.0,Breaststroke,0,Women,FRG,Ute Hasse,153.82,4,0.0,,
Seoul,1988,400.0,Freestyle,0,Men,GDR,Uwe Dassler,226.95,1,0.0,,
Seoul,1988,1500.0,Freestyle,0,Men,GDR,Uwe Dassler,906.15,3,0.0,,
Tokyo,1964,100.0,Freestyle,0,Men,GER,Uwe Jacobsen,56.1,4,0.0,,
Seoul,1988,200.0,Breaststroke,0,Men,URS,Vadim Alekseyev,136.699999,4,0.0,,
Seoul,1988,100.0,Butterfly,0,Men,URS,Vadim Yaroshchuk,54.6,4,0.0,,
Seoul,1988,200.0,Individual medley,0,Men,URS,Vadim Yaroshchuk,122.4,3,0.0,,
Rome,1960,200.0,Butterfly,0,Men,URS,Valentin Kuzmin,138.9,4,0.0,,
Tokyo,1964,200.0,Butterfly,0,Men,URS,Valentin Kuzmin,131.3,4,1.0,138.9,138.9
City,1968,200.0,Butterfly,0,Men,URS,Valentin Kuzmin,130.6,4,2.0,131.3,135.10000000000002
Seoul,1988,200.0,Breaststroke,0,Men,URS,Valeri Lozik,136.16,4,0.0,,
Helsinki,1952,400.0,Freestyle,0,Women,HUN,Valeria Gyenge,312.1,1,0.0,,
Melbourne,1956,400.0,Freestyle,0,Women,HUN,Valeria Gyenge,321.0,4,1.0,312.1,312.1
Athens,2004,400.0,Individual medley,0,Women,GRE,Vasiliki Angelopoulou,290.85,4,0.0,,
Barcelona,1992,100.0,Breaststroke,0,Men,EUN,Vassili Ivanov,61.87,4,0.0,,
Rome,1960,100.0,Backstroke,0,Men,URS,Veiko Siimar,64.599999,4,0.0,,
London,2012,200.0,Butterfly,0,Men,SRB,Velimir Stjepanovic,115.07,4,0.0,,
Atlanta,1996,100.0,Breaststroke,0,Women,AUT,Vera Lischka,69.24,4,0.0,,
Paris,1924,100.0,Freestyle,0,Women,GBR,Vera Tanner,80.8,4,0.0,,
Amsterdam,1928,400.0,Freestyle,0,Women,GBR,Vera Tanner,371.6,4,0.0,,
Munich,1972,100.0,Breaststroke,0,Women,FRG,Verena (Vreni) Eberle,77.16,4,0.0,,
Tokyo,1964,400.0,Individual medley,0,Women,GER,Veronika Holletz,325.6,4,0.0,,
London,2012,200.0,Freestyle,0,Women,RUS,Veronika Popova,117.25,4,0.0,,
Angeles,1984,100.0,Breaststroke,0,Men,CAN,Victor Davis,61.99,2,0.0,,
Seoul,1988,100.0,Breaststroke,0,Men,CAN,Victor Davis,62.38,4,1.0,61.99,61.99
Angeles,1984,200.0,Breaststroke,0,Men,CAN,Victor Davis,133.34,2,0.0,,
Barcelona,1992,1500.0,Freestyle,0,Men,EUN,Viktor Andreev,933.94,4,0.0,,
Rio,2016,200.0,Butterfly,0,Men,DEN,Viktor Bromer,115.64,4,0.0,,
Moscow,1980,100.0,Backstroke,0,Men,URS,Viktor Kuznetsov,56.99,2,0.0,,
Tokyo,1964,200.0,Backstroke,0,Men,URS,Viktor Mazanov,135.9,4,0.0,,
City,1968,200.0,Butterfly,0,Men,URS,Viktor Sharygin,131.9,4,0.0,,
Rio,2016,200.0,Individual medley,0,Women,RUS,Viktoriya Andreyeva,132.28,4,0.0,,
Melbourne,1956,200.0,Breaststroke,0,Women,YUG,Vinka Jeričević,175.8,4,0.0,,
Antwerp,1920,100.0,Freestyle,0,Women,NZL,Violet Walrond,,5,0.0,,
Melbourne,1956,100.0,Freestyle,0,Women,CAN,Virginia Grant,65.4,4,0.0,,
Tokyo,1964,100.0,Backstroke,0,Women,USA,Virginia Ruth Duenkel,68.0,3,0.0,,
Tokyo,1964,400.0,Freestyle,0,Women,USA,Virginia Ruth Duenkel,283.3,1,0.0,,
Munich,1972,100.0,Freestyle,0,Men,URS,Vladimir Bure,51.77,3,0.0,,
Montreal,1976,100.0,Freestyle,0,Men,URS,Vladimir Bure,52.03,4,1.0,51.77,51.77
Munich,1972,200.0,Freestyle,0,Men,URS,Vladimir Bure,117.24,4,0.0,,
Moscow,1980,100.0,Backstroke,0,Men,URS,Vladimir Dolgov,57.63,3,0.0,,
City,1968,100.0,Breaststroke,0,Men,URS,Vladimir Kosinsky,68.0,2,0.0,,
Tokyo,1964,200.0,Breaststroke,0,Men,URS,Vladimir Kosinsky,158.1,4,0.0,,
City,1968,200.0,Breaststroke,0,Men,URS,Vladimir Kosinsky,149.2,2,1.0,158.1,158.1
Montreal,1976,400.0,Freestyle,0,Men,URS,Vladimir Mikheev,240.79,4,0.0,,
City,1968,100.0,Butterfly,0,Men,URS,Vladimir Nemshilov,58.1,4,0.0,,
Barcelona,1992,200.0,Freestyle,0,Men,EUN,Vladimir Pyshnenko,108.32,4,0.0,,
Montreal,1976,400.0,Freestyle,0,Men,URS,Vladimir Raskatov,235.76,3,0.0,,
Moscow,1980,400.0,Freestyle,0,Men,URS,Vladimir Salnikov,231.31,1,0.0,,
Montreal,1976,1500.0,Freestyle,0,Men,URS,Vladimir Salnikov,929.45,4,0.0,,
Moscow,1980,1500.0,Freestyle,0,Men,URS,Vladimir Salnikov,898.27,1,1.0,929.45,929.45
Seoul,1988,1500.0,Freestyle,0,Men,URS,Vladimir Salnikov,900.4,1,2.0,898.27,913.86
Barcelona,1992,100.0,Backstroke,0,Men,EUN,Vladimir Selkov,55.49,4,0.0,,
Barcelona,1992,200.0,Backstroke,0,Men,EUN,Vladimir Selkov,118.87,2,0.0,,
Moscow,1980,200.0,Backstroke,0,Men,URS,Vladimir Shemetov,123.48,4,0.0,,
Seoul,1988,50.0,Freestyle,0,Men,URS,Vladimir Tkachenko,22.88,4,0.0,,
Barcelona,1992,100.0,Butterfly,0,Men,EUN,Vladislav Kulikov,54.26,4,0.0,,
Atlanta,1996,100.0,Butterfly,0,Men,RUS,Vladislav Kulikov,53.13,3,1.0,54.26,54.26
Athens,2004,100.0,Breaststroke,0,Men,KAZ,Vladislav Polyakov,61.34,4,0.0,,
Athens,2004,200.0,Breaststroke,0,Men,KAZ,Vladislav Polyakov,131.759999,4,0.0,,
City,1968,200.0,Butterfly,0,Men,FRG,Volkert Meeuw,131.5,4,0.0,,
Munich,1972,200.0,Butterfly,0,Men,FRG,Volkert Meeuw,125.57,4,1.0,131.5,131.5
Athens,2004,200.0,Individual medley,0,Men,LTU,Vytautas Janusaitis,121.28,4,0.0,,
Stockholm,1912,200.0,Breaststroke,0,Men,GER,Walter Bathe,181.8,1,0.0,,
Stockholm,1912,400.0,Breaststroke,0,Men,GER,Walter Bathe,389.6,1,0.0,,
Munich,1972,100.0,Breaststroke,0,Men,FRG,Walter Kusch,66.23,4,0.0,,
Montreal,1976,100.0,Breaststroke,0,Men,FRG,Walter Kusch,64.379999,4,1.0,66.23,66.23
Munich,1972,200.0,Breaststroke,0,Men,FRG,Walter Kusch,146.55,4,0.0,,
Montreal,1976,200.0,Breaststroke,0,Men,FRG,Walter Kusch,142.36,4,1.0,146.55,146.55
Amsterdam,1928,100.0,Backstroke,0,Men,USA,Walter Laufer,70.0,2,0.0,,
Amsterdam,1928,100.0,Freestyle,0,Men,USA,Walter Laufer,61.0,3,0.0,,
Amsterdam,1928,100.0,Freestyle,0,Men,CAN,Walter Spence,61.4,4,0.0,,
Amsterdam,1928,200.0,Breaststroke,0,Men,CAN,Walter Spence,177.2,4,0.0,,
London,1948,100.0,Freestyle,0,Men,USA,Walter Stephen Ris,57.3,2,0.0,,
Stockholm,1912,100.0,Freestyle,0,Men,GER,Walther Binner,,0,0.0,,
Stockholm,1912,100.0,Freestyle,0,Men,GER,Walther Ramme,66.4,4,0.0,,
Antwerp,1920,100.0,Backstroke,0,Men,USA,Warren Paoa Kealoha,75.2,2,0.0,,
Paris,1924,100.0,Backstroke,0,Men,USA,Warren Paoa Kealoha,73.2,1,1.0,75.2,75.2
Helsinki,1952,400.0,Freestyle,0,Men,USA,Wayne Richard Moore,280.1,4,0.0,,
Tokyo,1964,200.0,Breaststroke,0,Men,USA,Wayne Robert Anderson,155.0,4,0.0,,
Angeles,1984,1500.0,Freestyle,0,Men,AUS,Wayne Shillington,938.18,4,0.0,,
City,1968,200.0,Backstroke,0,Women,GBR,Wendy Burrell,152.3,4,0.0,,
Munich,1972,100.0,Backstroke,0,Women,CAN,Wendy Cook-Hogg,66.7,4,0.0,,
Montreal,1976,100.0,Backstroke,0,Women,CAN,Wendy Cook-Hogg,63.93,4,1.0,66.7,66.7
Montreal,1976,200.0,Backstroke,0,Women,CAN,Wendy Cook-Hogg,137.95,4,0.0,,
Montreal,1976,800.0,Freestyle,0,Women,USA,Wendy Elizabeth Weinberg,522.6,3,0.0,,
Montreal,1976,100.0,Butterfly,0,Women,USA,Wendy Lansbach Boglioli,61.17,3,0.0,,
Montreal,1976,100.0,Butterfly,0,Women,CAN,Wendy Quirk,61.75,4,0.0,,
Montreal,1976,200.0,Butterfly,0,Women,CAN,Wendy Quirk,133.68,4,0.0,,
Seoul,1988,50.0,Freestyle,0,Women,CHN,Wenyi Yang,25.64,2,0.0,,
Barcelona,1992,50.0,Freestyle,0,Women,CHN,Wenyi Yang,24.79,1,1.0,25.64,25.64
Munich,1972,200.0,Freestyle,0,Men,FRG,Werner Lampe,113.99,3,0.0,,
Munich,1972,400.0,Freestyle,0,Men,FRG,Werner Lampe,246.97,4,0.0,,
Atlanta,1996,100.0,Backstroke,0,Women,USA,Whitney L. Hedgepeth,61.47,2,0.0,,
Atlanta,1996,200.0,Backstroke,0,Women,USA,Whitney L. Hedgepeth,131.979999,2,0.0,,
Seoul,1988,200.0,Individual medley,0,Women,USA,Whitney L. Hedgepeth,137.99,4,0.0,,
Atlanta,1996,400.0,Individual medley,0,Women,USA,Whitney Metzler,286.2,4,0.0,,
Rome,1960,200.0,Breaststroke,0,Men,NED,Wieger Emile Mensonides,159.7,3,0.0,,
Angeles,1932,100.0,Backstroke,0,Women,NED,Willemyntje (Willy) Den Ouden,,0,0.0,,
Angeles,1932,100.0,Freestyle,0,Women,NED,Willemyntje (Willy) Den Ouden,67.8,2,0.0,,
Berlin,1936,100.0,Freestyle,0,Women,NED,Willemyntje (Willy) Den Ouden,67.599999,4,1.0,67.8,67.8
Melbourne,1956,200.0,Butterfly,0,Men,USA,William Albert Jr. Yorzyk,139.3,1,0.0,,
Rome,1960,200.0,Breaststroke,0,Men,USA,William Danforth Mulliken,157.4,1,0.0,,
Antwerp,1920,100.0,Freestyle,0,Men,USA,William Harris,63.0,3,0.0,,
London,1948,100.0,Backstroke,0,Men,GBR,William John Brockway,69.2,4,0.0,,
London,1948,400.0,Freestyle,0,Men,USA,William M. Jr. Smith,281.0,1,0.0,,
Montreal,1976,200.0,Butterfly,0,Men,USA,"William Ronald, Jr. Forrester",119.96,3,0.0,,
Melbourne,1956,1500.0,Freestyle,0,Men,CAN,William Slater,1118.1,4,0.0,,
Melbourne,1956,100.0,Freestyle,0,Men,USA,William Tripp Woolsey,57.6,4,0.0,,
London,1948,1500.0,Freestyle,0,Men,USA,William W.Jr. Heusner,1245.4,4,0.0,,
Tokyo,1964,1500.0,Freestyle,0,Men,USA,William Winfield Farley,1038.2,4,0.0,,
Amsterdam,1928,100.0,Backstroke,0,Women,NED,Willy Den Turk,,0,0.0,,
Stockholm,1912,200.0,Breaststroke,0,Men,GER,Willy Lützow,185.0,2,0.0,,
Stockholm,1912,400.0,Breaststroke,0,Men,GER,Willy Lützow,,0,0.0,,
London,1948,200.0,Breaststroke,0,Men,BRA,Willy Otto Jordan,166.4,4,0.0,,
Sydney,2000,100.0,Freestyle,0,Women,NED,Wilma Van Rijn,55.58,4,0.0,,
Rome,1960,200.0,Breaststroke,0,Women,GER,Wiltrud Urselmann,170.0,2,0.0,,
Paris,1924,200.0,Breaststroke,0,Women,SWE,Wivan Pettersson,217.6,4,0.0,,
Rome,1960,100.0,Backstroke,0,Men,GER,Wolfgang Wagner,63.5,4,0.0,,
Munich,1972,400.0,Individual medley,0,Men,GDR,Wolfram Sperling,280.659999,4,0.0,,
Atlanta,1996,200.0,Individual medley,0,Men,FRA,Xavier Marchand,124.29,4,0.0,,
Sydney,2000,200.0,Individual medley,0,Men,FRA,Xavier Marchand,122.23,4,1.0,124.29,124.29
Moscow,1980,100.0,Butterfly,0,Men,FRA,Xavier Savin,55.66,4,0.0,,
Seoul,1988,100.0,Breaststroke,0,Women,CHN,Xiao-Min Huang,70.53,4,0.0,,
Seoul,1988,200.0,Breaststroke,0,Women,CHN,Xiao-Min Huang,147.49,2,0.0,,
Seoul,1988,100.0,Butterfly,0,Women,CHN,Xiaohong Wang,61.15,4,0.0,,
Barcelona,1992,100.0,Butterfly,0,Women,CHN,Xiaohong Wang,59.1,4,1.0,61.15,61.15
Seoul,1988,200.0,Butterfly,0,Women,CHN,Xiaohong Wang,132.34,4,0.0,,
Barcelona,1992,200.0,Butterfly,0,Women,CHN,Xiaohong Wang,129.009999,2,1.0,132.34,132.34
Beijing,2008,400.0,Individual medley,0,Women,CHN,Xuanxu Li,282.13,4,0.0,,
London,2012,400.0,Individual medley,0,Women,CHN,Xuanxu Li,272.909999,3,1.0,282.13,282.13
Beijing,2008,800.0,Freestyle,0,Women,CHN,Xuanxu Li,506.34,4,0.0,,
Athens,2004,100.0,Breaststroke,0,Women,CHN,Xuejuan Luo,66.64,2,0.0,,
Sydney,2000,200.0,Breaststroke,0,Women,CHN,Xuejuan Luo,147.329999,4,0.0,,
Tokyo,2020,200.0,Backstroke,0,Women,CHN,Xuwei Peng,128.259999,4,0.0,,
Beijing,2008,100.0,Butterfly,0,Women,CHN,Yafei Zhou,57.84,4,0.0,,
London,2012,200.0,Backstroke,0,Men,ISR,Yakov Toumarkin,117.62,4,0.0,,
Atlanta,1996,100.0,Backstroke,0,Women,CHN,Yan Chen,62.5,4,0.0,,
Sydney,2000,200.0,Individual medley,0,Women,UKR,Yana Klochkova,130.68,1,0.0,,
Athens,2004,200.0,Individual medley,0,Women,UKR,Yana Klochkova,131.139999,1,1.0,130.68,130.68
Sydney,2000,400.0,Individual medley,0,Women,UKR,Yana Klochkova,273.59,1,0.0,,
Athens,2004,400.0,Individual medley,0,Women,UKR,Yana Klochkova,274.829999,1,1.0,273.59,273.59
Sydney,2000,800.0,Freestyle,0,Women,UKR,Yana Klochkova,502.66,2,0.0,,
Beijing,2008,400.0,Individual medley,0,Women,RUS,Yana Martynova,280.04,4,0.0,,
London,2012,200.0,Freestyle,0,Men,CHN,Yang Sun,104.93,2,0.0,,
Rio,2016,200.0,Freestyle,0,Men,CHN,Yang Sun,104.65,1,1.0,104.93,104.93
London,2012,400.0,Freestyle,0,Men,CHN,Yang Sun,220.14,1,0.0,,
Rio,2016,400.0,Freestyle,0,Men,CHN,Yang Sun,221.68,2,1.0,220.14,220.14
Beijing,2008,1500.0,Freestyle,0,Men,CHN,Yang Sun,905.12,4,0.0,,
London,2012,1500.0,Freestyle,0,Men,CHN,Yang Sun,871.02,1,1.0,905.12,905.12
London,2012,100.0,Freestyle,0,Men,FRA,Yannick Agnel,47.84,4,0.0,,
London,2012,200.0,Freestyle,0,Men,FRA,Yannick Agnel,103.14,1,0.0,,
Berlin,1936,100.0,Backstroke,0,Men,JPN,Yasuhiko Kojima,70.4,4,0.0,,
Rio,2016,100.0,Breaststroke,0,Men,JPN,Yasuhiro Koseki,59.37,4,0.0,,
Rio,2016,200.0,Breaststroke,0,Men,JPN,Yasuhiro Koseki,127.8,4,0.0,,
Rio,2016,200.0,Breaststroke,0,Men,JPN,Yasuhiro Koseki,127.8,4,1.0,127.8,127.8
Angeles,1932,100.0,Freestyle,0,Men,JPN,Yasuji Mioyazaki,58.2,1,0.0,,
City,1968,200.0,Butterfly,0,Women,JPN,Yasuko Fujii,154.3,4,0.0,,
Sydney,2000,400.0,Individual medley,0,Women,JPN,Yasuko Tajima,275.96,2,0.0,,
Helsinki,1952,1500.0,Freestyle,0,Men,JPN,Yasuo Kitamura,1140.4,4,0.0,,
Rio,2016,200.0,Backstroke,0,Women,CHN,Yaxin Liu,129.03,4,0.0,,
Tokyo,2020,200.0,Backstroke,0,Women,CHN,Yaxin Liu,128.479999,4,1.0,129.03,129.03
Beijing,2008,100.0,Breaststroke,0,Women,CHN,Ye Sun,68.08,4,0.0,,
Barcelona,1992,200.0,Freestyle,0,Men,EUN,Yevgeny Sadovy,106.7,1,0.0,,
Barcelona,1992,400.0,Freestyle,0,Men,EUN,Yevgeny Sadovy,225.0,1,0.0,,
City,1968,100.0,Breaststroke,0,Men,URS,Yevhen Mykhailov,68.4,4,0.0,,
City,1968,200.0,Breaststroke,0,Men,URS,Yevhen Mykhailov,152.8,4,0.0,,
London,2012,100.0,Freestyle,0,Women,CHN,Yi Tang,53.44,3,0.0,,
Rio,2016,200.0,Butterfly,0,Women,CHN,Yilin Zhou,127.37,4,0.0,,
London,2012,200.0,Butterfly,0,Men,CHN,Yin Chen,115.18,4,0.0,,
London,2012,100.0,Butterfly,0,Women,CHN,Ying Lu,56.87,2,0.0,,
Rio,2016,100.0,Butterfly,0,Women,CHN,Ying Lu,56.76,4,1.0,56.87,56.87
Atlanta,1996,50.0,Freestyle,0,Women,CHN,Ying Shan,25.7,4,0.0,,
Beijing,2008,100.0,Freestyle,0,Women,CHN,Yingwen Zhu,54.21,4,0.0,,
Tokyo,2020,200.0,Individual medley,0,Women,CHN,Yiting Yu,129.57,4,0.0,,
Barcelona,1992,100.0,Backstroke,0,Women,JPN,Yoko Koikawa,63.23,4,0.0,,
Moscow,1980,200.0,Backstroke,0,Women,BEL,Yolande Van Der Straeten,135.58,4,0.0,,
Barcelona,1992,50.0,Freestyle,0,Women,CHN,Yong Zhuang,25.08,2,0.0,,
Seoul,1988,100.0,Freestyle,0,Women,CHN,Yong Zhuang,55.47,2,0.0,,
Barcelona,1992,100.0,Freestyle,0,Women,CHN,Yong Zhuang,54.64,1,1.0,55.47,55.47
Athens,2004,400.0,Individual medley,0,Women,KOR,Yoosun Nam,290.35,4,0.0,,
Rome,1960,200.0,Breaststroke,0,Men,JPN,Yoshihiko Osaki,158.0,2,0.0,,
Beijing,2008,200.0,Freestyle,0,Men,JPN,Yoshihiro Okumura,107.14,4,0.0,,
City,1968,200.0,Individual medley,0,Women,JPN,Yoshimi Nishigawa,153.7,4,0.0,,
Munich,1972,200.0,Individual medley,0,Women,JPN,Yoshimi Nishigawa,146.35,4,1.0,153.7,153.7
Helsinki,1952,100.0,Backstroke,0,Men,USA,Yoshinobu Oyakawa,65.4,1,0.0,,
Melbourne,1956,100.0,Backstroke,0,Men,USA,Yoshinobu Oyakawa,66.9,4,1.0,65.4,65.4
Tokyo,1964,200.0,Butterfly,0,Men,JPN,Yoshinori Kadonaga,132.6,4,0.0,,
Amsterdam,1928,200.0,Breaststroke,0,Men,JPN,Yoshiyuki Tsuruta,168.8,1,0.0,,
Angeles,1932,200.0,Breaststroke,0,Men,JPN,Yoshiyuki Tsuruta,165.4,1,1.0,168.8,168.8
London,2012,100.0,Backstroke,0,Women,CHN,Yuanhui Fu,60.5,1,0.0,,
Rio,2016,100.0,Backstroke,0,Women,CHN,Yuanhui Fu,58.76,3,1.0,60.5,60.5
Tokyo,2020,100.0,Butterfly,0,Women,CHN,Yufei Zhang,55.64,2,0.0,,
Rio,2016,200.0,Butterfly,0,Women,CHN,Yufei Zhang,127.4,4,0.0,,
Tokyo,2020,200.0,Butterfly,0,Women,CHN,Yufei Zhang,123.86,1,1.0,127.4,127.4
Tokyo,2020,200.0,Individual medley,0,Women,JPN,Yui Ohashi,128.52,1,0.0,,
Melbourne,1956,1500.0,Freestyle,0,Men,JPN,Yukiyoshi Aoki,1118.3,4,0.0,,
Sydney,2000,200.0,Butterfly,0,Women,JPN,Yuko Nakanishi,129.66,4,0.0,,
Athens,2004,200.0,Butterfly,0,Women,JPN,Yuko Nakanishi,128.039999,3,1.0,129.66,129.66
Beijing,2008,200.0,Butterfly,0,Women,JPN,Yuko Nakanishi,127.32,4,2.0,128.039999,128.8499995
Moscow,1980,200.0,Breaststroke,0,Women,URS,Yulia Bogdanova,152.39,3,0.0,,
Seoul,1988,200.0,Breaststroke,0,Women,URS,Yuliya Bogachova,148.54,4,0.0,,
Beijing,2008,100.0,Breaststroke,0,Women,RUS,Yuliya Efimova,67.43,4,0.0,,
London,2012,100.0,Breaststroke,0,Women,RUS,Yuliya Efimova,66.98,4,1.0,67.43,67.43
Rio,2016,100.0,Breaststroke,0,Women,RUS,Yuliya Efimova,65.5,2,2.0,66.98,67.20500000000001
Tokyo,2020,100.0,Breaststroke,0,Women,ROC,Yuliya Efimova,66.019999,4,3.0,65.5,66.63666666666667
Beijing,2008,200.0,Breaststroke,0,Women,RUS,Yuliya Efimova,143.76,4,0.0,,
London,2012,200.0,Breaststroke,0,Women,RUS,Yuliya Efimova,140.92,3,1.0,143.76,143.76
London,2012,400.0,Freestyle,0,Men,CHN,Yun Hao,226.02,4,0.0,,
Atlanta,1996,200.0,Butterfly,0,Women,CHN,Yun Qu,130.259999,4,0.0,,
Athens,2004,400.0,Freestyle,0,Men,RUS,Yuri Prilukov,226.69,4,0.0,,
Beijing,2008,400.0,Freestyle,0,Men,RUS,Yuri Prilukov,223.97,4,1.0,226.69,226.69
Athens,2004,1500.0,Freestyle,0,Men,RUS,Yuri Prilukov,892.48,4,0.0,,
Beijing,2008,1500.0,Freestyle,0,Men,RUS,Yuri Prilukov,883.21,4,1.0,892.48,892.48
City,1968,100.0,Butterfly,0,Men,URS,Yuri Suzdaltsev,58.8,4,0.0,,
London,2012,400.0,Individual medley,0,Men,JPN,Yuya Horihata,253.3,4,0.0,,
Angeles,1932,400.0,Freestyle,0,Women,FRA,Yvonne Godard,354.4,4,0.0,,
City,1968,100.0,Freestyle,0,Men,USA,Zachary Zorn,53.9,4,0.0,,
City,1968,200.0,Backstroke,0,Women,YUG,Zdenka Gasparac,153.5,4,0.0,,
Angeles,1932,100.0,Freestyle,0,Men,JPN,Zenjiro Takahashi,59.2,4,0.0,,
Stockholm,1912,400.0,Breaststroke,0,Men,AUT,Zeno Von Siengalewicz,,0,0.0,,
Rio,2016,100.0,Butterfly,0,Men,CHN,Zhuhao Li,51.26,4,0.0,,
Tokyo,2020,100.0,Breaststroke,0,Men,CHN,Zibei Yan,58.99,4,0.0,,
Beijing,2008,200.0,Butterfly,0,Women,CHN,Zige Liu,124.18,1,0.0,,
London,2012,200.0,Butterfly,0,Women,CHN,Zige Liu,127.77,4,1.0,124.18,124.18
Rome,1960,100.0,Butterfly,0,Women,URS,Zinaida Belovetskaya,73.3,4,0.0,,
London,1948,100.0,Freestyle,0,Men,HUN,Zoltan Szilard,59.6,4,0.0,,
Munich,1972,200.0,Backstroke,0,Men,HUN,Zoltan Verraszto,130.09,4,0.0,,
Montreal,1976,200.0,Backstroke,0,Men,HUN,Zoltan Verraszto,128.229999,4,1.0,130.09,130.09
Moscow,1980,200.0,Backstroke,0,Men,HUN,Zoltan Verraszto,122.4,2,2.0,128.229999,129.1599995
Moscow,1980,400.0,Individual medley,0,Men,HUN,Zoltan Verraszto,264.24,3,0.0,,
Montreal,1976,1500.0,Freestyle,0,Men,HUN,Zoltan Wladar,945.97,4,0.0,,
Moscow,1980,1500.0,Freestyle,0,Men,HUN,Zoltan Wladar,926.7,4,1.0,945.97,945.97
London,2012,200.0,Butterfly,0,Women,HUN,Zsuzsanna Jakabos,127.33,4,0.0,,
Amsterdam,1928,100.0,Backstroke,0,Men,BEL,Émile Thienpondt,,0,0.0,,
